key,campus,name,use,levels,heightMeters,material,facadeColor,secondaryColor,roof,roofMeters,roofColor,satelliteRoofEvidence,entranceDirection,startDate,signature,features,siteId,confidence,verification,sourceIds,outlineUrl,photoSearch
"relation/10327870","thu","李兆基科技大楼","teaching","10","42","glass","#718d99","#aeb9b6","flat","0","#47545a","esri-thu","","","twin-towers","modern-towers|podium|glass-curtain-wall","90","official","verified-official","osm|esri-world-imagery|thu-map|thu-landscape|thu-planning|thu-gallery|thu-commons","https://www.openstreetmap.org/relation/10327870","https://commons.wikimedia.org/w/index.php?search=%E6%9D%8E%E5%85%86%E5%9F%BA%E7%A7%91%E6%8A%80%E5%A4%A7%E6%A5%BC&title=Special:MediaSearch&type=image"
"relation/11823277","pku","综合科研1号楼（逸夫楼）","dorm","5","17.3","glass","#7896a2","#a7babd","flat","0","#595b4d","esri-pku","","","dormitory","repeated-bays","","estimated","pending-field-check","osm|esri-world-imagery|pku-map|pku-visit|pku-photo|pku-commons","https://www.openstreetmap.org/relation/11823277","https://commons.wikimedia.org/w/index.php?search=%E7%BB%BC%E5%90%88%E7%A7%91%E7%A0%941%E5%8F%B7%E6%A5%BC%EF%BC%88%E9%80%B8%E5%A4%AB%E6%A5%BC%EF%BC%89&title=Special:MediaSearch&type=image"
"relation/11823278","pku","58号楼","dorm","5","17.3","gray-brick","#8b8880","#d6d0bf","flat","0","#4a4c3a","esri-pku","","","dormitory","repeated-bays","","estimated","pending-field-check","osm|esri-world-imagery|pku-map|pku-visit|pku-photo|pku-commons","https://www.openstreetmap.org/relation/11823278","https://commons.wikimedia.org/w/index.php?search=58%E5%8F%B7%E6%A5%BC&title=Special:MediaSearch&type=image"
"relation/11975583","pku","微纳电子大厦","teaching","6","20.7","glass","#7896a2","#a7babd","flat","0","#9d9c89","esri-pku","","","academic","main-entrance","","estimated","pending-field-check","osm|esri-world-imagery|pku-map|pku-visit|pku-photo|pku-commons","https://www.openstreetmap.org/relation/11975583","https://commons.wikimedia.org/w/index.php?search=%E5%BE%AE%E7%BA%B3%E7%94%B5%E5%AD%90%E5%A4%A7%E5%8E%A6&title=Special:MediaSearch&type=image"
"relation/11975584","pku","环境科学与工程学院（刘水楼）","teaching","5","17.3","stone","#b1aa98","#d6d0bf","flat","0","#9a9783","esri-pku","","","academic","main-entrance","","osm","verified-osm","osm|esri-world-imagery|pku-map|pku-visit|pku-photo|pku-commons","https://www.openstreetmap.org/relation/11975584","https://commons.wikimedia.org/w/index.php?search=%E7%8E%AF%E5%A2%83%E7%A7%91%E5%AD%A6%E4%B8%8E%E5%B7%A5%E7%A8%8B%E5%AD%A6%E9%99%A2%EF%BC%88%E5%88%98%E6%B0%B4%E6%A5%BC%EF%BC%89&title=Special:MediaSearch&type=image"
"relation/11975585","pku","理科三号楼","teaching","4","13.8","stone","#b1aa98","#d6d0bf","flat","0","#9a998b","esri-pku","","","academic","main-entrance","17","estimated","pending-field-check","osm|esri-world-imagery|pku-map|pku-visit|pku-photo|pku-commons","https://www.openstreetmap.org/relation/11975585","https://commons.wikimedia.org/w/index.php?search=%E7%90%86%E7%A7%91%E4%B8%89%E5%8F%B7%E6%A5%BC&title=Special:MediaSearch&type=image"
"relation/12815350","pku","燕园21楼","dorm","5","17.3","gray-brick","#8b8880","#d6d0bf","flat","0","#817d66","esri-pku","","","dormitory","repeated-bays","84","estimated","pending-field-check","osm|esri-world-imagery|pku-map|pku-visit|pku-photo|pku-commons","https://www.openstreetmap.org/relation/12815350","https://commons.wikimedia.org/w/index.php?search=%E7%87%95%E5%9B%AD21%E6%A5%BC&title=Special:MediaSearch&type=image"
"relation/12815351","pku","燕园19楼","dorm","5","17.3","gray-brick","#8b8880","#d6d0bf","flat","0","#a5a18d","esri-pku","","","dormitory","repeated-bays","85","estimated","pending-field-check","osm|esri-world-imagery|pku-map|pku-visit|pku-photo|pku-commons","https://www.openstreetmap.org/relation/12815351","https://commons.wikimedia.org/w/index.php?search=%E7%87%95%E5%9B%AD19%E6%A5%BC&title=Special:MediaSearch&type=image"
"relation/12815352","pku","燕园22楼","dorm","5","17.3","gray-brick","#8b8880","#d6d0bf","flat","0","#a19c89","esri-pku","","","dormitory","repeated-bays","86","estimated","pending-field-check","osm|esri-world-imagery|pku-map|pku-visit|pku-photo|pku-commons","https://www.openstreetmap.org/relation/12815352","https://commons.wikimedia.org/w/index.php?search=%E7%87%95%E5%9B%AD22%E6%A5%BC&title=Special:MediaSearch&type=image"
"relation/12815353","pku","燕园24楼","dorm","5","17.3","gray-brick","#8b8880","#d6d0bf","flat","0","#585842","esri-pku","","","dormitory","repeated-bays","87","estimated","pending-field-check","osm|esri-world-imagery|pku-map|pku-visit|pku-photo|pku-commons","https://www.openstreetmap.org/relation/12815353","https://commons.wikimedia.org/w/index.php?search=%E7%87%95%E5%9B%AD24%E6%A5%BC&title=Special:MediaSearch&type=image"
"relation/12815354","pku","燕园20楼","dorm","5","17.3","gray-brick","#8b8880","#d6d0bf","flat","0","#5f5e48","esri-pku","","","dormitory","repeated-bays","88","estimated","pending-field-check","osm|esri-world-imagery|pku-map|pku-visit|pku-photo|pku-commons","https://www.openstreetmap.org/relation/12815354","https://commons.wikimedia.org/w/index.php?search=%E7%87%95%E5%9B%AD20%E6%A5%BC&title=Special:MediaSearch&type=image"
"relation/12815355","pku","燕园23楼","dorm","5","17.3","gray-brick","#8b8880","#d6d0bf","flat","0","#5b5c4c","esri-pku","","","dormitory","repeated-bays","89","estimated","pending-field-check","osm|esri-world-imagery|pku-map|pku-visit|pku-photo|pku-commons","https://www.openstreetmap.org/relation/12815355","https://commons.wikimedia.org/w/index.php?search=%E7%87%95%E5%9B%AD23%E6%A5%BC&title=Special:MediaSearch&type=image"
"relation/13059307","pku","北京大学数学科学学院（理科一号楼）","teaching","6","20.7","stone","#b1aa98","#d6d0bf","flat","0","#6d6a59","esri-pku","","","academic","main-entrance","15","estimated","pending-field-check","osm|esri-world-imagery|pku-map|pku-visit|pku-photo|pku-commons","https://www.openstreetmap.org/relation/13059307","https://commons.wikimedia.org/w/index.php?search=%E5%8C%97%E4%BA%AC%E5%A4%A7%E5%AD%A6%E6%95%B0%E5%AD%A6%E7%A7%91%E5%AD%A6%E5%AD%A6%E9%99%A2%EF%BC%88%E7%90%86%E7%A7%91%E4%B8%80%E5%8F%B7%E6%A5%BC%EF%BC%89&title=Special:MediaSearch&type=image"
"relation/13059308","pku","生命科学学院大楼","teaching","6","20.7","stone","#b1aa98","#d6d0bf","flat","0","#5b5b4c","esri-pku","","","academic","main-entrance","","estimated","pending-field-check","osm|esri-world-imagery|pku-map|pku-visit|pku-photo|pku-commons","https://www.openstreetmap.org/relation/13059308","https://commons.wikimedia.org/w/index.php?search=%E7%94%9F%E5%91%BD%E7%A7%91%E5%AD%A6%E5%AD%A6%E9%99%A2%E5%A4%A7%E6%A5%BC&title=Special:MediaSearch&type=image"
"relation/13059309","pku","北京大学校医院","hospital","6","20.7","stone","#b1aa98","#d6d0bf","flat","0","#908c77","esri-pku","","","academic","main-entrance","","estimated","pending-field-check","osm|esri-world-imagery|pku-map|pku-visit|pku-photo|pku-commons","https://www.openstreetmap.org/relation/13059309","https://commons.wikimedia.org/w/index.php?search=%E5%8C%97%E4%BA%AC%E5%A4%A7%E5%AD%A6%E6%A0%A1%E5%8C%BB%E9%99%A2&title=Special:MediaSearch&type=image"
"relation/13068022","pku","光华管理学院1号楼","dorm","5","17.3","gray-brick","#8b8880","#d6d0bf","flat","0","#51574d","esri-pku","","","dormitory","repeated-bays","","estimated","pending-field-check","osm|esri-world-imagery|pku-map|pku-visit|pku-photo|pku-commons","https://www.openstreetmap.org/relation/13068022","https://commons.wikimedia.org/w/index.php?search=%E5%85%89%E5%8D%8E%E7%AE%A1%E7%90%86%E5%AD%A6%E9%99%A21%E5%8F%B7%E6%A5%BC&title=Special:MediaSearch&type=image"
"relation/13259482","pku","吕志和楼","teaching","4","13.8","stone","#b1aa98","#d6d0bf","flat","0","#76796a","esri-pku","","","academic","main-entrance","","estimated","pending-field-check","osm|esri-world-imagery|pku-map|pku-visit|pku-photo|pku-commons","https://www.openstreetmap.org/relation/13259482","https://commons.wikimedia.org/w/index.php?search=%E5%90%95%E5%BF%97%E5%92%8C%E6%A5%BC&title=Special:MediaSearch&type=image"
"relation/13259483","pku","顾颉刚故居","teaching","4","13.8","stone","#b1aa98","#d6d0bf","flat","0","#54523e","esri-pku","","","academic","main-entrance","","estimated","pending-field-check","osm|esri-world-imagery|pku-map|pku-visit|pku-photo|pku-commons","https://www.openstreetmap.org/relation/13259483","https://commons.wikimedia.org/w/index.php?search=%E9%A1%BE%E9%A2%89%E5%88%9A%E6%95%85%E5%B1%85&title=Special:MediaSearch&type=image"
"relation/13281267","pku","全斋","teaching","4","13.8","red-brick","#8b5a49","#d2c5ab","flat","0","#464c41","esri-pku","","","academic","main-entrance","","estimated","pending-field-check","osm|esri-world-imagery|pku-map|pku-visit|pku-photo|pku-commons","https://www.openstreetmap.org/relation/13281267","https://commons.wikimedia.org/w/index.php?search=%E5%85%A8%E6%96%8B&title=Special:MediaSearch&type=image"
"relation/14320160","pku","未命名校园建筑 relation/14320160","teaching","4","13.8","gray-brick","#8b8880","#d6d0bf","flat","0","#494c3c","esri-pku","","","academic","main-entrance","","estimated","pending-field-check","osm|esri-world-imagery|pku-map|pku-visit|pku-photo|pku-commons","https://www.openstreetmap.org/relation/14320160","https://commons.wikimedia.org/w/index.php?search=%E6%9C%AA%E5%91%BD%E5%90%8D%E6%A0%A1%E5%9B%AD%E5%BB%BA%E7%AD%91%20relation%2F14320160&title=Special:MediaSearch&type=image"
"relation/14320161","pku","教育基金会","teaching","4","13.8","stone","#b1aa98","#d6d0bf","flat","0","#434c3a","esri-pku","","","academic","main-entrance","","estimated","pending-field-check","osm|esri-world-imagery|pku-map|pku-visit|pku-photo|pku-commons","https://www.openstreetmap.org/relation/14320161","https://commons.wikimedia.org/w/index.php?search=%E6%95%99%E8%82%B2%E5%9F%BA%E9%87%91%E4%BC%9A&title=Special:MediaSearch&type=image"
"relation/14962080","pku","未命名校园建筑 relation/14962080","teaching","4","13.8","gray-brick","#8b8880","#d6d0bf","flat","0","#6c6a5b","esri-pku","","","academic","main-entrance","","estimated","pending-field-check","osm|esri-world-imagery|pku-map|pku-visit|pku-photo|pku-commons","https://www.openstreetmap.org/relation/14962080","https://commons.wikimedia.org/w/index.php?search=%E6%9C%AA%E5%91%BD%E5%90%8D%E6%A0%A1%E5%9B%AD%E5%BB%BA%E7%AD%91%20relation%2F14962080&title=Special:MediaSearch&type=image"
"relation/14962081","pku","理科二号楼","teaching","4","13.8","stone","#b1aa98","#d6d0bf","flat","0","#686454","esri-pku","","","academic","main-entrance","16","estimated","pending-field-check","osm|esri-world-imagery|pku-map|pku-visit|pku-photo|pku-commons","https://www.openstreetmap.org/relation/14962081","https://commons.wikimedia.org/w/index.php?search=%E7%90%86%E7%A7%91%E4%BA%8C%E5%8F%B7%E6%A5%BC&title=Special:MediaSearch&type=image"
"relation/15536989","thu","Future Internet Technology (FIT)","teaching","6","20.7","red-brick","#8b5a49","#d2c5ab","flat","0","#7a7b6a","esri-thu","","","academic","main-entrance","","osm","verified-osm","osm|esri-world-imagery|thu-map|thu-landscape|thu-planning|thu-gallery|thu-commons","https://www.openstreetmap.org/relation/15536989","https://commons.wikimedia.org/w/index.php?search=Future%20Internet%20Technology%20(FIT)&title=Special:MediaSearch&type=image"
"relation/15774593","thu","苏世民书院","teaching","4","13.8","red-brick","#8b5a49","#d2c5ab","flat","0","#4d5245","esri-thu","","","academic","main-entrance","","estimated","pending-field-check","osm|esri-world-imagery|thu-map|thu-landscape|thu-planning|thu-gallery|thu-commons","https://www.openstreetmap.org/relation/15774593","https://commons.wikimedia.org/w/index.php?search=%E8%8B%8F%E4%B8%96%E6%B0%91%E4%B9%A6%E9%99%A2&title=Special:MediaSearch&type=image"
"relation/18997426","thu","未命名校园建筑 relation/18997426","teaching","4","13.8","gray-brick","#8b8880","#d6d0bf","flat","0","#6e6955","esri-thu","","","academic","main-entrance","","estimated","pending-field-check","osm|esri-world-imagery|thu-map|thu-landscape|thu-planning|thu-gallery|thu-commons","https://www.openstreetmap.org/relation/18997426","https://commons.wikimedia.org/w/index.php?search=%E6%9C%AA%E5%91%BD%E5%90%8D%E6%A0%A1%E5%9B%AD%E5%BB%BA%E7%AD%91%20relation%2F18997426&title=Special:MediaSearch&type=image"
"relation/19719020","thu","美术学院大楼","teaching","6","20.7","red-brick","#8b5a49","#d2c5ab","flat","0","#5c675d","esri-thu","","","academic","main-entrance","91","estimated","pending-field-check","osm|esri-world-imagery|thu-map|thu-landscape|thu-planning|thu-gallery|thu-commons","https://www.openstreetmap.org/relation/19719020","https://commons.wikimedia.org/w/index.php?search=%E7%BE%8E%E6%9C%AF%E5%AD%A6%E9%99%A2%E5%A4%A7%E6%A5%BC&title=Special:MediaSearch&type=image"
"relation/20710857","thu","理科楼","teaching","4","13.8","red-brick","#8b5a49","#d2c5ab","flat","0","#737660","esri-thu","","","academic","main-entrance","92","estimated","pending-field-check","osm|esri-world-imagery|thu-map|thu-landscape|thu-planning|thu-gallery|thu-commons","https://www.openstreetmap.org/relation/20710857","https://commons.wikimedia.org/w/index.php?search=%E7%90%86%E7%A7%91%E6%A5%BC&title=Special:MediaSearch&type=image"
"relation/20779764","thu","逸夫馆","teaching","4","13.8","red-brick","#8b5a49","#d2c5ab","flat","0","#6f6d57","esri-thu","","","academic","main-entrance","","estimated","pending-field-check","osm|esri-world-imagery|thu-map|thu-landscape|thu-planning|thu-gallery|thu-commons","https://www.openstreetmap.org/relation/20779764","https://commons.wikimedia.org/w/index.php?search=%E9%80%B8%E5%A4%AB%E9%A6%86&title=Special:MediaSearch&type=image"
"relation/20779765","thu","老图书馆","teaching","3","17","red-brick","#814438","#d9d1bf","flat","0","#514a42","esri-thu","180","","historic-library","library-wings|arched-windows|stone-bands","43","official","verified-official","osm|esri-world-imagery|thu-map|thu-landscape|thu-planning|thu-gallery|thu-commons","https://www.openstreetmap.org/relation/20779765","https://commons.wikimedia.org/w/index.php?search=%E8%80%81%E5%9B%BE%E4%B9%A6%E9%A6%86&title=Special:MediaSearch&type=image"
"relation/20823205","thu","清华大学物理楼","teaching","4","13.8","red-brick","#8b5a49","#d2c5ab","flat","0","#807e6d","esri-thu","","","academic","main-entrance","93","osm","verified-osm","osm|esri-world-imagery|thu-map|thu-landscape|thu-planning|thu-gallery|thu-commons","https://www.openstreetmap.org/relation/20823205","https://commons.wikimedia.org/w/index.php?search=%E6%B8%85%E5%8D%8E%E5%A4%A7%E5%AD%A6%E7%89%A9%E7%90%86%E6%A5%BC&title=Special:MediaSearch&type=image"
"relation/3249649","pku","北京大学图书馆","teaching","5","25","stone","#aaa596","#ddd5bf","flat","0","#45524f","esri-pku","270","","pku-library","three-part-library|sweeping-eaves|grand-stairs","2","official","verified-official","osm|esri-world-imagery|pku-map|pku-visit|pku-photo|pku-commons|pku-library|pku-heritage","https://www.openstreetmap.org/relation/3249649","https://commons.wikimedia.org/w/index.php?search=%E5%8C%97%E4%BA%AC%E5%A4%A7%E5%AD%A6%E5%9B%BE%E4%B9%A6%E9%A6%86&title=Special:MediaSearch&type=image"
"relation/3249764","pku","理科五号楼","teaching","4","13.8","stone","#b1aa98","#d6d0bf","flat","0","#848170","esri-pku","","","academic","main-entrance","","estimated","pending-field-check","osm|esri-world-imagery|pku-map|pku-visit|pku-photo|pku-commons","https://www.openstreetmap.org/relation/3249764","https://commons.wikimedia.org/w/index.php?search=%E7%90%86%E7%A7%91%E4%BA%94%E5%8F%B7%E6%A5%BC&title=Special:MediaSearch&type=image"
"way/1009051995","pku","中水站","teaching","4","13.8","stone","#b1aa98","#d6d0bf","flat","0","#70725a","esri-pku","","","academic","main-entrance","","estimated","pending-field-check","osm|esri-world-imagery|pku-map|pku-visit|pku-photo|pku-commons","https://www.openstreetmap.org/way/1009051995","https://commons.wikimedia.org/w/index.php?search=%E4%B8%AD%E6%B0%B4%E7%AB%99&title=Special:MediaSearch&type=image"
"way/1009051996","pku","未命名校园建筑 way/1009051996","teaching","4","13.8","gray-brick","#8b8880","#d6d0bf","flat","0","#5c5e4c","esri-pku","","","academic","main-entrance","","estimated","pending-field-check","osm|esri-world-imagery|pku-map|pku-visit|pku-photo|pku-commons","https://www.openstreetmap.org/way/1009051996","https://commons.wikimedia.org/w/index.php?search=%E6%9C%AA%E5%91%BD%E5%90%8D%E6%A0%A1%E5%9B%AD%E5%BB%BA%E7%AD%91%20way%2F1009051996&title=Special:MediaSearch&type=image"
"way/1009051997","pku","未命名校园建筑 way/1009051997","teaching","4","13.8","gray-brick","#8b8880","#d6d0bf","flat","0","#a09c89","esri-pku","","","academic","main-entrance","","estimated","pending-field-check","osm|esri-world-imagery|pku-map|pku-visit|pku-photo|pku-commons","https://www.openstreetmap.org/way/1009051997","https://commons.wikimedia.org/w/index.php?search=%E6%9C%AA%E5%91%BD%E5%90%8D%E6%A0%A1%E5%9B%AD%E5%BB%BA%E7%AD%91%20way%2F1009051997&title=Special:MediaSearch&type=image"
"way/1009051998","pku","考古文博学院","teaching","6","20.7","stone","#b1aa98","#d6d0bf","flat","0","#79745f","esri-pku","","","academic","main-entrance","","estimated","pending-field-check","osm|esri-world-imagery|pku-map|pku-visit|pku-photo|pku-commons","https://www.openstreetmap.org/way/1009051998","https://commons.wikimedia.org/w/index.php?search=%E8%80%83%E5%8F%A4%E6%96%87%E5%8D%9A%E5%AD%A6%E9%99%A2&title=Special:MediaSearch&type=image"
"way/1009051999","pku","未命名校园建筑 way/1009051999","teaching","4","13.8","gray-brick","#8b8880","#d6d0bf","flat","0","#494c2d","esri-pku","","","academic","main-entrance","","estimated","pending-field-check","osm|esri-world-imagery|pku-map|pku-visit|pku-photo|pku-commons","https://www.openstreetmap.org/way/1009051999","https://commons.wikimedia.org/w/index.php?search=%E6%9C%AA%E5%91%BD%E5%90%8D%E6%A0%A1%E5%9B%AD%E5%BB%BA%E7%AD%91%20way%2F1009051999&title=Special:MediaSearch&type=image"
"way/1009052000","pku","未命名校园建筑 way/1009052000","teaching","4","13.8","gray-brick","#8b8880","#d6d0bf","flat","0","#a9a289","esri-pku","","","academic","main-entrance","","estimated","pending-field-check","osm|esri-world-imagery|pku-map|pku-visit|pku-photo|pku-commons","https://www.openstreetmap.org/way/1009052000","https://commons.wikimedia.org/w/index.php?search=%E6%9C%AA%E5%91%BD%E5%90%8D%E6%A0%A1%E5%9B%AD%E5%BB%BA%E7%AD%91%20way%2F1009052000&title=Special:MediaSearch&type=image"
"way/1009052001","pku","实验动物中心B座","teaching","6","20.7","glass","#7896a2","#a7babd","flat","0","#565d4f","esri-pku","","","academic","main-entrance","","estimated","pending-field-check","osm|esri-world-imagery|pku-map|pku-visit|pku-photo|pku-commons","https://www.openstreetmap.org/way/1009052001","https://commons.wikimedia.org/w/index.php?search=%E5%AE%9E%E9%AA%8C%E5%8A%A8%E7%89%A9%E4%B8%AD%E5%BF%83B%E5%BA%A7&title=Special:MediaSearch&type=image"
"way/1009052002","pku","未命名校园建筑 way/1009052002","teaching","4","13.8","gray-brick","#8b8880","#d6d0bf","flat","0","#4b4c39","esri-pku","","","academic","main-entrance","","estimated","pending-field-check","osm|esri-world-imagery|pku-map|pku-visit|pku-photo|pku-commons","https://www.openstreetmap.org/way/1009052002","https://commons.wikimedia.org/w/index.php?search=%E6%9C%AA%E5%91%BD%E5%90%8D%E6%A0%A1%E5%9B%AD%E5%BB%BA%E7%AD%91%20way%2F1009052002&title=Special:MediaSearch&type=image"
"way/1009052003","pku","未命名校园建筑 way/1009052003","teaching","4","13.8","gray-brick","#8b8880","#d6d0bf","flat","0","#65614a","esri-pku","","","academic","main-entrance","","estimated","pending-field-check","osm|esri-world-imagery|pku-map|pku-visit|pku-photo|pku-commons","https://www.openstreetmap.org/way/1009052003","https://commons.wikimedia.org/w/index.php?search=%E6%9C%AA%E5%91%BD%E5%90%8D%E6%A0%A1%E5%9B%AD%E5%BB%BA%E7%AD%91%20way%2F1009052003&title=Special:MediaSearch&type=image"
"way/1009052004","pku","未命名校园建筑 way/1009052004","teaching","4","13.8","gray-brick","#8b8880","#d6d0bf","flat","0","#616453","esri-pku","","","academic","main-entrance","","estimated","pending-field-check","osm|esri-world-imagery|pku-map|pku-visit|pku-photo|pku-commons","https://www.openstreetmap.org/way/1009052004","https://commons.wikimedia.org/w/index.php?search=%E6%9C%AA%E5%91%BD%E5%90%8D%E6%A0%A1%E5%9B%AD%E5%BB%BA%E7%AD%91%20way%2F1009052004&title=Special:MediaSearch&type=image"
"way/1009052005","pku","未命名校园建筑 way/1009052005","teaching","4","13.8","gray-brick","#8b8880","#d6d0bf","flat","0","#464c42","esri-pku","","","academic","main-entrance","","estimated","pending-field-check","osm|esri-world-imagery|pku-map|pku-visit|pku-photo|pku-commons","https://www.openstreetmap.org/way/1009052005","https://commons.wikimedia.org/w/index.php?search=%E6%9C%AA%E5%91%BD%E5%90%8D%E6%A0%A1%E5%9B%AD%E5%BB%BA%E7%AD%91%20way%2F1009052005&title=Special:MediaSearch&type=image"
"way/1009052006","pku","未命名校园建筑 way/1009052006","teaching","4","13.8","gray-brick","#8b8880","#d6d0bf","flat","0","#566152","esri-pku","","","academic","main-entrance","","estimated","pending-field-check","osm|esri-world-imagery|pku-map|pku-visit|pku-photo|pku-commons","https://www.openstreetmap.org/way/1009052006","https://commons.wikimedia.org/w/index.php?search=%E6%9C%AA%E5%91%BD%E5%90%8D%E6%A0%A1%E5%9B%AD%E5%BB%BA%E7%AD%91%20way%2F1009052006&title=Special:MediaSearch&type=image"
"way/1009052008","pku","未命名校园建筑 way/1009052008","teaching","4","13.8","gray-brick","#8b8880","#d6d0bf","flat","0","#777b78","","","","academic","main-entrance","","estimated","pending-field-check","osm|esri-world-imagery|pku-map|pku-visit|pku-photo|pku-commons","https://www.openstreetmap.org/way/1009052008","https://commons.wikimedia.org/w/index.php?search=%E6%9C%AA%E5%91%BD%E5%90%8D%E6%A0%A1%E5%9B%AD%E5%BB%BA%E7%AD%91%20way%2F1009052008&title=Special:MediaSearch&type=image"
"way/1009052009","pku","未命名校园建筑 way/1009052009","teaching","4","13.8","gray-brick","#8b8880","#d6d0bf","flat","0","#777b78","","","","academic","main-entrance","","estimated","pending-field-check","osm|esri-world-imagery|pku-map|pku-visit|pku-photo|pku-commons","https://www.openstreetmap.org/way/1009052009","https://commons.wikimedia.org/w/index.php?search=%E6%9C%AA%E5%91%BD%E5%90%8D%E6%A0%A1%E5%9B%AD%E5%BB%BA%E7%AD%91%20way%2F1009052009&title=Special:MediaSearch&type=image"
"way/1009052010","pku","未命名校园建筑 way/1009052010","teaching","4","13.8","gray-brick","#8b8880","#d6d0bf","flat","0","#454c36","esri-pku","","","academic","main-entrance","","estimated","pending-field-check","osm|esri-world-imagery|pku-map|pku-visit|pku-photo|pku-commons","https://www.openstreetmap.org/way/1009052010","https://commons.wikimedia.org/w/index.php?search=%E6%9C%AA%E5%91%BD%E5%90%8D%E6%A0%A1%E5%9B%AD%E5%BB%BA%E7%AD%91%20way%2F1009052010&title=Special:MediaSearch&type=image"
"way/1009052011","pku","未命名校园建筑 way/1009052011","teaching","4","13.8","gray-brick","#8b8880","#d6d0bf","flat","0","#737766","esri-pku","","","academic","main-entrance","","estimated","pending-field-check","osm|esri-world-imagery|pku-map|pku-visit|pku-photo|pku-commons","https://www.openstreetmap.org/way/1009052011","https://commons.wikimedia.org/w/index.php?search=%E6%9C%AA%E5%91%BD%E5%90%8D%E6%A0%A1%E5%9B%AD%E5%BB%BA%E7%AD%91%20way%2F1009052011&title=Special:MediaSearch&type=image"
"way/1009052012","pku","未命名校园建筑 way/1009052012","teaching","4","13.8","gray-brick","#8b8880","#d6d0bf","flat","0","#9d9781","esri-pku","","","academic","main-entrance","","estimated","pending-field-check","osm|esri-world-imagery|pku-map|pku-visit|pku-photo|pku-commons","https://www.openstreetmap.org/way/1009052012","https://commons.wikimedia.org/w/index.php?search=%E6%9C%AA%E5%91%BD%E5%90%8D%E6%A0%A1%E5%9B%AD%E5%BB%BA%E7%AD%91%20way%2F1009052012&title=Special:MediaSearch&type=image"
"way/1009052013","pku","未命名校园建筑 way/1009052013","teaching","4","13.8","gray-brick","#8b8880","#d6d0bf","flat","0","#3d4c2d","esri-pku","","","academic","main-entrance","","estimated","pending-field-check","osm|esri-world-imagery|pku-map|pku-visit|pku-photo|pku-commons","https://www.openstreetmap.org/way/1009052013","https://commons.wikimedia.org/w/index.php?search=%E6%9C%AA%E5%91%BD%E5%90%8D%E6%A0%A1%E5%9B%AD%E5%BB%BA%E7%AD%91%20way%2F1009052013&title=Special:MediaSearch&type=image"
"way/1009052014","pku","未命名校园建筑 way/1009052014","teaching","4","13.8","gray-brick","#8b8880","#d6d0bf","flat","0","#777b78","","","","academic","main-entrance","","estimated","pending-field-check","osm|esri-world-imagery|pku-map|pku-visit|pku-photo|pku-commons","https://www.openstreetmap.org/way/1009052014","https://commons.wikimedia.org/w/index.php?search=%E6%9C%AA%E5%91%BD%E5%90%8D%E6%A0%A1%E5%9B%AD%E5%BB%BA%E7%AD%91%20way%2F1009052014&title=Special:MediaSearch&type=image"
"way/1009052015","pku","未命名校园建筑 way/1009052015","teaching","4","13.8","gray-brick","#8b8880","#d6d0bf","flat","0","#777b78","","","","academic","main-entrance","","estimated","pending-field-check","osm|esri-world-imagery|pku-map|pku-visit|pku-photo|pku-commons","https://www.openstreetmap.org/way/1009052015","https://commons.wikimedia.org/w/index.php?search=%E6%9C%AA%E5%91%BD%E5%90%8D%E6%A0%A1%E5%9B%AD%E5%BB%BA%E7%AD%91%20way%2F1009052015&title=Special:MediaSearch&type=image"
"way/1009052016","pku","未命名校园建筑 way/1009052016","teaching","4","13.8","gray-brick","#8b8880","#d6d0bf","flat","0","#95927e","esri-pku","","","academic","main-entrance","","estimated","pending-field-check","osm|esri-world-imagery|pku-map|pku-visit|pku-photo|pku-commons","https://www.openstreetmap.org/way/1009052016","https://commons.wikimedia.org/w/index.php?search=%E6%9C%AA%E5%91%BD%E5%90%8D%E6%A0%A1%E5%9B%AD%E5%BB%BA%E7%AD%91%20way%2F1009052016&title=Special:MediaSearch&type=image"
"way/1009052017","pku","未命名校园建筑 way/1009052017","teaching","4","13.8","gray-brick","#8b8880","#d6d0bf","flat","0","#575b4b","esri-pku","","","academic","main-entrance","","estimated","pending-field-check","osm|esri-world-imagery|pku-map|pku-visit|pku-photo|pku-commons","https://www.openstreetmap.org/way/1009052017","https://commons.wikimedia.org/w/index.php?search=%E6%9C%AA%E5%91%BD%E5%90%8D%E6%A0%A1%E5%9B%AD%E5%BB%BA%E7%AD%91%20way%2F1009052017&title=Special:MediaSearch&type=image"
"way/1009052018","pku","未命名校园建筑 way/1009052018","teaching","4","13.8","gray-brick","#8b8880","#d6d0bf","flat","0","#81856f","esri-pku","","","academic","main-entrance","","estimated","pending-field-check","osm|esri-world-imagery|pku-map|pku-visit|pku-photo|pku-commons","https://www.openstreetmap.org/way/1009052018","https://commons.wikimedia.org/w/index.php?search=%E6%9C%AA%E5%91%BD%E5%90%8D%E6%A0%A1%E5%9B%AD%E5%BB%BA%E7%AD%91%20way%2F1009052018&title=Special:MediaSearch&type=image"
"way/1009052019","pku","未命名校园建筑 way/1009052019","teaching","4","13.8","gray-brick","#8b8880","#d6d0bf","flat","0","#84795c","esri-pku","","","academic","main-entrance","","estimated","pending-field-check","osm|esri-world-imagery|pku-map|pku-visit|pku-photo|pku-commons","https://www.openstreetmap.org/way/1009052019","https://commons.wikimedia.org/w/index.php?search=%E6%9C%AA%E5%91%BD%E5%90%8D%E6%A0%A1%E5%9B%AD%E5%BB%BA%E7%AD%91%20way%2F1009052019&title=Special:MediaSearch&type=image"
"way/1009052021","pku","未命名校园建筑 way/1009052021","teaching","4","13.8","gray-brick","#8b8880","#d6d0bf","flat","0","#777b78","","","","academic","main-entrance","","estimated","pending-field-check","osm|esri-world-imagery|pku-map|pku-visit|pku-photo|pku-commons","https://www.openstreetmap.org/way/1009052021","https://commons.wikimedia.org/w/index.php?search=%E6%9C%AA%E5%91%BD%E5%90%8D%E6%A0%A1%E5%9B%AD%E5%BB%BA%E7%AD%91%20way%2F1009052021&title=Special:MediaSearch&type=image"
"way/1009052022","pku","未命名校园建筑 way/1009052022","teaching","4","13.8","gray-brick","#8b8880","#d6d0bf","flat","0","#777b78","","","","academic","main-entrance","","estimated","pending-field-check","osm|esri-world-imagery|pku-map|pku-visit|pku-photo|pku-commons","https://www.openstreetmap.org/way/1009052022","https://commons.wikimedia.org/w/index.php?search=%E6%9C%AA%E5%91%BD%E5%90%8D%E6%A0%A1%E5%9B%AD%E5%BB%BA%E7%AD%91%20way%2F1009052022&title=Special:MediaSearch&type=image"
"way/1009052023","pku","未命名校园建筑 way/1009052023","teaching","4","13.8","gray-brick","#8b8880","#d6d0bf","flat","0","#777b78","","","","academic","main-entrance","","estimated","pending-field-check","osm|esri-world-imagery|pku-map|pku-visit|pku-photo|pku-commons","https://www.openstreetmap.org/way/1009052023","https://commons.wikimedia.org/w/index.php?search=%E6%9C%AA%E5%91%BD%E5%90%8D%E6%A0%A1%E5%9B%AD%E5%BB%BA%E7%AD%91%20way%2F1009052023&title=Special:MediaSearch&type=image"
"way/1009052024","pku","未命名校园建筑 way/1009052024","teaching","4","13.8","gray-brick","#8b8880","#d6d0bf","flat","0","#464c40","esri-pku","","","academic","main-entrance","","estimated","pending-field-check","osm|esri-world-imagery|pku-map|pku-visit|pku-photo|pku-commons","https://www.openstreetmap.org/way/1009052024","https://commons.wikimedia.org/w/index.php?search=%E6%9C%AA%E5%91%BD%E5%90%8D%E6%A0%A1%E5%9B%AD%E5%BB%BA%E7%AD%91%20way%2F1009052024&title=Special:MediaSearch&type=image"
"way/1009052025","pku","未命名校园建筑 way/1009052025","teaching","4","13.8","gray-brick","#8b8880","#d6d0bf","flat","0","#3e4c2b","esri-pku","","","academic","main-entrance","","estimated","pending-field-check","osm|esri-world-imagery|pku-map|pku-visit|pku-photo|pku-commons","https://www.openstreetmap.org/way/1009052025","https://commons.wikimedia.org/w/index.php?search=%E6%9C%AA%E5%91%BD%E5%90%8D%E6%A0%A1%E5%9B%AD%E5%BB%BA%E7%AD%91%20way%2F1009052025&title=Special:MediaSearch&type=image"
"way/1009052026","pku","未命名校园建筑 way/1009052026","teaching","4","13.8","gray-brick","#8b8880","#d6d0bf","flat","0","#777b78","","","","academic","main-entrance","","estimated","pending-field-check","osm|esri-world-imagery|pku-map|pku-visit|pku-photo|pku-commons","https://www.openstreetmap.org/way/1009052026","https://commons.wikimedia.org/w/index.php?search=%E6%9C%AA%E5%91%BD%E5%90%8D%E6%A0%A1%E5%9B%AD%E5%BB%BA%E7%AD%91%20way%2F1009052026&title=Special:MediaSearch&type=image"
"way/1009052027","pku","未命名校园建筑 way/1009052027","teaching","4","13.8","gray-brick","#8b8880","#d6d0bf","flat","0","#707961","esri-pku","","","academic","main-entrance","","estimated","pending-field-check","osm|esri-world-imagery|pku-map|pku-visit|pku-photo|pku-commons","https://www.openstreetmap.org/way/1009052027","https://commons.wikimedia.org/w/index.php?search=%E6%9C%AA%E5%91%BD%E5%90%8D%E6%A0%A1%E5%9B%AD%E5%BB%BA%E7%AD%91%20way%2F1009052027&title=Special:MediaSearch&type=image"
"way/1009052028","pku","未命名校园建筑 way/1009052028","teaching","4","13.8","gray-brick","#8b8880","#d6d0bf","flat","0","#77745f","esri-pku","","","academic","main-entrance","","estimated","pending-field-check","osm|esri-world-imagery|pku-map|pku-visit|pku-photo|pku-commons","https://www.openstreetmap.org/way/1009052028","https://commons.wikimedia.org/w/index.php?search=%E6%9C%AA%E5%91%BD%E5%90%8D%E6%A0%A1%E5%9B%AD%E5%BB%BA%E7%AD%91%20way%2F1009052028&title=Special:MediaSearch&type=image"
"way/1009052029","pku","未命名校园建筑 way/1009052029","teaching","4","13.8","gray-brick","#8b8880","#d6d0bf","flat","0","#5a5c47","esri-pku","","","academic","main-entrance","","estimated","pending-field-check","osm|esri-world-imagery|pku-map|pku-visit|pku-photo|pku-commons","https://www.openstreetmap.org/way/1009052029","https://commons.wikimedia.org/w/index.php?search=%E6%9C%AA%E5%91%BD%E5%90%8D%E6%A0%A1%E5%9B%AD%E5%BB%BA%E7%AD%91%20way%2F1009052029&title=Special:MediaSearch&type=image"
"way/1009052030","pku","未命名校园建筑 way/1009052030","teaching","4","13.8","gray-brick","#8b8880","#d6d0bf","flat","0","#6c6c55","esri-pku","","","academic","main-entrance","","estimated","pending-field-check","osm|esri-world-imagery|pku-map|pku-visit|pku-photo|pku-commons","https://www.openstreetmap.org/way/1009052030","https://commons.wikimedia.org/w/index.php?search=%E6%9C%AA%E5%91%BD%E5%90%8D%E6%A0%A1%E5%9B%AD%E5%BB%BA%E7%AD%91%20way%2F1009052030&title=Special:MediaSearch&type=image"
"way/1009052031","pku","未命名校园建筑 way/1009052031","teaching","4","13.8","gray-brick","#8b8880","#d6d0bf","flat","0","#484c2e","esri-pku","","","academic","main-entrance","","estimated","pending-field-check","osm|esri-world-imagery|pku-map|pku-visit|pku-photo|pku-commons","https://www.openstreetmap.org/way/1009052031","https://commons.wikimedia.org/w/index.php?search=%E6%9C%AA%E5%91%BD%E5%90%8D%E6%A0%A1%E5%9B%AD%E5%BB%BA%E7%AD%91%20way%2F1009052031&title=Special:MediaSearch&type=image"
"way/1009052032","pku","未命名校园建筑 way/1009052032","teaching","4","13.8","gray-brick","#8b8880","#d6d0bf","flat","0","#a7a08f","esri-pku","","","academic","main-entrance","","estimated","pending-field-check","osm|esri-world-imagery|pku-map|pku-visit|pku-photo|pku-commons","https://www.openstreetmap.org/way/1009052032","https://commons.wikimedia.org/w/index.php?search=%E6%9C%AA%E5%91%BD%E5%90%8D%E6%A0%A1%E5%9B%AD%E5%BB%BA%E7%AD%91%20way%2F1009052032&title=Special:MediaSearch&type=image"
"way/1009052033","pku","未命名校园建筑 way/1009052033","teaching","4","13.8","gray-brick","#8b8880","#d6d0bf","flat","0","#777b78","","","","academic","main-entrance","","estimated","pending-field-check","osm|esri-world-imagery|pku-map|pku-visit|pku-photo|pku-commons","https://www.openstreetmap.org/way/1009052033","https://commons.wikimedia.org/w/index.php?search=%E6%9C%AA%E5%91%BD%E5%90%8D%E6%A0%A1%E5%9B%AD%E5%BB%BA%E7%AD%91%20way%2F1009052033&title=Special:MediaSearch&type=image"
"way/1009052034","pku","未命名校园建筑 way/1009052034","teaching","4","13.8","gray-brick","#8b8880","#d6d0bf","flat","0","#78765c","esri-pku","","","academic","main-entrance","","estimated","pending-field-check","osm|esri-world-imagery|pku-map|pku-visit|pku-photo|pku-commons","https://www.openstreetmap.org/way/1009052034","https://commons.wikimedia.org/w/index.php?search=%E6%9C%AA%E5%91%BD%E5%90%8D%E6%A0%A1%E5%9B%AD%E5%BB%BA%E7%AD%91%20way%2F1009052034&title=Special:MediaSearch&type=image"
"way/1009052035","pku","未命名校园建筑 way/1009052035","teaching","4","13.8","gray-brick","#8b8880","#d6d0bf","flat","0","#535539","esri-pku","","","academic","main-entrance","","estimated","pending-field-check","osm|esri-world-imagery|pku-map|pku-visit|pku-photo|pku-commons","https://www.openstreetmap.org/way/1009052035","https://commons.wikimedia.org/w/index.php?search=%E6%9C%AA%E5%91%BD%E5%90%8D%E6%A0%A1%E5%9B%AD%E5%BB%BA%E7%AD%91%20way%2F1009052035&title=Special:MediaSearch&type=image"
"way/1009052036","pku","未命名校园建筑 way/1009052036","teaching","4","13.8","gray-brick","#8b8880","#d6d0bf","flat","0","#5c5a46","esri-pku","","","academic","main-entrance","","estimated","pending-field-check","osm|esri-world-imagery|pku-map|pku-visit|pku-photo|pku-commons","https://www.openstreetmap.org/way/1009052036","https://commons.wikimedia.org/w/index.php?search=%E6%9C%AA%E5%91%BD%E5%90%8D%E6%A0%A1%E5%9B%AD%E5%BB%BA%E7%AD%91%20way%2F1009052036&title=Special:MediaSearch&type=image"
"way/1009052038","pku","未命名校园建筑 way/1009052038","teaching","4","13.8","gray-brick","#8b8880","#d6d0bf","flat","0","#b2af9e","esri-pku","","","academic","main-entrance","","estimated","pending-field-check","osm|esri-world-imagery|pku-map|pku-visit|pku-photo|pku-commons","https://www.openstreetmap.org/way/1009052038","https://commons.wikimedia.org/w/index.php?search=%E6%9C%AA%E5%91%BD%E5%90%8D%E6%A0%A1%E5%9B%AD%E5%BB%BA%E7%AD%91%20way%2F1009052038&title=Special:MediaSearch&type=image"
"way/1009052039","pku","未命名校园建筑 way/1009052039","teaching","4","13.8","gray-brick","#8b8880","#d6d0bf","flat","0","#4d5349","esri-pku","","","academic","main-entrance","","estimated","pending-field-check","osm|esri-world-imagery|pku-map|pku-visit|pku-photo|pku-commons","https://www.openstreetmap.org/way/1009052039","https://commons.wikimedia.org/w/index.php?search=%E6%9C%AA%E5%91%BD%E5%90%8D%E6%A0%A1%E5%9B%AD%E5%BB%BA%E7%AD%91%20way%2F1009052039&title=Special:MediaSearch&type=image"
"way/1009052040","pku","未命名校园建筑 way/1009052040","teaching","4","13.8","gray-brick","#8b8880","#d6d0bf","flat","0","#a9a78e","esri-pku","","","academic","main-entrance","","estimated","pending-field-check","osm|esri-world-imagery|pku-map|pku-visit|pku-photo|pku-commons","https://www.openstreetmap.org/way/1009052040","https://commons.wikimedia.org/w/index.php?search=%E6%9C%AA%E5%91%BD%E5%90%8D%E6%A0%A1%E5%9B%AD%E5%BB%BA%E7%AD%91%20way%2F1009052040&title=Special:MediaSearch&type=image"
"way/1009052041","pku","未命名校园建筑 way/1009052041","teaching","4","13.8","gray-brick","#8b8880","#d6d0bf","flat","0","#666052","esri-pku","","","academic","main-entrance","","estimated","pending-field-check","osm|esri-world-imagery|pku-map|pku-visit|pku-photo|pku-commons","https://www.openstreetmap.org/way/1009052041","https://commons.wikimedia.org/w/index.php?search=%E6%9C%AA%E5%91%BD%E5%90%8D%E6%A0%A1%E5%9B%AD%E5%BB%BA%E7%AD%91%20way%2F1009052041&title=Special:MediaSearch&type=image"
"way/1009052042","pku","未命名校园建筑 way/1009052042","teaching","4","13.8","gray-brick","#8b8880","#d6d0bf","flat","0","#807a66","esri-pku","","","academic","main-entrance","","estimated","pending-field-check","osm|esri-world-imagery|pku-map|pku-visit|pku-photo|pku-commons","https://www.openstreetmap.org/way/1009052042","https://commons.wikimedia.org/w/index.php?search=%E6%9C%AA%E5%91%BD%E5%90%8D%E6%A0%A1%E5%9B%AD%E5%BB%BA%E7%AD%91%20way%2F1009052042&title=Special:MediaSearch&type=image"
"way/1009052043","pku","未命名校园建筑 way/1009052043","teaching","4","13.8","gray-brick","#8b8880","#d6d0bf","flat","0","#696e5f","esri-pku","","","academic","main-entrance","","estimated","pending-field-check","osm|esri-world-imagery|pku-map|pku-visit|pku-photo|pku-commons","https://www.openstreetmap.org/way/1009052043","https://commons.wikimedia.org/w/index.php?search=%E6%9C%AA%E5%91%BD%E5%90%8D%E6%A0%A1%E5%9B%AD%E5%BB%BA%E7%AD%91%20way%2F1009052043&title=Special:MediaSearch&type=image"
"way/1009052044","pku","未命名校园建筑 way/1009052044","teaching","4","13.8","gray-brick","#8b8880","#d6d0bf","flat","0","#777b78","","","","academic","main-entrance","","estimated","pending-field-check","osm|esri-world-imagery|pku-map|pku-visit|pku-photo|pku-commons","https://www.openstreetmap.org/way/1009052044","https://commons.wikimedia.org/w/index.php?search=%E6%9C%AA%E5%91%BD%E5%90%8D%E6%A0%A1%E5%9B%AD%E5%BB%BA%E7%AD%91%20way%2F1009052044&title=Special:MediaSearch&type=image"
"way/1009052045","pku","未命名校园建筑 way/1009052045","teaching","4","13.8","gray-brick","#8b8880","#d6d0bf","flat","0","#83816a","esri-pku","","","academic","main-entrance","","estimated","pending-field-check","osm|esri-world-imagery|pku-map|pku-visit|pku-photo|pku-commons","https://www.openstreetmap.org/way/1009052045","https://commons.wikimedia.org/w/index.php?search=%E6%9C%AA%E5%91%BD%E5%90%8D%E6%A0%A1%E5%9B%AD%E5%BB%BA%E7%AD%91%20way%2F1009052045&title=Special:MediaSearch&type=image"
"way/1009052046","pku","未命名校园建筑 way/1009052046","teaching","4","13.8","gray-brick","#8b8880","#d6d0bf","flat","0","#656855","esri-pku","","","academic","main-entrance","","estimated","pending-field-check","osm|esri-world-imagery|pku-map|pku-visit|pku-photo|pku-commons","https://www.openstreetmap.org/way/1009052046","https://commons.wikimedia.org/w/index.php?search=%E6%9C%AA%E5%91%BD%E5%90%8D%E6%A0%A1%E5%9B%AD%E5%BB%BA%E7%AD%91%20way%2F1009052046&title=Special:MediaSearch&type=image"
"way/1009052049","pku","未命名校园建筑 way/1009052049","teaching","4","13.8","gray-brick","#8b8880","#d6d0bf","flat","0","#514e40","esri-pku","","","academic","main-entrance","","estimated","pending-field-check","osm|esri-world-imagery|pku-map|pku-visit|pku-photo|pku-commons","https://www.openstreetmap.org/way/1009052049","https://commons.wikimedia.org/w/index.php?search=%E6%9C%AA%E5%91%BD%E5%90%8D%E6%A0%A1%E5%9B%AD%E5%BB%BA%E7%AD%91%20way%2F1009052049&title=Special:MediaSearch&type=image"
"way/1009052050","pku","未命名校园建筑 way/1009052050","teaching","4","13.8","gray-brick","#8b8880","#d6d0bf","flat","0","#625f4b","esri-pku","","","academic","main-entrance","","estimated","pending-field-check","osm|esri-world-imagery|pku-map|pku-visit|pku-photo|pku-commons","https://www.openstreetmap.org/way/1009052050","https://commons.wikimedia.org/w/index.php?search=%E6%9C%AA%E5%91%BD%E5%90%8D%E6%A0%A1%E5%9B%AD%E5%BB%BA%E7%AD%91%20way%2F1009052050&title=Special:MediaSearch&type=image"
"way/1009052051","pku","未命名校园建筑 way/1009052051","teaching","4","13.8","gray-brick","#8b8880","#d6d0bf","flat","0","#777b78","","","","academic","main-entrance","","estimated","pending-field-check","osm|esri-world-imagery|pku-map|pku-visit|pku-photo|pku-commons","https://www.openstreetmap.org/way/1009052051","https://commons.wikimedia.org/w/index.php?search=%E6%9C%AA%E5%91%BD%E5%90%8D%E6%A0%A1%E5%9B%AD%E5%BB%BA%E7%AD%91%20way%2F1009052051&title=Special:MediaSearch&type=image"
"way/1009052052","pku","外国语学院","teaching","6","20.7","stone","#b1aa98","#d6d0bf","flat","0","#6b6d5b","esri-pku","","","academic","main-entrance","","estimated","pending-field-check","osm|esri-world-imagery|pku-map|pku-visit|pku-photo|pku-commons","https://www.openstreetmap.org/way/1009052052","https://commons.wikimedia.org/w/index.php?search=%E5%A4%96%E5%9B%BD%E8%AF%AD%E5%AD%A6%E9%99%A2&title=Special:MediaSearch&type=image"
"way/1031396019","thu","知行楼","teaching","4","13.8","red-brick","#8b5a49","#d2c5ab","flat","0","#afb2a3","esri-thu","","","academic","main-entrance","","osm","verified-osm","osm|esri-world-imagery|thu-map|thu-landscape|thu-planning|thu-gallery|thu-commons","https://www.openstreetmap.org/way/1031396019","https://commons.wikimedia.org/w/index.php?search=%E7%9F%A5%E8%A1%8C%E6%A5%BC&title=Special:MediaSearch&type=image"
"way/104345641","pku","遥感楼","teaching","4","13.8","stone","#b1aa98","#d6d0bf","flat","0","#9d9d88","esri-pku","","","academic","main-entrance","","estimated","pending-field-check","osm|esri-world-imagery|pku-map|pku-visit|pku-photo|pku-commons","https://www.openstreetmap.org/way/104345641","https://commons.wikimedia.org/w/index.php?search=%E9%81%A5%E6%84%9F%E6%A5%BC&title=Special:MediaSearch&type=image"
"way/1056350630","pku","校景亭","teaching","4","13.8","stone","#b1aa98","#d6d0bf","flat","0","#4a4c3a","esri-pku","","","academic","main-entrance","","estimated","pending-field-check","osm|esri-world-imagery|pku-map|pku-visit|pku-photo|pku-commons","https://www.openstreetmap.org/way/1056350630","https://commons.wikimedia.org/w/index.php?search=%E6%A0%A1%E6%99%AF%E4%BA%AD&title=Special:MediaSearch&type=image"
"way/1058893168","thu","未命名校园建筑 way/1058893168","teaching","4","13.8","gray-brick","#8b8880","#d6d0bf","flat","0","#899b8c","esri-thu","","","academic","main-entrance","","estimated","pending-field-check","osm|esri-world-imagery|thu-map|thu-landscape|thu-planning|thu-gallery|thu-commons","https://www.openstreetmap.org/way/1058893168","https://commons.wikimedia.org/w/index.php?search=%E6%9C%AA%E5%91%BD%E5%90%8D%E6%A0%A1%E5%9B%AD%E5%BB%BA%E7%AD%91%20way%2F1058893168&title=Special:MediaSearch&type=image"
"way/1058893169","thu","未命名校园建筑 way/1058893169","teaching","4","13.8","gray-brick","#8b8880","#d6d0bf","flat","0","#789685","esri-thu","","","academic","main-entrance","","estimated","pending-field-check","osm|esri-world-imagery|thu-map|thu-landscape|thu-planning|thu-gallery|thu-commons","https://www.openstreetmap.org/way/1058893169","https://commons.wikimedia.org/w/index.php?search=%E6%9C%AA%E5%91%BD%E5%90%8D%E6%A0%A1%E5%9B%AD%E5%BB%BA%E7%AD%91%20way%2F1058893169&title=Special:MediaSearch&type=image"
"way/1058893171","thu","未命名校园建筑 way/1058893171","teaching","4","13.8","gray-brick","#8b8880","#d6d0bf","flat","0","#888e72","esri-thu","","","academic","main-entrance","","estimated","pending-field-check","osm|esri-world-imagery|thu-map|thu-landscape|thu-planning|thu-gallery|thu-commons","https://www.openstreetmap.org/way/1058893171","https://commons.wikimedia.org/w/index.php?search=%E6%9C%AA%E5%91%BD%E5%90%8D%E6%A0%A1%E5%9B%AD%E5%BB%BA%E7%AD%91%20way%2F1058893171&title=Special:MediaSearch&type=image"
"way/1059162680","thu","清晏楼(食堂/报告厅)","dining","3","12.6","red-brick","#8b5a49","#d2c5ab","flat","0","#b1a688","esri-thu","","","dining-hall","entrance-canopy","","estimated","pending-field-check","osm|esri-world-imagery|thu-map|thu-landscape|thu-planning|thu-gallery|thu-commons","https://www.openstreetmap.org/way/1059162680","https://commons.wikimedia.org/w/index.php?search=%E6%B8%85%E6%99%8F%E6%A5%BC(%E9%A3%9F%E5%A0%82%2F%E6%8A%A5%E5%91%8A%E5%8E%85)&title=Special:MediaSearch&type=image"
"way/1059162681","thu","未命名校园建筑 way/1059162681","teaching","4","13.8","gray-brick","#8b8880","#d6d0bf","flat","0","#838471","esri-thu","","","academic","main-entrance","","estimated","pending-field-check","osm|esri-world-imagery|thu-map|thu-landscape|thu-planning|thu-gallery|thu-commons","https://www.openstreetmap.org/way/1059162681","https://commons.wikimedia.org/w/index.php?search=%E6%9C%AA%E5%91%BD%E5%90%8D%E6%A0%A1%E5%9B%AD%E5%BB%BA%E7%AD%91%20way%2F1059162681&title=Special:MediaSearch&type=image"
"way/1059165152","thu","未命名校园建筑 way/1059165152","teaching","4","13.8","gray-brick","#8b8880","#d6d0bf","flat","0","#454c29","esri-thu","","","academic","main-entrance","","estimated","pending-field-check","osm|esri-world-imagery|thu-map|thu-landscape|thu-planning|thu-gallery|thu-commons","https://www.openstreetmap.org/way/1059165152","https://commons.wikimedia.org/w/index.php?search=%E6%9C%AA%E5%91%BD%E5%90%8D%E6%A0%A1%E5%9B%AD%E5%BB%BA%E7%AD%91%20way%2F1059165152&title=Special:MediaSearch&type=image"
"way/1059165153","thu","未命名校园建筑 way/1059165153","teaching","4","13.8","gray-brick","#8b8880","#d6d0bf","flat","0","#474c37","esri-thu","","","academic","main-entrance","","estimated","pending-field-check","osm|esri-world-imagery|thu-map|thu-landscape|thu-planning|thu-gallery|thu-commons","https://www.openstreetmap.org/way/1059165153","https://commons.wikimedia.org/w/index.php?search=%E6%9C%AA%E5%91%BD%E5%90%8D%E6%A0%A1%E5%9B%AD%E5%BB%BA%E7%AD%91%20way%2F1059165153&title=Special:MediaSearch&type=image"
"way/1059165154","thu","未命名校园建筑 way/1059165154","teaching","4","13.8","gray-brick","#8b8880","#d6d0bf","flat","0","#595e46","esri-thu","","","academic","main-entrance","","estimated","pending-field-check","osm|esri-world-imagery|thu-map|thu-landscape|thu-planning|thu-gallery|thu-commons","https://www.openstreetmap.org/way/1059165154","https://commons.wikimedia.org/w/index.php?search=%E6%9C%AA%E5%91%BD%E5%90%8D%E6%A0%A1%E5%9B%AD%E5%BB%BA%E7%AD%91%20way%2F1059165154&title=Special:MediaSearch&type=image"
"way/1059165155","thu","未命名校园建筑 way/1059165155","teaching","4","13.8","gray-brick","#8b8880","#d6d0bf","flat","0","#555a43","esri-thu","","","academic","main-entrance","","estimated","pending-field-check","osm|esri-world-imagery|thu-map|thu-landscape|thu-planning|thu-gallery|thu-commons","https://www.openstreetmap.org/way/1059165155","https://commons.wikimedia.org/w/index.php?search=%E6%9C%AA%E5%91%BD%E5%90%8D%E6%A0%A1%E5%9B%AD%E5%BB%BA%E7%AD%91%20way%2F1059165155&title=Special:MediaSearch&type=image"
"way/1059165156","thu","未命名校园建筑 way/1059165156","teaching","4","13.8","gray-brick","#8b8880","#d6d0bf","flat","0","#565c47","esri-thu","","","academic","main-entrance","","estimated","pending-field-check","osm|esri-world-imagery|thu-map|thu-landscape|thu-planning|thu-gallery|thu-commons","https://www.openstreetmap.org/way/1059165156","https://commons.wikimedia.org/w/index.php?search=%E6%9C%AA%E5%91%BD%E5%90%8D%E6%A0%A1%E5%9B%AD%E5%BB%BA%E7%AD%91%20way%2F1059165156&title=Special:MediaSearch&type=image"
"way/1059165157","thu","未命名校园建筑 way/1059165157","teaching","4","13.8","gray-brick","#8b8880","#d6d0bf","flat","0","#777b78","","","","academic","main-entrance","","estimated","pending-field-check","osm|esri-world-imagery|thu-map|thu-landscape|thu-planning|thu-gallery|thu-commons","https://www.openstreetmap.org/way/1059165157","https://commons.wikimedia.org/w/index.php?search=%E6%9C%AA%E5%91%BD%E5%90%8D%E6%A0%A1%E5%9B%AD%E5%BB%BA%E7%AD%91%20way%2F1059165157&title=Special:MediaSearch&type=image"
"way/1059165158","thu","未命名校园建筑 way/1059165158","teaching","4","13.8","gray-brick","#8b8880","#d6d0bf","flat","0","#595f46","esri-thu","","","academic","main-entrance","","estimated","pending-field-check","osm|esri-world-imagery|thu-map|thu-landscape|thu-planning|thu-gallery|thu-commons","https://www.openstreetmap.org/way/1059165158","https://commons.wikimedia.org/w/index.php?search=%E6%9C%AA%E5%91%BD%E5%90%8D%E6%A0%A1%E5%9B%AD%E5%BB%BA%E7%AD%91%20way%2F1059165158&title=Special:MediaSearch&type=image"
"way/1059165159","thu","未命名校园建筑 way/1059165159","teaching","4","13.8","gray-brick","#8b8880","#d6d0bf","flat","0","#615e4e","esri-thu","","","academic","main-entrance","","estimated","pending-field-check","osm|esri-world-imagery|thu-map|thu-landscape|thu-planning|thu-gallery|thu-commons","https://www.openstreetmap.org/way/1059165159","https://commons.wikimedia.org/w/index.php?search=%E6%9C%AA%E5%91%BD%E5%90%8D%E6%A0%A1%E5%9B%AD%E5%BB%BA%E7%AD%91%20way%2F1059165159&title=Special:MediaSearch&type=image"
"way/1059165160","thu","未命名校园建筑 way/1059165160","teaching","4","13.8","gray-brick","#8b8880","#d6d0bf","flat","0","#777b78","","","","academic","main-entrance","","estimated","pending-field-check","osm|esri-world-imagery|thu-map|thu-landscape|thu-planning|thu-gallery|thu-commons","https://www.openstreetmap.org/way/1059165160","https://commons.wikimedia.org/w/index.php?search=%E6%9C%AA%E5%91%BD%E5%90%8D%E6%A0%A1%E5%9B%AD%E5%BB%BA%E7%AD%91%20way%2F1059165160&title=Special:MediaSearch&type=image"
"way/1059165161","thu","未命名校园建筑 way/1059165161","teaching","4","13.8","gray-brick","#8b8880","#d6d0bf","flat","0","#777b78","","","","academic","main-entrance","","estimated","pending-field-check","osm|esri-world-imagery|thu-map|thu-landscape|thu-planning|thu-gallery|thu-commons","https://www.openstreetmap.org/way/1059165161","https://commons.wikimedia.org/w/index.php?search=%E6%9C%AA%E5%91%BD%E5%90%8D%E6%A0%A1%E5%9B%AD%E5%BB%BA%E7%AD%91%20way%2F1059165161&title=Special:MediaSearch&type=image"
"way/1059165162","thu","未命名校园建筑 way/1059165162","teaching","4","13.8","gray-brick","#8b8880","#d6d0bf","flat","0","#4b4c3d","esri-thu","","","academic","main-entrance","","estimated","pending-field-check","osm|esri-world-imagery|thu-map|thu-landscape|thu-planning|thu-gallery|thu-commons","https://www.openstreetmap.org/way/1059165162","https://commons.wikimedia.org/w/index.php?search=%E6%9C%AA%E5%91%BD%E5%90%8D%E6%A0%A1%E5%9B%AD%E5%BB%BA%E7%AD%91%20way%2F1059165162&title=Special:MediaSearch&type=image"
"way/1059165163","thu","未命名校园建筑 way/1059165163","teaching","4","13.8","gray-brick","#8b8880","#d6d0bf","flat","0","#474c3d","esri-thu","","","academic","main-entrance","","estimated","pending-field-check","osm|esri-world-imagery|thu-map|thu-landscape|thu-planning|thu-gallery|thu-commons","https://www.openstreetmap.org/way/1059165163","https://commons.wikimedia.org/w/index.php?search=%E6%9C%AA%E5%91%BD%E5%90%8D%E6%A0%A1%E5%9B%AD%E5%BB%BA%E7%AD%91%20way%2F1059165163&title=Special:MediaSearch&type=image"
"way/1059165164","thu","未命名校园建筑 way/1059165164","teaching","4","13.8","gray-brick","#8b8880","#d6d0bf","flat","0","#565645","esri-thu","","","academic","main-entrance","","estimated","pending-field-check","osm|esri-world-imagery|thu-map|thu-landscape|thu-planning|thu-gallery|thu-commons","https://www.openstreetmap.org/way/1059165164","https://commons.wikimedia.org/w/index.php?search=%E6%9C%AA%E5%91%BD%E5%90%8D%E6%A0%A1%E5%9B%AD%E5%BB%BA%E7%AD%91%20way%2F1059165164&title=Special:MediaSearch&type=image"
"way/1059165165","thu","未命名校园建筑 way/1059165165","teaching","4","13.8","gray-brick","#8b8880","#d6d0bf","flat","0","#60614a","esri-thu","","","academic","main-entrance","","estimated","pending-field-check","osm|esri-world-imagery|thu-map|thu-landscape|thu-planning|thu-gallery|thu-commons","https://www.openstreetmap.org/way/1059165165","https://commons.wikimedia.org/w/index.php?search=%E6%9C%AA%E5%91%BD%E5%90%8D%E6%A0%A1%E5%9B%AD%E5%BB%BA%E7%AD%91%20way%2F1059165165&title=Special:MediaSearch&type=image"
"way/1059165166","thu","未命名校园建筑 way/1059165166","teaching","4","13.8","gray-brick","#8b8880","#d6d0bf","flat","0","#62604a","esri-thu","","","academic","main-entrance","","estimated","pending-field-check","osm|esri-world-imagery|thu-map|thu-landscape|thu-planning|thu-gallery|thu-commons","https://www.openstreetmap.org/way/1059165166","https://commons.wikimedia.org/w/index.php?search=%E6%9C%AA%E5%91%BD%E5%90%8D%E6%A0%A1%E5%9B%AD%E5%BB%BA%E7%AD%91%20way%2F1059165166&title=Special:MediaSearch&type=image"
"way/1059165167","thu","未命名校园建筑 way/1059165167","teaching","4","13.8","gray-brick","#8b8880","#d6d0bf","flat","0","#3c4c3b","esri-thu","","","academic","main-entrance","","estimated","pending-field-check","osm|esri-world-imagery|thu-map|thu-landscape|thu-planning|thu-gallery|thu-commons","https://www.openstreetmap.org/way/1059165167","https://commons.wikimedia.org/w/index.php?search=%E6%9C%AA%E5%91%BD%E5%90%8D%E6%A0%A1%E5%9B%AD%E5%BB%BA%E7%AD%91%20way%2F1059165167&title=Special:MediaSearch&type=image"
"way/1059178271","thu","临漪榭","teaching","4","13.8","red-brick","#8b5a49","#d2c5ab","flat","0","#55553a","esri-thu","","","academic","main-entrance","","estimated","pending-field-check","osm|esri-world-imagery|thu-map|thu-landscape|thu-planning|thu-gallery|thu-commons","https://www.openstreetmap.org/way/1059178271","https://commons.wikimedia.org/w/index.php?search=%E4%B8%B4%E6%BC%AA%E6%A6%AD&title=Special:MediaSearch&type=image"
"way/1059201723","thu","启程楼","teaching","2","6.9","red-brick","#8b5a49","#d2c5ab","flat","0","#8b624c","esri-thu","","","academic","main-entrance","","osm","verified-osm","osm|esri-world-imagery|thu-map|thu-landscape|thu-planning|thu-gallery|thu-commons","https://www.openstreetmap.org/way/1059201723","https://commons.wikimedia.org/w/index.php?search=%E5%90%AF%E7%A8%8B%E6%A5%BC&title=Special:MediaSearch&type=image"
"way/1059201724","thu","修远楼","teaching","4","13.8","red-brick","#8b5a49","#d2c5ab","flat","0","#70776c","esri-thu","","","academic","main-entrance","","estimated","pending-field-check","osm|esri-world-imagery|thu-map|thu-landscape|thu-planning|thu-gallery|thu-commons","https://www.openstreetmap.org/way/1059201724","https://commons.wikimedia.org/w/index.php?search=%E4%BF%AE%E8%BF%9C%E6%A5%BC&title=Special:MediaSearch&type=image"
"way/1059201725","thu","华韵楼","teaching","4","13.8","red-brick","#8b5a49","#d2c5ab","flat","0","#aeb2a1","esri-thu","","","academic","main-entrance","","estimated","pending-field-check","osm|esri-world-imagery|thu-map|thu-landscape|thu-planning|thu-gallery|thu-commons","https://www.openstreetmap.org/way/1059201725","https://commons.wikimedia.org/w/index.php?search=%E5%8D%8E%E9%9F%B5%E6%A5%BC&title=Special:MediaSearch&type=image"
"way/1059201726","thu","联盛馆","teaching","4","13.8","red-brick","#8b5a49","#d2c5ab","flat","0","#c2c0b1","esri-thu","","","academic","main-entrance","","estimated","pending-field-check","osm|esri-world-imagery|thu-map|thu-landscape|thu-planning|thu-gallery|thu-commons","https://www.openstreetmap.org/way/1059201726","https://commons.wikimedia.org/w/index.php?search=%E8%81%94%E7%9B%9B%E9%A6%86&title=Special:MediaSearch&type=image"
"way/1059201727","thu","丁香书苑","teaching","2","6.9","red-brick","#8b5a49","#d2c5ab","flat","0","#778273","esri-thu","","","academic","main-entrance","","osm","verified-osm","osm|esri-world-imagery|thu-map|thu-landscape|thu-planning|thu-gallery|thu-commons","https://www.openstreetmap.org/way/1059201727","https://commons.wikimedia.org/w/index.php?search=%E4%B8%81%E9%A6%99%E4%B9%A6%E8%8B%91&title=Special:MediaSearch&type=image"
"way/1059885283","thu","高1楼","dorm","6","20.7","red-brick","#8b5a49","#d2c5ab","flat","0","#6a7368","esri-thu","","","dormitory","repeated-bays","","estimated","pending-field-check","osm|esri-world-imagery|thu-map|thu-landscape|thu-planning|thu-gallery|thu-commons","https://www.openstreetmap.org/way/1059885283","https://commons.wikimedia.org/w/index.php?search=%E9%AB%981%E6%A5%BC&title=Special:MediaSearch&type=image"
"way/1059885284","thu","博雅楼","teaching","2","6.9","red-brick","#8b5a49","#d2c5ab","flat","0","#6c6a56","esri-thu","","","academic","main-entrance","","osm","verified-osm","osm|esri-world-imagery|thu-map|thu-landscape|thu-planning|thu-gallery|thu-commons","https://www.openstreetmap.org/way/1059885284","https://commons.wikimedia.org/w/index.php?search=%E5%8D%9A%E9%9B%85%E6%A5%BC&title=Special:MediaSearch&type=image"
"way/1060190344","thu","未命名校园建筑 way/1060190344","teaching","4","13.8","gray-brick","#8b8880","#d6d0bf","flat","0","#7c7764","esri-thu","","","academic","main-entrance","","estimated","pending-field-check","osm|esri-world-imagery|thu-map|thu-landscape|thu-planning|thu-gallery|thu-commons","https://www.openstreetmap.org/way/1060190344","https://commons.wikimedia.org/w/index.php?search=%E6%9C%AA%E5%91%BD%E5%90%8D%E6%A0%A1%E5%9B%AD%E5%BB%BA%E7%AD%91%20way%2F1060190344&title=Special:MediaSearch&type=image"
"way/1060190345","thu","未命名校园建筑 way/1060190345","teaching","4","13.8","gray-brick","#8b8880","#d6d0bf","flat","0","#696857","esri-thu","","","academic","main-entrance","","estimated","pending-field-check","osm|esri-world-imagery|thu-map|thu-landscape|thu-planning|thu-gallery|thu-commons","https://www.openstreetmap.org/way/1060190345","https://commons.wikimedia.org/w/index.php?search=%E6%9C%AA%E5%91%BD%E5%90%8D%E6%A0%A1%E5%9B%AD%E5%BB%BA%E7%AD%91%20way%2F1060190345&title=Special:MediaSearch&type=image"
"way/1060190346","thu","未命名校园建筑 way/1060190346","teaching","4","13.8","gray-brick","#8b8880","#d6d0bf","flat","0","#aea690","esri-thu","","","academic","main-entrance","","estimated","pending-field-check","osm|esri-world-imagery|thu-map|thu-landscape|thu-planning|thu-gallery|thu-commons","https://www.openstreetmap.org/way/1060190346","https://commons.wikimedia.org/w/index.php?search=%E6%9C%AA%E5%91%BD%E5%90%8D%E6%A0%A1%E5%9B%AD%E5%BB%BA%E7%AD%91%20way%2F1060190346&title=Special:MediaSearch&type=image"
"way/1060190347","thu","未命名校园建筑 way/1060190347","teaching","4","13.8","gray-brick","#8b8880","#d6d0bf","flat","0","#7a7764","esri-thu","","","academic","main-entrance","","estimated","pending-field-check","osm|esri-world-imagery|thu-map|thu-landscape|thu-planning|thu-gallery|thu-commons","https://www.openstreetmap.org/way/1060190347","https://commons.wikimedia.org/w/index.php?search=%E6%9C%AA%E5%91%BD%E5%90%8D%E6%A0%A1%E5%9B%AD%E5%BB%BA%E7%AD%91%20way%2F1060190347&title=Special:MediaSearch&type=image"
"way/1060190348","thu","办公楼","teaching","2","6.9","gray-brick","#8b8880","#d6d0bf","hipped","0","#877f65","esri-thu","","","academic","main-entrance","","osm","verified-osm","osm|esri-world-imagery|thu-map|thu-landscape|thu-planning|thu-gallery|thu-commons","https://www.openstreetmap.org/way/1060190348","https://commons.wikimedia.org/w/index.php?search=%E5%8A%9E%E5%85%AC%E6%A5%BC&title=Special:MediaSearch&type=image"
"way/1060192245","thu","能科楼D","teaching","4","13.8","red-brick","#8b5a49","#d2c5ab","flat","0","#3d4c42","esri-thu","","","academic","main-entrance","","estimated","pending-field-check","osm|esri-world-imagery|thu-map|thu-landscape|thu-planning|thu-gallery|thu-commons","https://www.openstreetmap.org/way/1060192245","https://commons.wikimedia.org/w/index.php?search=%E8%83%BD%E7%A7%91%E6%A5%BCD&title=Special:MediaSearch&type=image"
"way/1060943344","thu","未命名校园建筑 way/1060943344","teaching","4","13.8","gray-brick","#8b8880","#d6d0bf","flat","0","#a19c84","esri-thu","","","academic","main-entrance","","estimated","pending-field-check","osm|esri-world-imagery|thu-map|thu-landscape|thu-planning|thu-gallery|thu-commons","https://www.openstreetmap.org/way/1060943344","https://commons.wikimedia.org/w/index.php?search=%E6%9C%AA%E5%91%BD%E5%90%8D%E6%A0%A1%E5%9B%AD%E5%BB%BA%E7%AD%91%20way%2F1060943344&title=Special:MediaSearch&type=image"
"way/1060943345","thu","未命名校园建筑 way/1060943345","teaching","4","13.8","gray-brick","#8b8880","#d6d0bf","flat","0","#5a5a4a","esri-thu","","","academic","main-entrance","","estimated","pending-field-check","osm|esri-world-imagery|thu-map|thu-landscape|thu-planning|thu-gallery|thu-commons","https://www.openstreetmap.org/way/1060943345","https://commons.wikimedia.org/w/index.php?search=%E6%9C%AA%E5%91%BD%E5%90%8D%E6%A0%A1%E5%9B%AD%E5%BB%BA%E7%AD%91%20way%2F1060943345&title=Special:MediaSearch&type=image"
"way/1060943346","thu","未命名校园建筑 way/1060943346","teaching","4","13.8","gray-brick","#8b8880","#d6d0bf","flat","0","#8b856e","esri-thu","","","academic","main-entrance","","estimated","pending-field-check","osm|esri-world-imagery|thu-map|thu-landscape|thu-planning|thu-gallery|thu-commons","https://www.openstreetmap.org/way/1060943346","https://commons.wikimedia.org/w/index.php?search=%E6%9C%AA%E5%91%BD%E5%90%8D%E6%A0%A1%E5%9B%AD%E5%BB%BA%E7%AD%91%20way%2F1060943346&title=Special:MediaSearch&type=image"
"way/1060946454","thu","未命名校园建筑 way/1060946454","teaching","4","13.8","gray-brick","#8b8880","#d6d0bf","flat","0","#5c5e49","esri-thu","","","academic","main-entrance","","estimated","pending-field-check","osm|esri-world-imagery|thu-map|thu-landscape|thu-planning|thu-gallery|thu-commons","https://www.openstreetmap.org/way/1060946454","https://commons.wikimedia.org/w/index.php?search=%E6%9C%AA%E5%91%BD%E5%90%8D%E6%A0%A1%E5%9B%AD%E5%BB%BA%E7%AD%91%20way%2F1060946454&title=Special:MediaSearch&type=image"
"way/1060946455","thu","未命名校园建筑 way/1060946455","teaching","4","13.8","gray-brick","#8b8880","#d6d0bf","flat","0","#354056","esri-thu","","","academic","main-entrance","","estimated","pending-field-check","osm|esri-world-imagery|thu-map|thu-landscape|thu-planning|thu-gallery|thu-commons","https://www.openstreetmap.org/way/1060946455","https://commons.wikimedia.org/w/index.php?search=%E6%9C%AA%E5%91%BD%E5%90%8D%E6%A0%A1%E5%9B%AD%E5%BB%BA%E7%AD%91%20way%2F1060946455&title=Special:MediaSearch&type=image"
"way/1060946456","thu","未命名校园建筑 way/1060946456","teaching","4","13.8","gray-brick","#8b8880","#d6d0bf","flat","0","#a7aca6","esri-thu","","","academic","main-entrance","","estimated","pending-field-check","osm|esri-world-imagery|thu-map|thu-landscape|thu-planning|thu-gallery|thu-commons","https://www.openstreetmap.org/way/1060946456","https://commons.wikimedia.org/w/index.php?search=%E6%9C%AA%E5%91%BD%E5%90%8D%E6%A0%A1%E5%9B%AD%E5%BB%BA%E7%AD%91%20way%2F1060946456&title=Special:MediaSearch&type=image"
"way/1060959370","thu","报账大厅（大财务）","teaching","4","13.8","red-brick","#8b5a49","#d2c5ab","flat","0","#585947","esri-thu","","","academic","main-entrance","","estimated","pending-field-check","osm|esri-world-imagery|thu-map|thu-landscape|thu-planning|thu-gallery|thu-commons","https://www.openstreetmap.org/way/1060959370","https://commons.wikimedia.org/w/index.php?search=%E6%8A%A5%E8%B4%A6%E5%A4%A7%E5%8E%85%EF%BC%88%E5%A4%A7%E8%B4%A2%E5%8A%A1%EF%BC%89&title=Special:MediaSearch&type=image"
"way/1061382587","thu","福寿之园","teaching","4","13.8","gray-brick","#8b8880","#d6d0bf","flat","0","#b4b5aa","esri-thu","","","academic","main-entrance","","estimated","pending-field-check","osm|esri-world-imagery|thu-map|thu-landscape|thu-planning|thu-gallery|thu-commons","https://www.openstreetmap.org/way/1061382587","https://commons.wikimedia.org/w/index.php?search=%E7%A6%8F%E5%AF%BF%E4%B9%8B%E5%9B%AD&title=Special:MediaSearch&type=image"
"way/1061664025","thu","未命名校园建筑 way/1061664025","teaching","4","13.8","gray-brick","#8b8880","#d6d0bf","flat","0","#616654","esri-thu","","","academic","main-entrance","","estimated","pending-field-check","osm|esri-world-imagery|thu-map|thu-landscape|thu-planning|thu-gallery|thu-commons","https://www.openstreetmap.org/way/1061664025","https://commons.wikimedia.org/w/index.php?search=%E6%9C%AA%E5%91%BD%E5%90%8D%E6%A0%A1%E5%9B%AD%E5%BB%BA%E7%AD%91%20way%2F1061664025&title=Special:MediaSearch&type=image"
"way/1063568534","pku","实验动物中心A座","teaching","6","20.7","glass","#7896a2","#a7babd","flat","0","#5a5f50","esri-pku","","","academic","main-entrance","","estimated","pending-field-check","osm|esri-world-imagery|pku-map|pku-visit|pku-photo|pku-commons","https://www.openstreetmap.org/way/1063568534","https://commons.wikimedia.org/w/index.php?search=%E5%AE%9E%E9%AA%8C%E5%8A%A8%E7%89%A9%E4%B8%AD%E5%BF%83A%E5%BA%A7&title=Special:MediaSearch&type=image"
"way/1065783252","thu","洗车房","teaching","4","13.8","red-brick","#8b5a49","#d2c5ab","flat","0","#518272","esri-thu","","","academic","main-entrance","","estimated","pending-field-check","osm|esri-world-imagery|thu-map|thu-landscape|thu-planning|thu-gallery|thu-commons","https://www.openstreetmap.org/way/1065783252","https://commons.wikimedia.org/w/index.php?search=%E6%B4%97%E8%BD%A6%E6%88%BF&title=Special:MediaSearch&type=image"
"way/1065783253","thu","未命名校园建筑 way/1065783253","teaching","4","13.8","gray-brick","#8b8880","#d6d0bf","flat","0","#8ba397","esri-thu","","","academic","main-entrance","","estimated","pending-field-check","osm|esri-world-imagery|thu-map|thu-landscape|thu-planning|thu-gallery|thu-commons","https://www.openstreetmap.org/way/1065783253","https://commons.wikimedia.org/w/index.php?search=%E6%9C%AA%E5%91%BD%E5%90%8D%E6%A0%A1%E5%9B%AD%E5%BB%BA%E7%AD%91%20way%2F1065783253&title=Special:MediaSearch&type=image"
"way/1065783254","thu","接待服务中心","teaching","6","20.7","glass","#7896a2","#a7babd","flat","0","#869a8a","esri-thu","","","academic","main-entrance","","estimated","pending-field-check","osm|esri-world-imagery|thu-map|thu-landscape|thu-planning|thu-gallery|thu-commons","https://www.openstreetmap.org/way/1065783254","https://commons.wikimedia.org/w/index.php?search=%E6%8E%A5%E5%BE%85%E6%9C%8D%E5%8A%A1%E4%B8%AD%E5%BF%83&title=Special:MediaSearch&type=image"
"way/1065783255","thu","未命名校园建筑 way/1065783255","teaching","4","13.8","gray-brick","#8b8880","#d6d0bf","flat","0","#95a288","esri-thu","","","academic","main-entrance","","estimated","pending-field-check","osm|esri-world-imagery|thu-map|thu-landscape|thu-planning|thu-gallery|thu-commons","https://www.openstreetmap.org/way/1065783255","https://commons.wikimedia.org/w/index.php?search=%E6%9C%AA%E5%91%BD%E5%90%8D%E6%A0%A1%E5%9B%AD%E5%BB%BA%E7%AD%91%20way%2F1065783255&title=Special:MediaSearch&type=image"
"way/1065783256","thu","未命名校园建筑 way/1065783256","teaching","4","13.8","gray-brick","#8b8880","#d6d0bf","flat","0","#84a998","esri-thu","","","academic","main-entrance","","estimated","pending-field-check","osm|esri-world-imagery|thu-map|thu-landscape|thu-planning|thu-gallery|thu-commons","https://www.openstreetmap.org/way/1065783256","https://commons.wikimedia.org/w/index.php?search=%E6%9C%AA%E5%91%BD%E5%90%8D%E6%A0%A1%E5%9B%AD%E5%BB%BA%E7%AD%91%20way%2F1065783256&title=Special:MediaSearch&type=image"
"way/1065783257","thu","未命名校园建筑 way/1065783257","teaching","4","13.8","gray-brick","#8b8880","#d6d0bf","flat","0","#8dab9c","esri-thu","","","academic","main-entrance","","estimated","pending-field-check","osm|esri-world-imagery|thu-map|thu-landscape|thu-planning|thu-gallery|thu-commons","https://www.openstreetmap.org/way/1065783257","https://commons.wikimedia.org/w/index.php?search=%E6%9C%AA%E5%91%BD%E5%90%8D%E6%A0%A1%E5%9B%AD%E5%BB%BA%E7%AD%91%20way%2F1065783257&title=Special:MediaSearch&type=image"
"way/1066880985","thu","未命名校园建筑 way/1066880985","teaching","4","13.8","gray-brick","#8b8880","#d6d0bf","flat","0","#757361","esri-thu","","","academic","main-entrance","","estimated","pending-field-check","osm|esri-world-imagery|thu-map|thu-landscape|thu-planning|thu-gallery|thu-commons","https://www.openstreetmap.org/way/1066880985","https://commons.wikimedia.org/w/index.php?search=%E6%9C%AA%E5%91%BD%E5%90%8D%E6%A0%A1%E5%9B%AD%E5%BB%BA%E7%AD%91%20way%2F1066880985&title=Special:MediaSearch&type=image"
"way/1067508253","thu","旧经管报告厅","teaching","4","13.8","red-brick","#8b5a49","#d2c5ab","flat","0","#3d4c33","esri-thu","","","academic","main-entrance","","estimated","pending-field-check","osm|esri-world-imagery|thu-map|thu-landscape|thu-planning|thu-gallery|thu-commons","https://www.openstreetmap.org/way/1067508253","https://commons.wikimedia.org/w/index.php?search=%E6%97%A7%E7%BB%8F%E7%AE%A1%E6%8A%A5%E5%91%8A%E5%8E%85&title=Special:MediaSearch&type=image"
"way/1070554922","thu","清华天文台","teaching","4","13.8","red-brick","#8b5a49","#d2c5ab","flat","0","#777b78","","","","academic","main-entrance","","estimated","pending-field-check","osm|esri-world-imagery|thu-map|thu-landscape|thu-planning|thu-gallery|thu-commons","https://www.openstreetmap.org/way/1070554922","https://commons.wikimedia.org/w/index.php?search=%E6%B8%85%E5%8D%8E%E5%A4%A9%E6%96%87%E5%8F%B0&title=Special:MediaSearch&type=image"
"way/1070554929","thu","零零阁","teaching","4","13.8","red-brick","#8b5a49","#d2c5ab","flat","0","#777b78","","","","academic","main-entrance","","estimated","pending-field-check","osm|esri-world-imagery|thu-map|thu-landscape|thu-planning|thu-gallery|thu-commons","https://www.openstreetmap.org/way/1070554929","https://commons.wikimedia.org/w/index.php?search=%E9%9B%B6%E9%9B%B6%E9%98%81&title=Special:MediaSearch&type=image"
"way/1070554930","thu","未命名校园建筑 way/1070554930","teaching","4","13.8","gray-brick","#8b8880","#d6d0bf","flat","0","#494c33","esri-thu","","","academic","main-entrance","","estimated","pending-field-check","osm|esri-world-imagery|thu-map|thu-landscape|thu-planning|thu-gallery|thu-commons","https://www.openstreetmap.org/way/1070554930","https://commons.wikimedia.org/w/index.php?search=%E6%9C%AA%E5%91%BD%E5%90%8D%E6%A0%A1%E5%9B%AD%E5%BB%BA%E7%AD%91%20way%2F1070554930&title=Special:MediaSearch&type=image"
"way/1070554931","thu","未命名校园建筑 way/1070554931","teaching","4","13.8","gray-brick","#8b8880","#d6d0bf","flat","0","#9d997d","esri-thu","","","academic","main-entrance","","estimated","pending-field-check","osm|esri-world-imagery|thu-map|thu-landscape|thu-planning|thu-gallery|thu-commons","https://www.openstreetmap.org/way/1070554931","https://commons.wikimedia.org/w/index.php?search=%E6%9C%AA%E5%91%BD%E5%90%8D%E6%A0%A1%E5%9B%AD%E5%BB%BA%E7%AD%91%20way%2F1070554931&title=Special:MediaSearch&type=image"
"way/1075644736","pku","未命名校园建筑 way/1075644736","teaching","4","13.8","gray-brick","#8b8880","#d6d0bf","flat","0","#454c3f","esri-pku","","","academic","main-entrance","","estimated","pending-field-check","osm|esri-world-imagery|pku-map|pku-visit|pku-photo|pku-commons","https://www.openstreetmap.org/way/1075644736","https://commons.wikimedia.org/w/index.php?search=%E6%9C%AA%E5%91%BD%E5%90%8D%E6%A0%A1%E5%9B%AD%E5%BB%BA%E7%AD%91%20way%2F1075644736&title=Special:MediaSearch&type=image"
"way/1075644738","pku","未命名校园建筑 way/1075644738","teaching","4","13.8","gray-brick","#8b8880","#d6d0bf","flat","0","#777b78","","","","academic","main-entrance","","estimated","pending-field-check","osm|esri-world-imagery|pku-map|pku-visit|pku-photo|pku-commons","https://www.openstreetmap.org/way/1075644738","https://commons.wikimedia.org/w/index.php?search=%E6%9C%AA%E5%91%BD%E5%90%8D%E6%A0%A1%E5%9B%AD%E5%BB%BA%E7%AD%91%20way%2F1075644738&title=Special:MediaSearch&type=image"
"way/1075644751","pku","李兆基人文学苑","teaching","4","13.8","stone","#b1aa98","#d6d0bf","flat","0","#5c6451","esri-pku","","","academic","main-entrance","","estimated","pending-field-check","osm|esri-world-imagery|pku-map|pku-visit|pku-photo|pku-commons","https://www.openstreetmap.org/way/1075644751","https://commons.wikimedia.org/w/index.php?search=%E6%9D%8E%E5%85%86%E5%9F%BA%E4%BA%BA%E6%96%87%E5%AD%A6%E8%8B%91&title=Special:MediaSearch&type=image"
"way/1075644753","pku","未命名校园建筑 way/1075644753","teaching","4","13.8","gray-brick","#8b8880","#d6d0bf","flat","0","#494c34","esri-pku","","","academic","main-entrance","","estimated","pending-field-check","osm|esri-world-imagery|pku-map|pku-visit|pku-photo|pku-commons","https://www.openstreetmap.org/way/1075644753","https://commons.wikimedia.org/w/index.php?search=%E6%9C%AA%E5%91%BD%E5%90%8D%E6%A0%A1%E5%9B%AD%E5%BB%BA%E7%AD%91%20way%2F1075644753&title=Special:MediaSearch&type=image"
"way/1075644754","pku","未命名校园建筑 way/1075644754","teaching","4","13.8","gray-brick","#8b8880","#d6d0bf","flat","0","#4c4c35","esri-pku","","","academic","main-entrance","","estimated","pending-field-check","osm|esri-world-imagery|pku-map|pku-visit|pku-photo|pku-commons","https://www.openstreetmap.org/way/1075644754","https://commons.wikimedia.org/w/index.php?search=%E6%9C%AA%E5%91%BD%E5%90%8D%E6%A0%A1%E5%9B%AD%E5%BB%BA%E7%AD%91%20way%2F1075644754&title=Special:MediaSearch&type=image"
"way/1075644756","pku","未命名校园建筑 way/1075644756","teaching","4","13.8","gray-brick","#8b8880","#d6d0bf","flat","0","#4c4c32","esri-pku","","","academic","main-entrance","","estimated","pending-field-check","osm|esri-world-imagery|pku-map|pku-visit|pku-photo|pku-commons","https://www.openstreetmap.org/way/1075644756","https://commons.wikimedia.org/w/index.php?search=%E6%9C%AA%E5%91%BD%E5%90%8D%E6%A0%A1%E5%9B%AD%E5%BB%BA%E7%AD%91%20way%2F1075644756&title=Special:MediaSearch&type=image"
"way/1075644757","pku","未命名校园建筑 way/1075644757","teaching","4","13.8","gray-brick","#8b8880","#d6d0bf","flat","0","#616450","esri-pku","","","academic","main-entrance","","estimated","pending-field-check","osm|esri-world-imagery|pku-map|pku-visit|pku-photo|pku-commons","https://www.openstreetmap.org/way/1075644757","https://commons.wikimedia.org/w/index.php?search=%E6%9C%AA%E5%91%BD%E5%90%8D%E6%A0%A1%E5%9B%AD%E5%BB%BA%E7%AD%91%20way%2F1075644757&title=Special:MediaSearch&type=image"
"way/1075644758","pku","未命名校园建筑 way/1075644758","teaching","4","13.8","gray-brick","#8b8880","#d6d0bf","flat","0","#4c4934","esri-pku","","","academic","main-entrance","","estimated","pending-field-check","osm|esri-world-imagery|pku-map|pku-visit|pku-photo|pku-commons","https://www.openstreetmap.org/way/1075644758","https://commons.wikimedia.org/w/index.php?search=%E6%9C%AA%E5%91%BD%E5%90%8D%E6%A0%A1%E5%9B%AD%E5%BB%BA%E7%AD%91%20way%2F1075644758&title=Special:MediaSearch&type=image"
"way/1075644759","pku","北大-港理工中国社会工作研究中心（恩善苑）","teaching","6","20.7","glass","#7896a2","#a7babd","flat","0","#484c3c","esri-pku","","","academic","main-entrance","","estimated","pending-field-check","osm|esri-world-imagery|pku-map|pku-visit|pku-photo|pku-commons","https://www.openstreetmap.org/way/1075644759","https://commons.wikimedia.org/w/index.php?search=%E5%8C%97%E5%A4%A7-%E6%B8%AF%E7%90%86%E5%B7%A5%E4%B8%AD%E5%9B%BD%E7%A4%BE%E4%BC%9A%E5%B7%A5%E4%BD%9C%E7%A0%94%E7%A9%B6%E4%B8%AD%E5%BF%83%EF%BC%88%E6%81%A9%E5%96%84%E8%8B%91%EF%BC%89&title=Special:MediaSearch&type=image"
"way/1075644760","pku","未命名校园建筑 way/1075644760","teaching","4","13.8","gray-brick","#8b8880","#d6d0bf","flat","0","#7b7d6d","esri-pku","","","academic","main-entrance","","estimated","pending-field-check","osm|esri-world-imagery|pku-map|pku-visit|pku-photo|pku-commons","https://www.openstreetmap.org/way/1075644760","https://commons.wikimedia.org/w/index.php?search=%E6%9C%AA%E5%91%BD%E5%90%8D%E6%A0%A1%E5%9B%AD%E5%BB%BA%E7%AD%91%20way%2F1075644760&title=Special:MediaSearch&type=image"
"way/1075644761","pku","未命名校园建筑 way/1075644761","teaching","4","13.8","gray-brick","#8b8880","#d6d0bf","flat","0","#656e5c","esri-pku","","","academic","main-entrance","","estimated","pending-field-check","osm|esri-world-imagery|pku-map|pku-visit|pku-photo|pku-commons","https://www.openstreetmap.org/way/1075644761","https://commons.wikimedia.org/w/index.php?search=%E6%9C%AA%E5%91%BD%E5%90%8D%E6%A0%A1%E5%9B%AD%E5%BB%BA%E7%AD%91%20way%2F1075644761&title=Special:MediaSearch&type=image"
"way/1086339221","thu","B座(图书馆楼/华茂楼)","library","5","22","red-brick","#8b5a49","#d2c5ab","flat","0","#616452","esri-thu","","","academic","library-wings","","osm","verified-osm","osm|esri-world-imagery|thu-map|thu-landscape|thu-planning|thu-gallery|thu-commons","https://www.openstreetmap.org/way/1086339221","https://commons.wikimedia.org/w/index.php?search=B%E5%BA%A7(%E5%9B%BE%E4%B9%A6%E9%A6%86%E6%A5%BC%2F%E5%8D%8E%E8%8C%82%E6%A5%BC)&title=Special:MediaSearch&type=image"
"way/1086578214","pku","未命名校园建筑 way/1086578214","teaching","4","13.8","gray-brick","#8b8880","#d6d0bf","flat","0","#444c47","esri-pku","","","academic","main-entrance","","estimated","pending-field-check","osm|esri-world-imagery|pku-map|pku-visit|pku-photo|pku-commons","https://www.openstreetmap.org/way/1086578214","https://commons.wikimedia.org/w/index.php?search=%E6%9C%AA%E5%91%BD%E5%90%8D%E6%A0%A1%E5%9B%AD%E5%BB%BA%E7%AD%91%20way%2F1086578214&title=Special:MediaSearch&type=image"
"way/1086578215","pku","未命名校园建筑 way/1086578215","teaching","4","13.8","gray-brick","#8b8880","#d6d0bf","flat","0","#5a6861","esri-pku","","","academic","main-entrance","","estimated","pending-field-check","osm|esri-world-imagery|pku-map|pku-visit|pku-photo|pku-commons","https://www.openstreetmap.org/way/1086578215","https://commons.wikimedia.org/w/index.php?search=%E6%9C%AA%E5%91%BD%E5%90%8D%E6%A0%A1%E5%9B%AD%E5%BB%BA%E7%AD%91%20way%2F1086578215&title=Special:MediaSearch&type=image"
"way/1086578216","pku","未命名校园建筑 way/1086578216","teaching","4","13.8","gray-brick","#8b8880","#d6d0bf","flat","0","#ba9e87","esri-pku","","","academic","main-entrance","","estimated","pending-field-check","osm|esri-world-imagery|pku-map|pku-visit|pku-photo|pku-commons","https://www.openstreetmap.org/way/1086578216","https://commons.wikimedia.org/w/index.php?search=%E6%9C%AA%E5%91%BD%E5%90%8D%E6%A0%A1%E5%9B%AD%E5%BB%BA%E7%AD%91%20way%2F1086578216&title=Special:MediaSearch&type=image"
"way/1086578217","pku","未命名校园建筑 way/1086578217","teaching","4","13.8","gray-brick","#8b8880","#d6d0bf","flat","0","#7e7e6c","esri-pku","","","academic","main-entrance","","estimated","pending-field-check","osm|esri-world-imagery|pku-map|pku-visit|pku-photo|pku-commons","https://www.openstreetmap.org/way/1086578217","https://commons.wikimedia.org/w/index.php?search=%E6%9C%AA%E5%91%BD%E5%90%8D%E6%A0%A1%E5%9B%AD%E5%BB%BA%E7%AD%91%20way%2F1086578217&title=Special:MediaSearch&type=image"
"way/1086578218","pku","未命名校园建筑 way/1086578218","teaching","4","13.8","gray-brick","#8b8880","#d6d0bf","flat","0","#646858","esri-pku","","","academic","main-entrance","","estimated","pending-field-check","osm|esri-world-imagery|pku-map|pku-visit|pku-photo|pku-commons","https://www.openstreetmap.org/way/1086578218","https://commons.wikimedia.org/w/index.php?search=%E6%9C%AA%E5%91%BD%E5%90%8D%E6%A0%A1%E5%9B%AD%E5%BB%BA%E7%AD%91%20way%2F1086578218&title=Special:MediaSearch&type=image"
"way/1086578219","pku","章桂堂","teaching","4","13.8","stone","#b1aa98","#d6d0bf","flat","0","#5a6257","esri-pku","","","academic","main-entrance","","estimated","pending-field-check","osm|esri-world-imagery|pku-map|pku-visit|pku-photo|pku-commons","https://www.openstreetmap.org/way/1086578219","https://commons.wikimedia.org/w/index.php?search=%E7%AB%A0%E6%A1%82%E5%A0%82&title=Special:MediaSearch&type=image"
"way/1086578220","pku","未命名校园建筑 way/1086578220","teaching","4","13.8","gray-brick","#8b8880","#d6d0bf","flat","0","#3e4c3b","esri-pku","","","academic","main-entrance","","estimated","pending-field-check","osm|esri-world-imagery|pku-map|pku-visit|pku-photo|pku-commons","https://www.openstreetmap.org/way/1086578220","https://commons.wikimedia.org/w/index.php?search=%E6%9C%AA%E5%91%BD%E5%90%8D%E6%A0%A1%E5%9B%AD%E5%BB%BA%E7%AD%91%20way%2F1086578220&title=Special:MediaSearch&type=image"
"way/1086578221","pku","亨利楼","teaching","4","13.8","stone","#b1aa98","#d6d0bf","flat","0","#3b4c39","esri-pku","","","academic","main-entrance","","estimated","pending-field-check","osm|esri-world-imagery|pku-map|pku-visit|pku-photo|pku-commons","https://www.openstreetmap.org/way/1086578221","https://commons.wikimedia.org/w/index.php?search=%E4%BA%A8%E5%88%A9%E6%A5%BC&title=Special:MediaSearch&type=image"
"way/1091239428","pku","未命名校园建筑 way/1091239428","teaching","4","13.8","gray-brick","#8b8880","#d6d0bf","flat","0","#6b6b54","esri-pku","","","academic","main-entrance","","estimated","pending-field-check","osm|esri-world-imagery|pku-map|pku-visit|pku-photo|pku-commons","https://www.openstreetmap.org/way/1091239428","https://commons.wikimedia.org/w/index.php?search=%E6%9C%AA%E5%91%BD%E5%90%8D%E6%A0%A1%E5%9B%AD%E5%BB%BA%E7%AD%91%20way%2F1091239428&title=Special:MediaSearch&type=image"
"way/1092504034","pku","未命名校园建筑 way/1092504034","teaching","4","13.8","gray-brick","#8b8880","#d6d0bf","flat","0","#304c4a","esri-pku","","","academic","main-entrance","","estimated","pending-field-check","osm|esri-world-imagery|pku-map|pku-visit|pku-photo|pku-commons","https://www.openstreetmap.org/way/1092504034","https://commons.wikimedia.org/w/index.php?search=%E6%9C%AA%E5%91%BD%E5%90%8D%E6%A0%A1%E5%9B%AD%E5%BB%BA%E7%AD%91%20way%2F1092504034&title=Special:MediaSearch&type=image"
"way/1101754967","pku","未命名校园建筑 way/1101754967","teaching","4","13.8","gray-brick","#8b8880","#d6d0bf","flat","0","#1d414c","esri-pku","","","academic","main-entrance","","estimated","pending-field-check","osm|esri-world-imagery|pku-map|pku-visit|pku-photo|pku-commons","https://www.openstreetmap.org/way/1101754967","https://commons.wikimedia.org/w/index.php?search=%E6%9C%AA%E5%91%BD%E5%90%8D%E6%A0%A1%E5%9B%AD%E5%BB%BA%E7%AD%91%20way%2F1101754967&title=Special:MediaSearch&type=image"
"way/1101754968","pku","未命名校园建筑 way/1101754968","teaching","4","13.8","gray-brick","#8b8880","#d6d0bf","flat","0","#1e464c","esri-pku","","","academic","main-entrance","","estimated","pending-field-check","osm|esri-world-imagery|pku-map|pku-visit|pku-photo|pku-commons","https://www.openstreetmap.org/way/1101754968","https://commons.wikimedia.org/w/index.php?search=%E6%9C%AA%E5%91%BD%E5%90%8D%E6%A0%A1%E5%9B%AD%E5%BB%BA%E7%AD%91%20way%2F1101754968&title=Special:MediaSearch&type=image"
"way/1101754969","pku","未命名校园建筑 way/1101754969","teaching","4","13.8","gray-brick","#8b8880","#d6d0bf","flat","0","#2a4b4c","esri-pku","","","academic","main-entrance","","estimated","pending-field-check","osm|esri-world-imagery|pku-map|pku-visit|pku-photo|pku-commons","https://www.openstreetmap.org/way/1101754969","https://commons.wikimedia.org/w/index.php?search=%E6%9C%AA%E5%91%BD%E5%90%8D%E6%A0%A1%E5%9B%AD%E5%BB%BA%E7%AD%91%20way%2F1101754969&title=Special:MediaSearch&type=image"
"way/1101754970","pku","未命名校园建筑 way/1101754970","teaching","4","13.8","gray-brick","#8b8880","#d6d0bf","flat","0","#294c4c","esri-pku","","","academic","main-entrance","","estimated","pending-field-check","osm|esri-world-imagery|pku-map|pku-visit|pku-photo|pku-commons","https://www.openstreetmap.org/way/1101754970","https://commons.wikimedia.org/w/index.php?search=%E6%9C%AA%E5%91%BD%E5%90%8D%E6%A0%A1%E5%9B%AD%E5%BB%BA%E7%AD%91%20way%2F1101754970&title=Special:MediaSearch&type=image"
"way/1101754971","pku","未命名校园建筑 way/1101754971","teaching","4","13.8","gray-brick","#8b8880","#d6d0bf","flat","0","#1f454c","esri-pku","","","academic","main-entrance","","estimated","pending-field-check","osm|esri-world-imagery|pku-map|pku-visit|pku-photo|pku-commons","https://www.openstreetmap.org/way/1101754971","https://commons.wikimedia.org/w/index.php?search=%E6%9C%AA%E5%91%BD%E5%90%8D%E6%A0%A1%E5%9B%AD%E5%BB%BA%E7%AD%91%20way%2F1101754971&title=Special:MediaSearch&type=image"
"way/1113711563","thu","建筑馆报告厅","teaching","4","13.8","red-brick","#8b5a49","#d2c5ab","flat","0","#9c9a87","esri-thu","","","academic","main-entrance","","estimated","pending-field-check","osm|esri-world-imagery|thu-map|thu-landscape|thu-planning|thu-gallery|thu-commons","https://www.openstreetmap.org/way/1113711563","https://commons.wikimedia.org/w/index.php?search=%E5%BB%BA%E7%AD%91%E9%A6%86%E6%8A%A5%E5%91%8A%E5%8E%85&title=Special:MediaSearch&type=image"
"way/1113711571","thu","水力枢纽","teaching","4","13.8","red-brick","#8b5a49","#d2c5ab","flat","0","#777b78","","","","academic","main-entrance","","estimated","pending-field-check","osm|esri-world-imagery|thu-map|thu-landscape|thu-planning|thu-gallery|thu-commons","https://www.openstreetmap.org/way/1113711571","https://commons.wikimedia.org/w/index.php?search=%E6%B0%B4%E5%8A%9B%E6%9E%A2%E7%BA%BD&title=Special:MediaSearch&type=image"
"way/1113711577","thu","未命名校园建筑 way/1113711577","teaching","4","13.8","gray-brick","#8b8880","#d6d0bf","flat","0","#898470","esri-thu","","","academic","main-entrance","","estimated","pending-field-check","osm|esri-world-imagery|thu-map|thu-landscape|thu-planning|thu-gallery|thu-commons","https://www.openstreetmap.org/way/1113711577","https://commons.wikimedia.org/w/index.php?search=%E6%9C%AA%E5%91%BD%E5%90%8D%E6%A0%A1%E5%9B%AD%E5%BB%BA%E7%AD%91%20way%2F1113711577&title=Special:MediaSearch&type=image"
"way/1113711587","thu","未命名校园建筑 way/1113711587","teaching","4","13.8","gray-brick","#8b8880","#d6d0bf","flat","0","#777b78","","","","academic","main-entrance","","estimated","pending-field-check","osm|esri-world-imagery|thu-map|thu-landscape|thu-planning|thu-gallery|thu-commons","https://www.openstreetmap.org/way/1113711587","https://commons.wikimedia.org/w/index.php?search=%E6%9C%AA%E5%91%BD%E5%90%8D%E6%A0%A1%E5%9B%AD%E5%BB%BA%E7%AD%91%20way%2F1113711587&title=Special:MediaSearch&type=image"
"way/1113711597","thu","未命名校园建筑 way/1113711597","teaching","4","13.8","gray-brick","#8b8880","#d6d0bf","flat","0","#4d564d","esri-thu","","","academic","main-entrance","","estimated","pending-field-check","osm|esri-world-imagery|thu-map|thu-landscape|thu-planning|thu-gallery|thu-commons","https://www.openstreetmap.org/way/1113711597","https://commons.wikimedia.org/w/index.php?search=%E6%9C%AA%E5%91%BD%E5%90%8D%E6%A0%A1%E5%9B%AD%E5%BB%BA%E7%AD%91%20way%2F1113711597&title=Special:MediaSearch&type=image"
"way/1113711599","thu","未命名校园建筑 way/1113711599","teaching","4","13.8","gray-brick","#8b8880","#d6d0bf","flat","0","#837c65","esri-thu","","","academic","main-entrance","","estimated","pending-field-check","osm|esri-world-imagery|thu-map|thu-landscape|thu-planning|thu-gallery|thu-commons","https://www.openstreetmap.org/way/1113711599","https://commons.wikimedia.org/w/index.php?search=%E6%9C%AA%E5%91%BD%E5%90%8D%E6%A0%A1%E5%9B%AD%E5%BB%BA%E7%AD%91%20way%2F1113711599&title=Special:MediaSearch&type=image"
"way/1115143047","thu","未命名校园建筑 way/1115143047","teaching","4","13.8","gray-brick","#8b8880","#d6d0bf","flat","0","#a1a79a","esri-thu","","","academic","main-entrance","","estimated","pending-field-check","osm|esri-world-imagery|thu-map|thu-landscape|thu-planning|thu-gallery|thu-commons","https://www.openstreetmap.org/way/1115143047","https://commons.wikimedia.org/w/index.php?search=%E6%9C%AA%E5%91%BD%E5%90%8D%E6%A0%A1%E5%9B%AD%E5%BB%BA%E7%AD%91%20way%2F1115143047&title=Special:MediaSearch&type=image"
"way/1123293329","thu","小桥修车店","teaching","4","13.8","red-brick","#8b5a49","#d2c5ab","flat","0","#4a4c3b","esri-thu","","","academic","main-entrance","","estimated","pending-field-check","osm|esri-world-imagery|thu-map|thu-landscape|thu-planning|thu-gallery|thu-commons","https://www.openstreetmap.org/way/1123293329","https://commons.wikimedia.org/w/index.php?search=%E5%B0%8F%E6%A1%A5%E4%BF%AE%E8%BD%A6%E5%BA%97&title=Special:MediaSearch&type=image"
"way/1128051495","thu","未命名校园建筑 way/1128051495","teaching","1","3.5","gray-brick","#8b8880","#d6d0bf","flat","0","#88836b","esri-thu","","","academic","main-entrance","","osm","verified-osm","osm|esri-world-imagery|thu-map|thu-landscape|thu-planning|thu-gallery|thu-commons","https://www.openstreetmap.org/way/1128051495","https://commons.wikimedia.org/w/index.php?search=%E6%9C%AA%E5%91%BD%E5%90%8D%E6%A0%A1%E5%9B%AD%E5%BB%BA%E7%AD%91%20way%2F1128051495&title=Special:MediaSearch&type=image"
"way/1128051496","thu","未命名校园建筑 way/1128051496","teaching","1","3.5","gray-brick","#8b8880","#d6d0bf","flat","0","#8d8872","esri-thu","","","academic","main-entrance","","osm","verified-osm","osm|esri-world-imagery|thu-map|thu-landscape|thu-planning|thu-gallery|thu-commons","https://www.openstreetmap.org/way/1128051496","https://commons.wikimedia.org/w/index.php?search=%E6%9C%AA%E5%91%BD%E5%90%8D%E6%A0%A1%E5%9B%AD%E5%BB%BA%E7%AD%91%20way%2F1128051496&title=Special:MediaSearch&type=image"
"way/1128216279","thu","北体育馆","sports","2","9.6","red-brick","#8b5a49","#d2c5ab","flat","0","#9ea190","esri-thu","","","academic","main-entrance","","estimated","pending-field-check","osm|esri-world-imagery|thu-map|thu-landscape|thu-planning|thu-gallery|thu-commons","https://www.openstreetmap.org/way/1128216279","https://commons.wikimedia.org/w/index.php?search=%E5%8C%97%E4%BD%93%E8%82%B2%E9%A6%86&title=Special:MediaSearch&type=image"
"way/1150459878","thu","无障碍服务亭","teaching","4","13.8","red-brick","#8b5a49","#d2c5ab","flat","0","#475141","esri-thu","","","academic","main-entrance","","estimated","pending-field-check","osm|esri-world-imagery|thu-map|thu-landscape|thu-planning|thu-gallery|thu-commons","https://www.openstreetmap.org/way/1150459878","https://commons.wikimedia.org/w/index.php?search=%E6%97%A0%E9%9A%9C%E7%A2%8D%E6%9C%8D%E5%8A%A1%E4%BA%AD&title=Special:MediaSearch&type=image"
"way/1150459899","thu","未命名校园建筑 way/1150459899","teaching","4","13.8","gray-brick","#8b8880","#d6d0bf","flat","0","#6f715d","esri-thu","","","academic","main-entrance","","estimated","pending-field-check","osm|esri-world-imagery|thu-map|thu-landscape|thu-planning|thu-gallery|thu-commons","https://www.openstreetmap.org/way/1150459899","https://commons.wikimedia.org/w/index.php?search=%E6%9C%AA%E5%91%BD%E5%90%8D%E6%A0%A1%E5%9B%AD%E5%BB%BA%E7%AD%91%20way%2F1150459899&title=Special:MediaSearch&type=image"
"way/1150459900","thu","未命名校园建筑 way/1150459900","teaching","4","13.8","gray-brick","#8b8880","#d6d0bf","flat","0","#5c5943","esri-thu","","","academic","main-entrance","","estimated","pending-field-check","osm|esri-world-imagery|thu-map|thu-landscape|thu-planning|thu-gallery|thu-commons","https://www.openstreetmap.org/way/1150459900","https://commons.wikimedia.org/w/index.php?search=%E6%9C%AA%E5%91%BD%E5%90%8D%E6%A0%A1%E5%9B%AD%E5%BB%BA%E7%AD%91%20way%2F1150459900&title=Special:MediaSearch&type=image"
"way/1150469990","thu","未命名校园建筑 way/1150469990","teaching","4","13.8","gray-brick","#8b8880","#d6d0bf","flat","0","#4c4c3e","esri-thu","","","academic","main-entrance","","estimated","pending-field-check","osm|esri-world-imagery|thu-map|thu-landscape|thu-planning|thu-gallery|thu-commons","https://www.openstreetmap.org/way/1150469990","https://commons.wikimedia.org/w/index.php?search=%E6%9C%AA%E5%91%BD%E5%90%8D%E6%A0%A1%E5%9B%AD%E5%BB%BA%E7%AD%91%20way%2F1150469990&title=Special:MediaSearch&type=image"
"way/1157945330","pku","未命名校园建筑 way/1157945330","teaching","4","13.8","gray-brick","#8b8880","#d6d0bf","flat","0","#4e4b3c","esri-pku","","","academic","main-entrance","","estimated","pending-field-check","osm|esri-world-imagery|pku-map|pku-visit|pku-photo|pku-commons","https://www.openstreetmap.org/way/1157945330","https://commons.wikimedia.org/w/index.php?search=%E6%9C%AA%E5%91%BD%E5%90%8D%E6%A0%A1%E5%9B%AD%E5%BB%BA%E7%AD%91%20way%2F1157945330&title=Special:MediaSearch&type=image"
"way/1177716099","thu","未命名校园建筑 way/1177716099","teaching","4","13.8","gray-brick","#8b8880","#d6d0bf","flat","0","#476162","esri-thu","","","academic","main-entrance","","estimated","pending-field-check","osm|esri-world-imagery|thu-map|thu-landscape|thu-planning|thu-gallery|thu-commons","https://www.openstreetmap.org/way/1177716099","https://commons.wikimedia.org/w/index.php?search=%E6%9C%AA%E5%91%BD%E5%90%8D%E6%A0%A1%E5%9B%AD%E5%BB%BA%E7%AD%91%20way%2F1177716099&title=Special:MediaSearch&type=image"
"way/1177716100","thu","未命名校园建筑 way/1177716100","teaching","4","13.8","gray-brick","#8b8880","#d6d0bf","flat","0","#586451","esri-thu","","","academic","main-entrance","","estimated","pending-field-check","osm|esri-world-imagery|thu-map|thu-landscape|thu-planning|thu-gallery|thu-commons","https://www.openstreetmap.org/way/1177716100","https://commons.wikimedia.org/w/index.php?search=%E6%9C%AA%E5%91%BD%E5%90%8D%E6%A0%A1%E5%9B%AD%E5%BB%BA%E7%AD%91%20way%2F1177716100&title=Special:MediaSearch&type=image"
"way/1177716101","thu","未命名校园建筑 way/1177716101","teaching","4","13.8","gray-brick","#8b8880","#d6d0bf","flat","0","#2e4c4c","esri-thu","","","academic","main-entrance","","estimated","pending-field-check","osm|esri-world-imagery|thu-map|thu-landscape|thu-planning|thu-gallery|thu-commons","https://www.openstreetmap.org/way/1177716101","https://commons.wikimedia.org/w/index.php?search=%E6%9C%AA%E5%91%BD%E5%90%8D%E6%A0%A1%E5%9B%AD%E5%BB%BA%E7%AD%91%20way%2F1177716101&title=Special:MediaSearch&type=image"
"way/1177716102","thu","未命名校园建筑 way/1177716102","teaching","4","13.8","gray-brick","#8b8880","#d6d0bf","flat","0","#9d9982","esri-thu","","","academic","main-entrance","","estimated","pending-field-check","osm|esri-world-imagery|thu-map|thu-landscape|thu-planning|thu-gallery|thu-commons","https://www.openstreetmap.org/way/1177716102","https://commons.wikimedia.org/w/index.php?search=%E6%9C%AA%E5%91%BD%E5%90%8D%E6%A0%A1%E5%9B%AD%E5%BB%BA%E7%AD%91%20way%2F1177716102&title=Special:MediaSearch&type=image"
"way/1177716103","thu","未命名校园建筑 way/1177716103","teaching","4","13.8","gray-brick","#8b8880","#d6d0bf","flat","0","#bcb89e","esri-thu","","","academic","main-entrance","","estimated","pending-field-check","osm|esri-world-imagery|thu-map|thu-landscape|thu-planning|thu-gallery|thu-commons","https://www.openstreetmap.org/way/1177716103","https://commons.wikimedia.org/w/index.php?search=%E6%9C%AA%E5%91%BD%E5%90%8D%E6%A0%A1%E5%9B%AD%E5%BB%BA%E7%AD%91%20way%2F1177716103&title=Special:MediaSearch&type=image"
"way/1177716104","thu","未命名校园建筑 way/1177716104","teaching","4","13.8","gray-brick","#8b8880","#d6d0bf","flat","0","#9e9e81","esri-thu","","","academic","main-entrance","","estimated","pending-field-check","osm|esri-world-imagery|thu-map|thu-landscape|thu-planning|thu-gallery|thu-commons","https://www.openstreetmap.org/way/1177716104","https://commons.wikimedia.org/w/index.php?search=%E6%9C%AA%E5%91%BD%E5%90%8D%E6%A0%A1%E5%9B%AD%E5%BB%BA%E7%AD%91%20way%2F1177716104&title=Special:MediaSearch&type=image"
"way/1177716105","thu","未命名校园建筑 way/1177716105","teaching","4","13.8","gray-brick","#8b8880","#d6d0bf","flat","0","#878b72","esri-thu","","","academic","main-entrance","","estimated","pending-field-check","osm|esri-world-imagery|thu-map|thu-landscape|thu-planning|thu-gallery|thu-commons","https://www.openstreetmap.org/way/1177716105","https://commons.wikimedia.org/w/index.php?search=%E6%9C%AA%E5%91%BD%E5%90%8D%E6%A0%A1%E5%9B%AD%E5%BB%BA%E7%AD%91%20way%2F1177716105&title=Special:MediaSearch&type=image"
"way/1177716106","thu","未命名校园建筑 way/1177716106","teaching","4","13.8","gray-brick","#8b8880","#d6d0bf","flat","0","#6d755e","esri-thu","","","academic","main-entrance","","estimated","pending-field-check","osm|esri-world-imagery|thu-map|thu-landscape|thu-planning|thu-gallery|thu-commons","https://www.openstreetmap.org/way/1177716106","https://commons.wikimedia.org/w/index.php?search=%E6%9C%AA%E5%91%BD%E5%90%8D%E6%A0%A1%E5%9B%AD%E5%BB%BA%E7%AD%91%20way%2F1177716106&title=Special:MediaSearch&type=image"
"way/1177716107","thu","未命名校园建筑 way/1177716107","teaching","4","13.8","gray-brick","#8b8880","#d6d0bf","flat","0","#bdbead","esri-thu","","","academic","main-entrance","","estimated","pending-field-check","osm|esri-world-imagery|thu-map|thu-landscape|thu-planning|thu-gallery|thu-commons","https://www.openstreetmap.org/way/1177716107","https://commons.wikimedia.org/w/index.php?search=%E6%9C%AA%E5%91%BD%E5%90%8D%E6%A0%A1%E5%9B%AD%E5%BB%BA%E7%AD%91%20way%2F1177716107&title=Special:MediaSearch&type=image"
"way/1177716108","thu","未命名校园建筑 way/1177716108","teaching","4","13.8","gray-brick","#8b8880","#d6d0bf","flat","0","#656955","esri-thu","","","academic","main-entrance","","estimated","pending-field-check","osm|esri-world-imagery|thu-map|thu-landscape|thu-planning|thu-gallery|thu-commons","https://www.openstreetmap.org/way/1177716108","https://commons.wikimedia.org/w/index.php?search=%E6%9C%AA%E5%91%BD%E5%90%8D%E6%A0%A1%E5%9B%AD%E5%BB%BA%E7%AD%91%20way%2F1177716108&title=Special:MediaSearch&type=image"
"way/1177717915","thu","未命名校园建筑 way/1177717915","teaching","4","13.8","gray-brick","#8b8880","#d6d0bf","flat","0","#50584c","esri-thu","","","academic","main-entrance","","estimated","pending-field-check","osm|esri-world-imagery|thu-map|thu-landscape|thu-planning|thu-gallery|thu-commons","https://www.openstreetmap.org/way/1177717915","https://commons.wikimedia.org/w/index.php?search=%E6%9C%AA%E5%91%BD%E5%90%8D%E6%A0%A1%E5%9B%AD%E5%BB%BA%E7%AD%91%20way%2F1177717915&title=Special:MediaSearch&type=image"
"way/1178099039","thu","新土木馆","teaching","4","13.8","red-brick","#8b5a49","#d2c5ab","flat","0","#8b9083","esri-thu","","","academic","main-entrance","","estimated","pending-field-check","osm|esri-world-imagery|thu-map|thu-landscape|thu-planning|thu-gallery|thu-commons","https://www.openstreetmap.org/way/1178099039","https://commons.wikimedia.org/w/index.php?search=%E6%96%B0%E5%9C%9F%E6%9C%A8%E9%A6%86&title=Special:MediaSearch&type=image"
"way/1178227002","thu","未命名校园建筑 way/1178227002","teaching","4","13.8","gray-brick","#8b8880","#d6d0bf","flat","0","#334c43","esri-thu","","","academic","main-entrance","","estimated","pending-field-check","osm|esri-world-imagery|thu-map|thu-landscape|thu-planning|thu-gallery|thu-commons","https://www.openstreetmap.org/way/1178227002","https://commons.wikimedia.org/w/index.php?search=%E6%9C%AA%E5%91%BD%E5%90%8D%E6%A0%A1%E5%9B%AD%E5%BB%BA%E7%AD%91%20way%2F1178227002&title=Special:MediaSearch&type=image"
"way/1178227010","thu","未命名校园建筑 way/1178227010","teaching","4","13.8","gray-brick","#8b8880","#d6d0bf","flat","0","#646852","esri-thu","","","academic","main-entrance","","estimated","pending-field-check","osm|esri-world-imagery|thu-map|thu-landscape|thu-planning|thu-gallery|thu-commons","https://www.openstreetmap.org/way/1178227010","https://commons.wikimedia.org/w/index.php?search=%E6%9C%AA%E5%91%BD%E5%90%8D%E6%A0%A1%E5%9B%AD%E5%BB%BA%E7%AD%91%20way%2F1178227010&title=Special:MediaSearch&type=image"
"way/1178227011","thu","未命名校园建筑 way/1178227011","teaching","4","13.8","gray-brick","#8b8880","#d6d0bf","flat","0","#656753","esri-thu","","","academic","main-entrance","","estimated","pending-field-check","osm|esri-world-imagery|thu-map|thu-landscape|thu-planning|thu-gallery|thu-commons","https://www.openstreetmap.org/way/1178227011","https://commons.wikimedia.org/w/index.php?search=%E6%9C%AA%E5%91%BD%E5%90%8D%E6%A0%A1%E5%9B%AD%E5%BB%BA%E7%AD%91%20way%2F1178227011&title=Special:MediaSearch&type=image"
"way/1178530410","thu","未命名校园建筑 way/1178530410","teaching","4","13.8","gray-brick","#8b8880","#d6d0bf","flat","0","#334c41","esri-thu","","","academic","main-entrance","","estimated","pending-field-check","osm|esri-world-imagery|thu-map|thu-landscape|thu-planning|thu-gallery|thu-commons","https://www.openstreetmap.org/way/1178530410","https://commons.wikimedia.org/w/index.php?search=%E6%9C%AA%E5%91%BD%E5%90%8D%E6%A0%A1%E5%9B%AD%E5%BB%BA%E7%AD%91%20way%2F1178530410&title=Special:MediaSearch&type=image"
"way/1190946803","thu","未命名校园建筑 way/1190946803","teaching","4","13.8","gray-brick","#8b8880","#d6d0bf","flat","0","#797960","esri-thu","","","academic","main-entrance","","estimated","pending-field-check","osm|esri-world-imagery|thu-map|thu-landscape|thu-planning|thu-gallery|thu-commons","https://www.openstreetmap.org/way/1190946803","https://commons.wikimedia.org/w/index.php?search=%E6%9C%AA%E5%91%BD%E5%90%8D%E6%A0%A1%E5%9B%AD%E5%BB%BA%E7%AD%91%20way%2F1190946803&title=Special:MediaSearch&type=image"
"way/1196722208","thu","未命名校园建筑 way/1196722208","teaching","4","13.8","gray-brick","#8b8880","#d6d0bf","flat","0","#666758","esri-thu","","","academic","main-entrance","","estimated","pending-field-check","osm|esri-world-imagery|thu-map|thu-landscape|thu-planning|thu-gallery|thu-commons","https://www.openstreetmap.org/way/1196722208","https://commons.wikimedia.org/w/index.php?search=%E6%9C%AA%E5%91%BD%E5%90%8D%E6%A0%A1%E5%9B%AD%E5%BB%BA%E7%AD%91%20way%2F1196722208&title=Special:MediaSearch&type=image"
"way/1211983171","thu","百川楼","teaching","4","13.8","red-brick","#8b5a49","#d2c5ab","flat","0","#797e6e","esri-thu","","","academic","main-entrance","","estimated","pending-field-check","osm|esri-world-imagery|thu-map|thu-landscape|thu-planning|thu-gallery|thu-commons","https://www.openstreetmap.org/way/1211983171","https://commons.wikimedia.org/w/index.php?search=%E7%99%BE%E5%B7%9D%E6%A5%BC&title=Special:MediaSearch&type=image"
"way/1316913386","thu","清华附中体育馆","sports","2","9.6","red-brick","#8b5a49","#d2c5ab","flat","0","#929f8f","esri-thu","","","academic","main-entrance","","estimated","pending-field-check","osm|esri-world-imagery|thu-map|thu-landscape|thu-planning|thu-gallery|thu-commons","https://www.openstreetmap.org/way/1316913386","https://commons.wikimedia.org/w/index.php?search=%E6%B8%85%E5%8D%8E%E9%99%84%E4%B8%AD%E4%BD%93%E8%82%B2%E9%A6%86&title=Special:MediaSearch&type=image"
"way/1316913387","thu","未命名校园建筑 way/1316913387","teaching","4","13.8","gray-brick","#8b8880","#d6d0bf","flat","0","#696957","esri-thu","","","academic","main-entrance","","estimated","pending-field-check","osm|esri-world-imagery|thu-map|thu-landscape|thu-planning|thu-gallery|thu-commons","https://www.openstreetmap.org/way/1316913387","https://commons.wikimedia.org/w/index.php?search=%E6%9C%AA%E5%91%BD%E5%90%8D%E6%A0%A1%E5%9B%AD%E5%BB%BA%E7%AD%91%20way%2F1316913387&title=Special:MediaSearch&type=image"
"way/1316913393","thu","未命名校园建筑 way/1316913393","teaching","4","13.8","gray-brick","#8b8880","#d6d0bf","flat","0","#656553","esri-thu","","","academic","main-entrance","","estimated","pending-field-check","osm|esri-world-imagery|thu-map|thu-landscape|thu-planning|thu-gallery|thu-commons","https://www.openstreetmap.org/way/1316913393","https://commons.wikimedia.org/w/index.php?search=%E6%9C%AA%E5%91%BD%E5%90%8D%E6%A0%A1%E5%9B%AD%E5%BB%BA%E7%AD%91%20way%2F1316913393&title=Special:MediaSearch&type=image"
"way/1316913394","thu","G座(行政楼/成志楼)","teaching","4","13.8","red-brick","#8b5a49","#d2c5ab","flat","0","#285649","esri-thu","","","academic","main-entrance","","estimated","pending-field-check","osm|esri-world-imagery|thu-map|thu-landscape|thu-planning|thu-gallery|thu-commons","https://www.openstreetmap.org/way/1316913394","https://commons.wikimedia.org/w/index.php?search=G%E5%BA%A7(%E8%A1%8C%E6%94%BF%E6%A5%BC%2F%E6%88%90%E5%BF%97%E6%A5%BC)&title=Special:MediaSearch&type=image"
"way/1316913395","thu","华韵楼（音乐楼）","teaching","4","13.8","red-brick","#8b5a49","#d2c5ab","flat","0","#625e4b","esri-thu","","","academic","main-entrance","","estimated","pending-field-check","osm|esri-world-imagery|thu-map|thu-landscape|thu-planning|thu-gallery|thu-commons","https://www.openstreetmap.org/way/1316913395","https://commons.wikimedia.org/w/index.php?search=%E5%8D%8E%E9%9F%B5%E6%A5%BC%EF%BC%88%E9%9F%B3%E4%B9%90%E6%A5%BC%EF%BC%89&title=Special:MediaSearch&type=image"
"way/1316917843","thu","S座(新楼/华阳楼/实验楼-初中楼连廊)","teaching","4","13.8","red-brick","#8b5a49","#d2c5ab","flat","0","#565c48","esri-thu","","","academic","main-entrance","","estimated","pending-field-check","osm|esri-world-imagery|thu-map|thu-landscape|thu-planning|thu-gallery|thu-commons","https://www.openstreetmap.org/way/1316917843","https://commons.wikimedia.org/w/index.php?search=S%E5%BA%A7(%E6%96%B0%E6%A5%BC%2F%E5%8D%8E%E9%98%B3%E6%A5%BC%2F%E5%AE%9E%E9%AA%8C%E6%A5%BC-%E5%88%9D%E4%B8%AD%E6%A5%BC%E8%BF%9E%E5%BB%8A)&title=Special:MediaSearch&type=image"
"way/1316917845","thu","未命名校园建筑 way/1316917845","teaching","4","13.8","gray-brick","#8b8880","#d6d0bf","flat","0","#96937a","esri-thu","","","academic","main-entrance","","estimated","pending-field-check","osm|esri-world-imagery|thu-map|thu-landscape|thu-planning|thu-gallery|thu-commons","https://www.openstreetmap.org/way/1316917845","https://commons.wikimedia.org/w/index.php?search=%E6%9C%AA%E5%91%BD%E5%90%8D%E6%A0%A1%E5%9B%AD%E5%BB%BA%E7%AD%91%20way%2F1316917845&title=Special:MediaSearch&type=image"
"way/1316917846","thu","未命名校园建筑 way/1316917846","teaching","4","13.8","gray-brick","#8b8880","#d6d0bf","flat","0","#8a826e","esri-thu","","","academic","main-entrance","","estimated","pending-field-check","osm|esri-world-imagery|thu-map|thu-landscape|thu-planning|thu-gallery|thu-commons","https://www.openstreetmap.org/way/1316917846","https://commons.wikimedia.org/w/index.php?search=%E6%9C%AA%E5%91%BD%E5%90%8D%E6%A0%A1%E5%9B%AD%E5%BB%BA%E7%AD%91%20way%2F1316917846&title=Special:MediaSearch&type=image"
"way/1316917847","thu","未命名校园建筑 way/1316917847","teaching","4","13.8","gray-brick","#8b8880","#d6d0bf","flat","0","#c2c2b7","esri-thu","","","academic","main-entrance","","estimated","pending-field-check","osm|esri-world-imagery|thu-map|thu-landscape|thu-planning|thu-gallery|thu-commons","https://www.openstreetmap.org/way/1316917847","https://commons.wikimedia.org/w/index.php?search=%E6%9C%AA%E5%91%BD%E5%90%8D%E6%A0%A1%E5%9B%AD%E5%BB%BA%E7%AD%91%20way%2F1316917847&title=Special:MediaSearch&type=image"
"way/1316917848","thu","未命名校园建筑 way/1316917848","teaching","4","13.8","gray-brick","#8b8880","#d6d0bf","flat","0","#6c6d56","esri-thu","","","academic","main-entrance","","estimated","pending-field-check","osm|esri-world-imagery|thu-map|thu-landscape|thu-planning|thu-gallery|thu-commons","https://www.openstreetmap.org/way/1316917848","https://commons.wikimedia.org/w/index.php?search=%E6%9C%AA%E5%91%BD%E5%90%8D%E6%A0%A1%E5%9B%AD%E5%BB%BA%E7%AD%91%20way%2F1316917848&title=Special:MediaSearch&type=image"
"way/1337324769","thu","新化学馆","teaching","4","13.8","red-brick","#8b5a49","#d2c5ab","flat","0","#7a8375","esri-thu","","","academic","main-entrance","","osm","verified-osm","osm|esri-world-imagery|thu-map|thu-landscape|thu-planning|thu-gallery|thu-commons","https://www.openstreetmap.org/way/1337324769","https://commons.wikimedia.org/w/index.php?search=%E6%96%B0%E5%8C%96%E5%AD%A6%E9%A6%86&title=Special:MediaSearch&type=image"
"way/1337326785","thu","西北5","teaching","4","13.8","red-brick","#8b5a49","#d2c5ab","flat","0","#919382","esri-thu","","","academic","main-entrance","","estimated","pending-field-check","osm|esri-world-imagery|thu-map|thu-landscape|thu-planning|thu-gallery|thu-commons","https://www.openstreetmap.org/way/1337326785","https://commons.wikimedia.org/w/index.php?search=%E8%A5%BF%E5%8C%975&title=Special:MediaSearch&type=image"
"way/1337326786","thu","西北11","teaching","4","13.8","red-brick","#8b5a49","#d2c5ab","flat","0","#959281","esri-thu","","","academic","main-entrance","","estimated","pending-field-check","osm|esri-world-imagery|thu-map|thu-landscape|thu-planning|thu-gallery|thu-commons","https://www.openstreetmap.org/way/1337326786","https://commons.wikimedia.org/w/index.php?search=%E8%A5%BF%E5%8C%9711&title=Special:MediaSearch&type=image"
"way/1337329588","thu","动振小楼","teaching","4","13.8","red-brick","#8b5a49","#d2c5ab","flat","0","#bcb09d","esri-thu","","","academic","main-entrance","","estimated","pending-field-check","osm|esri-world-imagery|thu-map|thu-landscape|thu-planning|thu-gallery|thu-commons","https://www.openstreetmap.org/way/1337329588","https://commons.wikimedia.org/w/index.php?search=%E5%8A%A8%E6%8C%AF%E5%B0%8F%E6%A5%BC&title=Special:MediaSearch&type=image"
"way/1337334013","thu","未命名校园建筑 way/1337334013","teaching","4","13.8","gray-brick","#8b8880","#d6d0bf","flat","0","#6c6f61","esri-thu","","","academic","main-entrance","","estimated","pending-field-check","osm|esri-world-imagery|thu-map|thu-landscape|thu-planning|thu-gallery|thu-commons","https://www.openstreetmap.org/way/1337334013","https://commons.wikimedia.org/w/index.php?search=%E6%9C%AA%E5%91%BD%E5%90%8D%E6%A0%A1%E5%9B%AD%E5%BB%BA%E7%AD%91%20way%2F1337334013&title=Special:MediaSearch&type=image"
"way/1337334014","thu","未命名校园建筑 way/1337334014","teaching","4","13.8","gray-brick","#8b8880","#d6d0bf","flat","0","#746c54","esri-thu","","","academic","main-entrance","","estimated","pending-field-check","osm|esri-world-imagery|thu-map|thu-landscape|thu-planning|thu-gallery|thu-commons","https://www.openstreetmap.org/way/1337334014","https://commons.wikimedia.org/w/index.php?search=%E6%9C%AA%E5%91%BD%E5%90%8D%E6%A0%A1%E5%9B%AD%E5%BB%BA%E7%AD%91%20way%2F1337334014&title=Special:MediaSearch&type=image"
"way/1337334015","thu","未命名校园建筑 way/1337334015","teaching","4","13.8","gray-brick","#8b8880","#d6d0bf","flat","0","#565543","esri-thu","","","academic","main-entrance","","estimated","pending-field-check","osm|esri-world-imagery|thu-map|thu-landscape|thu-planning|thu-gallery|thu-commons","https://www.openstreetmap.org/way/1337334015","https://commons.wikimedia.org/w/index.php?search=%E6%9C%AA%E5%91%BD%E5%90%8D%E6%A0%A1%E5%9B%AD%E5%BB%BA%E7%AD%91%20way%2F1337334015&title=Special:MediaSearch&type=image"
"way/1337334016","thu","未命名校园建筑 way/1337334016","teaching","4","13.8","gray-brick","#8b8880","#d6d0bf","flat","0","#696a56","esri-thu","","","academic","main-entrance","","estimated","pending-field-check","osm|esri-world-imagery|thu-map|thu-landscape|thu-planning|thu-gallery|thu-commons","https://www.openstreetmap.org/way/1337334016","https://commons.wikimedia.org/w/index.php?search=%E6%9C%AA%E5%91%BD%E5%90%8D%E6%A0%A1%E5%9B%AD%E5%BB%BA%E7%AD%91%20way%2F1337334016&title=Special:MediaSearch&type=image"
"way/1337334017","thu","未命名校园建筑 way/1337334017","teaching","4","13.8","gray-brick","#8b8880","#d6d0bf","flat","0","#656050","esri-thu","","","academic","main-entrance","","estimated","pending-field-check","osm|esri-world-imagery|thu-map|thu-landscape|thu-planning|thu-gallery|thu-commons","https://www.openstreetmap.org/way/1337334017","https://commons.wikimedia.org/w/index.php?search=%E6%9C%AA%E5%91%BD%E5%90%8D%E6%A0%A1%E5%9B%AD%E5%BB%BA%E7%AD%91%20way%2F1337334017&title=Special:MediaSearch&type=image"
"way/1337334018","thu","未命名校园建筑 way/1337334018","teaching","4","13.8","gray-brick","#8b8880","#d6d0bf","flat","0","#56594a","esri-thu","","","academic","main-entrance","","estimated","pending-field-check","osm|esri-world-imagery|thu-map|thu-landscape|thu-planning|thu-gallery|thu-commons","https://www.openstreetmap.org/way/1337334018","https://commons.wikimedia.org/w/index.php?search=%E6%9C%AA%E5%91%BD%E5%90%8D%E6%A0%A1%E5%9B%AD%E5%BB%BA%E7%AD%91%20way%2F1337334018&title=Special:MediaSearch&type=image"
"way/1337334019","thu","未命名校园建筑 way/1337334019","teaching","4","13.8","gray-brick","#8b8880","#d6d0bf","flat","0","#6e7260","esri-thu","","","academic","main-entrance","","estimated","pending-field-check","osm|esri-world-imagery|thu-map|thu-landscape|thu-planning|thu-gallery|thu-commons","https://www.openstreetmap.org/way/1337334019","https://commons.wikimedia.org/w/index.php?search=%E6%9C%AA%E5%91%BD%E5%90%8D%E6%A0%A1%E5%9B%AD%E5%BB%BA%E7%AD%91%20way%2F1337334019&title=Special:MediaSearch&type=image"
"way/1337334020","thu","未命名校园建筑 way/1337334020","teaching","4","13.8","gray-brick","#8b8880","#d6d0bf","flat","0","#747665","esri-thu","","","academic","main-entrance","","estimated","pending-field-check","osm|esri-world-imagery|thu-map|thu-landscape|thu-planning|thu-gallery|thu-commons","https://www.openstreetmap.org/way/1337334020","https://commons.wikimedia.org/w/index.php?search=%E6%9C%AA%E5%91%BD%E5%90%8D%E6%A0%A1%E5%9B%AD%E5%BB%BA%E7%AD%91%20way%2F1337334020&title=Special:MediaSearch&type=image"
"way/1337334021","thu","未命名校园建筑 way/1337334021","teaching","4","13.8","gray-brick","#8b8880","#d6d0bf","flat","0","#716c55","esri-thu","","","academic","main-entrance","","estimated","pending-field-check","osm|esri-world-imagery|thu-map|thu-landscape|thu-planning|thu-gallery|thu-commons","https://www.openstreetmap.org/way/1337334021","https://commons.wikimedia.org/w/index.php?search=%E6%9C%AA%E5%91%BD%E5%90%8D%E6%A0%A1%E5%9B%AD%E5%BB%BA%E7%AD%91%20way%2F1337334021&title=Special:MediaSearch&type=image"
"way/1337334022","thu","未命名校园建筑 way/1337334022","teaching","4","13.8","gray-brick","#8b8880","#d6d0bf","flat","0","#696c58","esri-thu","","","academic","main-entrance","","estimated","pending-field-check","osm|esri-world-imagery|thu-map|thu-landscape|thu-planning|thu-gallery|thu-commons","https://www.openstreetmap.org/way/1337334022","https://commons.wikimedia.org/w/index.php?search=%E6%9C%AA%E5%91%BD%E5%90%8D%E6%A0%A1%E5%9B%AD%E5%BB%BA%E7%AD%91%20way%2F1337334022&title=Special:MediaSearch&type=image"
"way/1337334023","thu","未命名校园建筑 way/1337334023","teaching","4","13.8","gray-brick","#8b8880","#d6d0bf","flat","0","#8f896f","esri-thu","","","academic","main-entrance","","estimated","pending-field-check","osm|esri-world-imagery|thu-map|thu-landscape|thu-planning|thu-gallery|thu-commons","https://www.openstreetmap.org/way/1337334023","https://commons.wikimedia.org/w/index.php?search=%E6%9C%AA%E5%91%BD%E5%90%8D%E6%A0%A1%E5%9B%AD%E5%BB%BA%E7%AD%91%20way%2F1337334023&title=Special:MediaSearch&type=image"
"way/1337334024","thu","未命名校园建筑 way/1337334024","teaching","4","13.8","gray-brick","#8b8880","#d6d0bf","flat","0","#6a684d","esri-thu","","","academic","main-entrance","","estimated","pending-field-check","osm|esri-world-imagery|thu-map|thu-landscape|thu-planning|thu-gallery|thu-commons","https://www.openstreetmap.org/way/1337334024","https://commons.wikimedia.org/w/index.php?search=%E6%9C%AA%E5%91%BD%E5%90%8D%E6%A0%A1%E5%9B%AD%E5%BB%BA%E7%AD%91%20way%2F1337334024&title=Special:MediaSearch&type=image"
"way/1337334025","thu","未命名校园建筑 way/1337334025","teaching","4","13.8","gray-brick","#8b8880","#d6d0bf","flat","0","#727763","esri-thu","","","academic","main-entrance","","estimated","pending-field-check","osm|esri-world-imagery|thu-map|thu-landscape|thu-planning|thu-gallery|thu-commons","https://www.openstreetmap.org/way/1337334025","https://commons.wikimedia.org/w/index.php?search=%E6%9C%AA%E5%91%BD%E5%90%8D%E6%A0%A1%E5%9B%AD%E5%BB%BA%E7%AD%91%20way%2F1337334025&title=Special:MediaSearch&type=image"
"way/1337334026","thu","未命名校园建筑 way/1337334026","teaching","4","13.8","gray-brick","#8b8880","#d6d0bf","flat","0","#6c6854","esri-thu","","","academic","main-entrance","","estimated","pending-field-check","osm|esri-world-imagery|thu-map|thu-landscape|thu-planning|thu-gallery|thu-commons","https://www.openstreetmap.org/way/1337334026","https://commons.wikimedia.org/w/index.php?search=%E6%9C%AA%E5%91%BD%E5%90%8D%E6%A0%A1%E5%9B%AD%E5%BB%BA%E7%AD%91%20way%2F1337334026&title=Special:MediaSearch&type=image"
"way/1341534349","thu","未命名校园建筑 way/1341534349","teaching","4","13.8","gray-brick","#8b8880","#d6d0bf","flat","0","#9e997c","esri-thu","","","academic","main-entrance","","estimated","pending-field-check","osm|esri-world-imagery|thu-map|thu-landscape|thu-planning|thu-gallery|thu-commons","https://www.openstreetmap.org/way/1341534349","https://commons.wikimedia.org/w/index.php?search=%E6%9C%AA%E5%91%BD%E5%90%8D%E6%A0%A1%E5%9B%AD%E5%BB%BA%E7%AD%91%20way%2F1341534349&title=Special:MediaSearch&type=image"
"way/1341534350","thu","未命名校园建筑 way/1341534350","teaching","4","13.8","gray-brick","#8b8880","#d6d0bf","flat","0","#bebeb1","esri-thu","","","academic","main-entrance","","estimated","pending-field-check","osm|esri-world-imagery|thu-map|thu-landscape|thu-planning|thu-gallery|thu-commons","https://www.openstreetmap.org/way/1341534350","https://commons.wikimedia.org/w/index.php?search=%E6%9C%AA%E5%91%BD%E5%90%8D%E6%A0%A1%E5%9B%AD%E5%BB%BA%E7%AD%91%20way%2F1341534350&title=Special:MediaSearch&type=image"
"way/1341538877","thu","未命名校园建筑 way/1341538877","teaching","4","13.8","gray-brick","#8b8880","#d6d0bf","flat","0","#777b78","","","","academic","main-entrance","","estimated","pending-field-check","osm|esri-world-imagery|thu-map|thu-landscape|thu-planning|thu-gallery|thu-commons","https://www.openstreetmap.org/way/1341538877","https://commons.wikimedia.org/w/index.php?search=%E6%9C%AA%E5%91%BD%E5%90%8D%E6%A0%A1%E5%9B%AD%E5%BB%BA%E7%AD%91%20way%2F1341538877&title=Special:MediaSearch&type=image"
"way/1341538878","thu","未命名校园建筑 way/1341538878","teaching","4","13.8","gray-brick","#8b8880","#d6d0bf","flat","0","#777b78","","","","academic","main-entrance","","estimated","pending-field-check","osm|esri-world-imagery|thu-map|thu-landscape|thu-planning|thu-gallery|thu-commons","https://www.openstreetmap.org/way/1341538878","https://commons.wikimedia.org/w/index.php?search=%E6%9C%AA%E5%91%BD%E5%90%8D%E6%A0%A1%E5%9B%AD%E5%BB%BA%E7%AD%91%20way%2F1341538878&title=Special:MediaSearch&type=image"
"way/1341538879","thu","未命名校园建筑 way/1341538879","teaching","2","6.9","gray-brick","#8b8880","#d6d0bf","flat","0","#9a9b8a","esri-thu","","","academic","main-entrance","","osm","verified-osm","osm|esri-world-imagery|thu-map|thu-landscape|thu-planning|thu-gallery|thu-commons","https://www.openstreetmap.org/way/1341538879","https://commons.wikimedia.org/w/index.php?search=%E6%9C%AA%E5%91%BD%E5%90%8D%E6%A0%A1%E5%9B%AD%E5%BB%BA%E7%AD%91%20way%2F1341538879&title=Special:MediaSearch&type=image"
"way/1341538889","thu","鸣鼓亭","teaching","4","13.8","red-brick","#8b5a49","#d2c5ab","flat","0","#5a563e","esri-thu","","","academic","main-entrance","","estimated","pending-field-check","osm|esri-world-imagery|thu-map|thu-landscape|thu-planning|thu-gallery|thu-commons","https://www.openstreetmap.org/way/1341538889","https://commons.wikimedia.org/w/index.php?search=%E9%B8%A3%E9%BC%93%E4%BA%AD&title=Special:MediaSearch&type=image"
"way/1341538892","thu","未命名校园建筑 way/1341538892","teaching","4","13.8","gray-brick","#8b8880","#d6d0bf","flat","0","#777b78","","","","academic","main-entrance","","estimated","pending-field-check","osm|esri-world-imagery|thu-map|thu-landscape|thu-planning|thu-gallery|thu-commons","https://www.openstreetmap.org/way/1341538892","https://commons.wikimedia.org/w/index.php?search=%E6%9C%AA%E5%91%BD%E5%90%8D%E6%A0%A1%E5%9B%AD%E5%BB%BA%E7%AD%91%20way%2F1341538892&title=Special:MediaSearch&type=image"
"way/1344805316","thu","金帆民乐队排练室","teaching","4","13.8","red-brick","#8b5a49","#d2c5ab","flat","0","#959583","esri-thu","","","academic","main-entrance","","estimated","pending-field-check","osm|esri-world-imagery|thu-map|thu-landscape|thu-planning|thu-gallery|thu-commons","https://www.openstreetmap.org/way/1344805316","https://commons.wikimedia.org/w/index.php?search=%E9%87%91%E5%B8%86%E6%B0%91%E4%B9%90%E9%98%9F%E6%8E%92%E7%BB%83%E5%AE%A4&title=Special:MediaSearch&type=image"
"way/1344805317","thu","体育器材室","sports","2","9.6","red-brick","#8b5a49","#d2c5ab","flat","0","#777b78","","","","academic","main-entrance","","estimated","pending-field-check","osm|esri-world-imagery|thu-map|thu-landscape|thu-planning|thu-gallery|thu-commons","https://www.openstreetmap.org/way/1344805317","https://commons.wikimedia.org/w/index.php?search=%E4%BD%93%E8%82%B2%E5%99%A8%E6%9D%90%E5%AE%A4&title=Special:MediaSearch&type=image"
"way/1344805319","thu","七叶树大道","teaching","4","13.8","red-brick","#8b5a49","#d2c5ab","flat","0","#777b78","","","","academic","main-entrance","","estimated","pending-field-check","osm|esri-world-imagery|thu-map|thu-landscape|thu-planning|thu-gallery|thu-commons","https://www.openstreetmap.org/way/1344805319","https://commons.wikimedia.org/w/index.php?search=%E4%B8%83%E5%8F%B6%E6%A0%91%E5%A4%A7%E9%81%93&title=Special:MediaSearch&type=image"
"way/1348018221","thu","未命名校园建筑 way/1348018221","teaching","4","13.8","gray-brick","#8b8880","#d6d0bf","flat","0","#73715f","esri-thu","","","academic","main-entrance","","estimated","pending-field-check","osm|esri-world-imagery|thu-map|thu-landscape|thu-planning|thu-gallery|thu-commons","https://www.openstreetmap.org/way/1348018221","https://commons.wikimedia.org/w/index.php?search=%E6%9C%AA%E5%91%BD%E5%90%8D%E6%A0%A1%E5%9B%AD%E5%BB%BA%E7%AD%91%20way%2F1348018221&title=Special:MediaSearch&type=image"
"way/1348018222","thu","未命名校园建筑 way/1348018222","teaching","4","13.8","gray-brick","#8b8880","#d6d0bf","flat","0","#8c8975","esri-thu","","","academic","main-entrance","","estimated","pending-field-check","osm|esri-world-imagery|thu-map|thu-landscape|thu-planning|thu-gallery|thu-commons","https://www.openstreetmap.org/way/1348018222","https://commons.wikimedia.org/w/index.php?search=%E6%9C%AA%E5%91%BD%E5%90%8D%E6%A0%A1%E5%9B%AD%E5%BB%BA%E7%AD%91%20way%2F1348018222&title=Special:MediaSearch&type=image"
"way/1348018223","thu","未命名校园建筑 way/1348018223","teaching","4","13.8","gray-brick","#8b8880","#d6d0bf","flat","0","#4d5145","esri-thu","","","academic","main-entrance","","estimated","pending-field-check","osm|esri-world-imagery|thu-map|thu-landscape|thu-planning|thu-gallery|thu-commons","https://www.openstreetmap.org/way/1348018223","https://commons.wikimedia.org/w/index.php?search=%E6%9C%AA%E5%91%BD%E5%90%8D%E6%A0%A1%E5%9B%AD%E5%BB%BA%E7%AD%91%20way%2F1348018223&title=Special:MediaSearch&type=image"
"way/1348018224","thu","未命名校园建筑 way/1348018224","teaching","4","13.8","gray-brick","#8b8880","#d6d0bf","flat","0","#6e6d5b","esri-thu","","","academic","main-entrance","","estimated","pending-field-check","osm|esri-world-imagery|thu-map|thu-landscape|thu-planning|thu-gallery|thu-commons","https://www.openstreetmap.org/way/1348018224","https://commons.wikimedia.org/w/index.php?search=%E6%9C%AA%E5%91%BD%E5%90%8D%E6%A0%A1%E5%9B%AD%E5%BB%BA%E7%AD%91%20way%2F1348018224&title=Special:MediaSearch&type=image"
"way/1348056238","thu","中8楼","dorm","6","20.7","red-brick","#8b5a49","#d2c5ab","flat","0","#575c4c","esri-thu","","","dormitory","repeated-bays","","estimated","pending-field-check","osm|esri-world-imagery|thu-map|thu-landscape|thu-planning|thu-gallery|thu-commons","https://www.openstreetmap.org/way/1348056238","https://commons.wikimedia.org/w/index.php?search=%E4%B8%AD8%E6%A5%BC&title=Special:MediaSearch&type=image"
"way/1359847314","thu","未命名校园建筑 way/1359847314","teaching","4","13.8","gray-brick","#8b8880","#d6d0bf","flat","0","#787461","esri-thu","","","academic","main-entrance","","estimated","pending-field-check","osm|esri-world-imagery|thu-map|thu-landscape|thu-planning|thu-gallery|thu-commons","https://www.openstreetmap.org/way/1359847314","https://commons.wikimedia.org/w/index.php?search=%E6%9C%AA%E5%91%BD%E5%90%8D%E6%A0%A1%E5%9B%AD%E5%BB%BA%E7%AD%91%20way%2F1359847314&title=Special:MediaSearch&type=image"
"way/1371214608","thu","未命名校园建筑 way/1371214608","teaching","4","13.8","gray-brick","#8b8880","#d6d0bf","flat","0","#9ba093","esri-thu","","","academic","main-entrance","","estimated","pending-field-check","osm|esri-world-imagery|thu-map|thu-landscape|thu-planning|thu-gallery|thu-commons","https://www.openstreetmap.org/way/1371214608","https://commons.wikimedia.org/w/index.php?search=%E6%9C%AA%E5%91%BD%E5%90%8D%E6%A0%A1%E5%9B%AD%E5%BB%BA%E7%AD%91%20way%2F1371214608&title=Special:MediaSearch&type=image"
"way/1371214609","thu","未命名校园建筑 way/1371214609","teaching","4","13.8","gray-brick","#8b8880","#d6d0bf","flat","0","#748374","esri-thu","","","academic","main-entrance","","estimated","pending-field-check","osm|esri-world-imagery|thu-map|thu-landscape|thu-planning|thu-gallery|thu-commons","https://www.openstreetmap.org/way/1371214609","https://commons.wikimedia.org/w/index.php?search=%E6%9C%AA%E5%91%BD%E5%90%8D%E6%A0%A1%E5%9B%AD%E5%BB%BA%E7%AD%91%20way%2F1371214609&title=Special:MediaSearch&type=image"
"way/1371214611","thu","未命名校园建筑 way/1371214611","teaching","4","13.8","gray-brick","#8b8880","#d6d0bf","flat","0","#605e47","esri-thu","","","academic","main-entrance","","estimated","pending-field-check","osm|esri-world-imagery|thu-map|thu-landscape|thu-planning|thu-gallery|thu-commons","https://www.openstreetmap.org/way/1371214611","https://commons.wikimedia.org/w/index.php?search=%E6%9C%AA%E5%91%BD%E5%90%8D%E6%A0%A1%E5%9B%AD%E5%BB%BA%E7%AD%91%20way%2F1371214611&title=Special:MediaSearch&type=image"
"way/1376099626","thu","未命名校园建筑 way/1376099626","teaching","4","13.8","gray-brick","#8b8880","#d6d0bf","flat","0","#585744","esri-thu","","","academic","main-entrance","","estimated","pending-field-check","osm|esri-world-imagery|thu-map|thu-landscape|thu-planning|thu-gallery|thu-commons","https://www.openstreetmap.org/way/1376099626","https://commons.wikimedia.org/w/index.php?search=%E6%9C%AA%E5%91%BD%E5%90%8D%E6%A0%A1%E5%9B%AD%E5%BB%BA%E7%AD%91%20way%2F1376099626&title=Special:MediaSearch&type=image"
"way/1376099627","thu","未命名校园建筑 way/1376099627","teaching","4","13.8","gray-brick","#8b8880","#d6d0bf","flat","0","#a7a18e","esri-thu","","","academic","main-entrance","","estimated","pending-field-check","osm|esri-world-imagery|thu-map|thu-landscape|thu-planning|thu-gallery|thu-commons","https://www.openstreetmap.org/way/1376099627","https://commons.wikimedia.org/w/index.php?search=%E6%9C%AA%E5%91%BD%E5%90%8D%E6%A0%A1%E5%9B%AD%E5%BB%BA%E7%AD%91%20way%2F1376099627&title=Special:MediaSearch&type=image"
"way/1376099628","thu","未命名校园建筑 way/1376099628","teaching","4","13.8","gray-brick","#8b8880","#d6d0bf","flat","0","#a09c8a","esri-thu","","","academic","main-entrance","","estimated","pending-field-check","osm|esri-world-imagery|thu-map|thu-landscape|thu-planning|thu-gallery|thu-commons","https://www.openstreetmap.org/way/1376099628","https://commons.wikimedia.org/w/index.php?search=%E6%9C%AA%E5%91%BD%E5%90%8D%E6%A0%A1%E5%9B%AD%E5%BB%BA%E7%AD%91%20way%2F1376099628&title=Special:MediaSearch&type=image"
"way/1376099629","thu","未命名校园建筑 way/1376099629","teaching","4","13.8","gray-brick","#8b8880","#d6d0bf","flat","0","#8b8271","esri-thu","","","academic","main-entrance","","estimated","pending-field-check","osm|esri-world-imagery|thu-map|thu-landscape|thu-planning|thu-gallery|thu-commons","https://www.openstreetmap.org/way/1376099629","https://commons.wikimedia.org/w/index.php?search=%E6%9C%AA%E5%91%BD%E5%90%8D%E6%A0%A1%E5%9B%AD%E5%BB%BA%E7%AD%91%20way%2F1376099629&title=Special:MediaSearch&type=image"
"way/1376099630","thu","未命名校园建筑 way/1376099630","teaching","4","13.8","gray-brick","#8b8880","#d6d0bf","flat","0","#777b78","","","","academic","main-entrance","","estimated","pending-field-check","osm|esri-world-imagery|thu-map|thu-landscape|thu-planning|thu-gallery|thu-commons","https://www.openstreetmap.org/way/1376099630","https://commons.wikimedia.org/w/index.php?search=%E6%9C%AA%E5%91%BD%E5%90%8D%E6%A0%A1%E5%9B%AD%E5%BB%BA%E7%AD%91%20way%2F1376099630&title=Special:MediaSearch&type=image"
"way/1376099631","thu","未命名校园建筑 way/1376099631","teaching","4","13.8","gray-brick","#8b8880","#d6d0bf","flat","0","#777b78","","","","academic","main-entrance","","estimated","pending-field-check","osm|esri-world-imagery|thu-map|thu-landscape|thu-planning|thu-gallery|thu-commons","https://www.openstreetmap.org/way/1376099631","https://commons.wikimedia.org/w/index.php?search=%E6%9C%AA%E5%91%BD%E5%90%8D%E6%A0%A1%E5%9B%AD%E5%BB%BA%E7%AD%91%20way%2F1376099631&title=Special:MediaSearch&type=image"
"way/1376099632","thu","未命名校园建筑 way/1376099632","teaching","4","13.8","gray-brick","#8b8880","#d6d0bf","flat","0","#777b78","","","","academic","main-entrance","","estimated","pending-field-check","osm|esri-world-imagery|thu-map|thu-landscape|thu-planning|thu-gallery|thu-commons","https://www.openstreetmap.org/way/1376099632","https://commons.wikimedia.org/w/index.php?search=%E6%9C%AA%E5%91%BD%E5%90%8D%E6%A0%A1%E5%9B%AD%E5%BB%BA%E7%AD%91%20way%2F1376099632&title=Special:MediaSearch&type=image"
"way/1376099633","thu","未命名校园建筑 way/1376099633","teaching","4","13.8","gray-brick","#8b8880","#d6d0bf","flat","0","#777b78","","","","academic","main-entrance","","estimated","pending-field-check","osm|esri-world-imagery|thu-map|thu-landscape|thu-planning|thu-gallery|thu-commons","https://www.openstreetmap.org/way/1376099633","https://commons.wikimedia.org/w/index.php?search=%E6%9C%AA%E5%91%BD%E5%90%8D%E6%A0%A1%E5%9B%AD%E5%BB%BA%E7%AD%91%20way%2F1376099633&title=Special:MediaSearch&type=image"
"way/1377419078","thu","未命名校园建筑 way/1377419078","teaching","4","13.8","gray-brick","#8b8880","#d6d0bf","flat","0","#564a33","esri-thu","","","academic","main-entrance","","estimated","pending-field-check","osm|esri-world-imagery|thu-map|thu-landscape|thu-planning|thu-gallery|thu-commons","https://www.openstreetmap.org/way/1377419078","https://commons.wikimedia.org/w/index.php?search=%E6%9C%AA%E5%91%BD%E5%90%8D%E6%A0%A1%E5%9B%AD%E5%BB%BA%E7%AD%91%20way%2F1377419078&title=Special:MediaSearch&type=image"
"way/1377419079","thu","未命名校园建筑 way/1377419079","teaching","4","13.8","gray-brick","#8b8880","#d6d0bf","flat","0","#6c6b53","esri-thu","","","academic","main-entrance","","estimated","pending-field-check","osm|esri-world-imagery|thu-map|thu-landscape|thu-planning|thu-gallery|thu-commons","https://www.openstreetmap.org/way/1377419079","https://commons.wikimedia.org/w/index.php?search=%E6%9C%AA%E5%91%BD%E5%90%8D%E6%A0%A1%E5%9B%AD%E5%BB%BA%E7%AD%91%20way%2F1377419079&title=Special:MediaSearch&type=image"
"way/1377419080","thu","未命名校园建筑 way/1377419080","teaching","4","13.8","gray-brick","#8b8880","#d6d0bf","flat","0","#78725a","esri-thu","","","academic","main-entrance","","estimated","pending-field-check","osm|esri-world-imagery|thu-map|thu-landscape|thu-planning|thu-gallery|thu-commons","https://www.openstreetmap.org/way/1377419080","https://commons.wikimedia.org/w/index.php?search=%E6%9C%AA%E5%91%BD%E5%90%8D%E6%A0%A1%E5%9B%AD%E5%BB%BA%E7%AD%91%20way%2F1377419080&title=Special:MediaSearch&type=image"
"way/1377419081","thu","未命名校园建筑 way/1377419081","teaching","4","13.8","gray-brick","#8b8880","#d6d0bf","flat","0","#88846b","esri-thu","","","academic","main-entrance","","estimated","pending-field-check","osm|esri-world-imagery|thu-map|thu-landscape|thu-planning|thu-gallery|thu-commons","https://www.openstreetmap.org/way/1377419081","https://commons.wikimedia.org/w/index.php?search=%E6%9C%AA%E5%91%BD%E5%90%8D%E6%A0%A1%E5%9B%AD%E5%BB%BA%E7%AD%91%20way%2F1377419081&title=Special:MediaSearch&type=image"
"way/1377419082","thu","未命名校园建筑 way/1377419082","teaching","4","13.8","gray-brick","#8b8880","#d6d0bf","flat","0","#807a63","esri-thu","","","academic","main-entrance","","estimated","pending-field-check","osm|esri-world-imagery|thu-map|thu-landscape|thu-planning|thu-gallery|thu-commons","https://www.openstreetmap.org/way/1377419082","https://commons.wikimedia.org/w/index.php?search=%E6%9C%AA%E5%91%BD%E5%90%8D%E6%A0%A1%E5%9B%AD%E5%BB%BA%E7%AD%91%20way%2F1377419082&title=Special:MediaSearch&type=image"
"way/1377419083","thu","未命名校园建筑 way/1377419083","teaching","4","13.8","gray-brick","#8b8880","#d6d0bf","flat","0","#605b45","esri-thu","","","academic","main-entrance","","estimated","pending-field-check","osm|esri-world-imagery|thu-map|thu-landscape|thu-planning|thu-gallery|thu-commons","https://www.openstreetmap.org/way/1377419083","https://commons.wikimedia.org/w/index.php?search=%E6%9C%AA%E5%91%BD%E5%90%8D%E6%A0%A1%E5%9B%AD%E5%BB%BA%E7%AD%91%20way%2F1377419083&title=Special:MediaSearch&type=image"
"way/1377419084","thu","未命名校园建筑 way/1377419084","teaching","4","13.8","gray-brick","#8b8880","#d6d0bf","flat","0","#625d49","esri-thu","","","academic","main-entrance","","estimated","pending-field-check","osm|esri-world-imagery|thu-map|thu-landscape|thu-planning|thu-gallery|thu-commons","https://www.openstreetmap.org/way/1377419084","https://commons.wikimedia.org/w/index.php?search=%E6%9C%AA%E5%91%BD%E5%90%8D%E6%A0%A1%E5%9B%AD%E5%BB%BA%E7%AD%91%20way%2F1377419084&title=Special:MediaSearch&type=image"
"way/1377419085","thu","未命名校园建筑 way/1377419085","teaching","4","13.8","gray-brick","#8b8880","#d6d0bf","flat","0","#847b61","esri-thu","","","academic","main-entrance","","estimated","pending-field-check","osm|esri-world-imagery|thu-map|thu-landscape|thu-planning|thu-gallery|thu-commons","https://www.openstreetmap.org/way/1377419085","https://commons.wikimedia.org/w/index.php?search=%E6%9C%AA%E5%91%BD%E5%90%8D%E6%A0%A1%E5%9B%AD%E5%BB%BA%E7%AD%91%20way%2F1377419085&title=Special:MediaSearch&type=image"
"way/1377419086","thu","未命名校园建筑 way/1377419086","teaching","4","13.8","gray-brick","#8b8880","#d6d0bf","flat","0","#5c5a45","esri-thu","","","academic","main-entrance","","estimated","pending-field-check","osm|esri-world-imagery|thu-map|thu-landscape|thu-planning|thu-gallery|thu-commons","https://www.openstreetmap.org/way/1377419086","https://commons.wikimedia.org/w/index.php?search=%E6%9C%AA%E5%91%BD%E5%90%8D%E6%A0%A1%E5%9B%AD%E5%BB%BA%E7%AD%91%20way%2F1377419086&title=Special:MediaSearch&type=image"
"way/1377419087","thu","未命名校园建筑 way/1377419087","teaching","4","13.8","gray-brick","#8b8880","#d6d0bf","flat","0","#7c7864","esri-thu","","","academic","main-entrance","","estimated","pending-field-check","osm|esri-world-imagery|thu-map|thu-landscape|thu-planning|thu-gallery|thu-commons","https://www.openstreetmap.org/way/1377419087","https://commons.wikimedia.org/w/index.php?search=%E6%9C%AA%E5%91%BD%E5%90%8D%E6%A0%A1%E5%9B%AD%E5%BB%BA%E7%AD%91%20way%2F1377419087&title=Special:MediaSearch&type=image"
"way/1377419088","thu","未命名校园建筑 way/1377419088","teaching","4","13.8","gray-brick","#8b8880","#d6d0bf","flat","0","#4b4c3c","esri-thu","","","academic","main-entrance","","estimated","pending-field-check","osm|esri-world-imagery|thu-map|thu-landscape|thu-planning|thu-gallery|thu-commons","https://www.openstreetmap.org/way/1377419088","https://commons.wikimedia.org/w/index.php?search=%E6%9C%AA%E5%91%BD%E5%90%8D%E6%A0%A1%E5%9B%AD%E5%BB%BA%E7%AD%91%20way%2F1377419088&title=Special:MediaSearch&type=image"
"way/1377419089","thu","未命名校园建筑 way/1377419089","teaching","4","13.8","gray-brick","#8b8880","#d6d0bf","flat","0","#89846d","esri-thu","","","academic","main-entrance","","estimated","pending-field-check","osm|esri-world-imagery|thu-map|thu-landscape|thu-planning|thu-gallery|thu-commons","https://www.openstreetmap.org/way/1377419089","https://commons.wikimedia.org/w/index.php?search=%E6%9C%AA%E5%91%BD%E5%90%8D%E6%A0%A1%E5%9B%AD%E5%BB%BA%E7%AD%91%20way%2F1377419089&title=Special:MediaSearch&type=image"
"way/1377419090","thu","未命名校园建筑 way/1377419090","teaching","4","13.8","gray-brick","#8b8880","#d6d0bf","flat","0","#82877b","esri-thu","","","academic","main-entrance","","estimated","pending-field-check","osm|esri-world-imagery|thu-map|thu-landscape|thu-planning|thu-gallery|thu-commons","https://www.openstreetmap.org/way/1377419090","https://commons.wikimedia.org/w/index.php?search=%E6%9C%AA%E5%91%BD%E5%90%8D%E6%A0%A1%E5%9B%AD%E5%BB%BA%E7%AD%91%20way%2F1377419090&title=Special:MediaSearch&type=image"
"way/1377419091","thu","未命名校园建筑 way/1377419091","teaching","4","13.8","gray-brick","#8b8880","#d6d0bf","flat","0","#5b5e4e","esri-thu","","","academic","main-entrance","","estimated","pending-field-check","osm|esri-world-imagery|thu-map|thu-landscape|thu-planning|thu-gallery|thu-commons","https://www.openstreetmap.org/way/1377419091","https://commons.wikimedia.org/w/index.php?search=%E6%9C%AA%E5%91%BD%E5%90%8D%E6%A0%A1%E5%9B%AD%E5%BB%BA%E7%AD%91%20way%2F1377419091&title=Special:MediaSearch&type=image"
"way/1377419092","thu","未命名校园建筑 way/1377419092","teaching","4","13.8","gray-brick","#8b8880","#d6d0bf","flat","0","#525549","esri-thu","","","academic","main-entrance","","estimated","pending-field-check","osm|esri-world-imagery|thu-map|thu-landscape|thu-planning|thu-gallery|thu-commons","https://www.openstreetmap.org/way/1377419092","https://commons.wikimedia.org/w/index.php?search=%E6%9C%AA%E5%91%BD%E5%90%8D%E6%A0%A1%E5%9B%AD%E5%BB%BA%E7%AD%91%20way%2F1377419092&title=Special:MediaSearch&type=image"
"way/1377421106","thu","未命名校园建筑 way/1377421106","teaching","4","13.8","gray-brick","#8b8880","#d6d0bf","flat","0","#777b78","","","","academic","main-entrance","","estimated","pending-field-check","osm|esri-world-imagery|thu-map|thu-landscape|thu-planning|thu-gallery|thu-commons","https://www.openstreetmap.org/way/1377421106","https://commons.wikimedia.org/w/index.php?search=%E6%9C%AA%E5%91%BD%E5%90%8D%E6%A0%A1%E5%9B%AD%E5%BB%BA%E7%AD%91%20way%2F1377421106&title=Special:MediaSearch&type=image"
"way/1377421107","thu","未命名校园建筑 way/1377421107","teaching","4","13.8","gray-brick","#8b8880","#d6d0bf","flat","0","#777b78","","","","academic","main-entrance","","estimated","pending-field-check","osm|esri-world-imagery|thu-map|thu-landscape|thu-planning|thu-gallery|thu-commons","https://www.openstreetmap.org/way/1377421107","https://commons.wikimedia.org/w/index.php?search=%E6%9C%AA%E5%91%BD%E5%90%8D%E6%A0%A1%E5%9B%AD%E5%BB%BA%E7%AD%91%20way%2F1377421107&title=Special:MediaSearch&type=image"
"way/1377421108","thu","未命名校园建筑 way/1377421108","teaching","4","13.8","gray-brick","#8b8880","#d6d0bf","flat","0","#777b78","","","","academic","main-entrance","","estimated","pending-field-check","osm|esri-world-imagery|thu-map|thu-landscape|thu-planning|thu-gallery|thu-commons","https://www.openstreetmap.org/way/1377421108","https://commons.wikimedia.org/w/index.php?search=%E6%9C%AA%E5%91%BD%E5%90%8D%E6%A0%A1%E5%9B%AD%E5%BB%BA%E7%AD%91%20way%2F1377421108&title=Special:MediaSearch&type=image"
"way/1377421109","thu","未命名校园建筑 way/1377421109","teaching","4","13.8","gray-brick","#8b8880","#d6d0bf","flat","0","#978e79","esri-thu","","","academic","main-entrance","","estimated","pending-field-check","osm|esri-world-imagery|thu-map|thu-landscape|thu-planning|thu-gallery|thu-commons","https://www.openstreetmap.org/way/1377421109","https://commons.wikimedia.org/w/index.php?search=%E6%9C%AA%E5%91%BD%E5%90%8D%E6%A0%A1%E5%9B%AD%E5%BB%BA%E7%AD%91%20way%2F1377421109&title=Special:MediaSearch&type=image"
"way/1377421110","thu","未命名校园建筑 way/1377421110","teaching","4","13.8","gray-brick","#8b8880","#d6d0bf","flat","0","#777b78","","","","academic","main-entrance","","estimated","pending-field-check","osm|esri-world-imagery|thu-map|thu-landscape|thu-planning|thu-gallery|thu-commons","https://www.openstreetmap.org/way/1377421110","https://commons.wikimedia.org/w/index.php?search=%E6%9C%AA%E5%91%BD%E5%90%8D%E6%A0%A1%E5%9B%AD%E5%BB%BA%E7%AD%91%20way%2F1377421110&title=Special:MediaSearch&type=image"
"way/1377421111","thu","未命名校园建筑 way/1377421111","teaching","4","13.8","gray-brick","#8b8880","#d6d0bf","flat","0","#777b78","","","","academic","main-entrance","","estimated","pending-field-check","osm|esri-world-imagery|thu-map|thu-landscape|thu-planning|thu-gallery|thu-commons","https://www.openstreetmap.org/way/1377421111","https://commons.wikimedia.org/w/index.php?search=%E6%9C%AA%E5%91%BD%E5%90%8D%E6%A0%A1%E5%9B%AD%E5%BB%BA%E7%AD%91%20way%2F1377421111&title=Special:MediaSearch&type=image"
"way/1377421112","thu","未命名校园建筑 way/1377421112","teaching","4","13.8","gray-brick","#8b8880","#d6d0bf","flat","0","#7e6f59","esri-thu","","","academic","main-entrance","","estimated","pending-field-check","osm|esri-world-imagery|thu-map|thu-landscape|thu-planning|thu-gallery|thu-commons","https://www.openstreetmap.org/way/1377421112","https://commons.wikimedia.org/w/index.php?search=%E6%9C%AA%E5%91%BD%E5%90%8D%E6%A0%A1%E5%9B%AD%E5%BB%BA%E7%AD%91%20way%2F1377421112&title=Special:MediaSearch&type=image"
"way/1377421113","thu","未命名校园建筑 way/1377421113","teaching","4","13.8","gray-brick","#8b8880","#d6d0bf","flat","0","#777b78","","","","academic","main-entrance","","estimated","pending-field-check","osm|esri-world-imagery|thu-map|thu-landscape|thu-planning|thu-gallery|thu-commons","https://www.openstreetmap.org/way/1377421113","https://commons.wikimedia.org/w/index.php?search=%E6%9C%AA%E5%91%BD%E5%90%8D%E6%A0%A1%E5%9B%AD%E5%BB%BA%E7%AD%91%20way%2F1377421113&title=Special:MediaSearch&type=image"
"way/1377421114","thu","未命名校园建筑 way/1377421114","teaching","4","13.8","gray-brick","#8b8880","#d6d0bf","flat","0","#777b78","","","","academic","main-entrance","","estimated","pending-field-check","osm|esri-world-imagery|thu-map|thu-landscape|thu-planning|thu-gallery|thu-commons","https://www.openstreetmap.org/way/1377421114","https://commons.wikimedia.org/w/index.php?search=%E6%9C%AA%E5%91%BD%E5%90%8D%E6%A0%A1%E5%9B%AD%E5%BB%BA%E7%AD%91%20way%2F1377421114&title=Special:MediaSearch&type=image"
"way/1377421115","thu","未命名校园建筑 way/1377421115","teaching","4","13.8","gray-brick","#8b8880","#d6d0bf","flat","0","#777b78","","","","academic","main-entrance","","estimated","pending-field-check","osm|esri-world-imagery|thu-map|thu-landscape|thu-planning|thu-gallery|thu-commons","https://www.openstreetmap.org/way/1377421115","https://commons.wikimedia.org/w/index.php?search=%E6%9C%AA%E5%91%BD%E5%90%8D%E6%A0%A1%E5%9B%AD%E5%BB%BA%E7%AD%91%20way%2F1377421115&title=Special:MediaSearch&type=image"
"way/1377421116","thu","未命名校园建筑 way/1377421116","teaching","4","13.8","gray-brick","#8b8880","#d6d0bf","flat","0","#595646","esri-thu","","","academic","main-entrance","","estimated","pending-field-check","osm|esri-world-imagery|thu-map|thu-landscape|thu-planning|thu-gallery|thu-commons","https://www.openstreetmap.org/way/1377421116","https://commons.wikimedia.org/w/index.php?search=%E6%9C%AA%E5%91%BD%E5%90%8D%E6%A0%A1%E5%9B%AD%E5%BB%BA%E7%AD%91%20way%2F1377421116&title=Special:MediaSearch&type=image"
"way/1377421117","thu","未命名校园建筑 way/1377421117","teaching","4","13.8","gray-brick","#8b8880","#d6d0bf","flat","0","#666249","esri-thu","","","academic","main-entrance","","estimated","pending-field-check","osm|esri-world-imagery|thu-map|thu-landscape|thu-planning|thu-gallery|thu-commons","https://www.openstreetmap.org/way/1377421117","https://commons.wikimedia.org/w/index.php?search=%E6%9C%AA%E5%91%BD%E5%90%8D%E6%A0%A1%E5%9B%AD%E5%BB%BA%E7%AD%91%20way%2F1377421117&title=Special:MediaSearch&type=image"
"way/1377421118","thu","未命名校园建筑 way/1377421118","teaching","4","13.8","gray-brick","#8b8880","#d6d0bf","flat","0","#857f74","esri-thu","","","academic","main-entrance","","estimated","pending-field-check","osm|esri-world-imagery|thu-map|thu-landscape|thu-planning|thu-gallery|thu-commons","https://www.openstreetmap.org/way/1377421118","https://commons.wikimedia.org/w/index.php?search=%E6%9C%AA%E5%91%BD%E5%90%8D%E6%A0%A1%E5%9B%AD%E5%BB%BA%E7%AD%91%20way%2F1377421118&title=Special:MediaSearch&type=image"
"way/1377421119","thu","未命名校园建筑 way/1377421119","teaching","4","13.8","gray-brick","#8b8880","#d6d0bf","flat","0","#7e7c6e","esri-thu","","","academic","main-entrance","","estimated","pending-field-check","osm|esri-world-imagery|thu-map|thu-landscape|thu-planning|thu-gallery|thu-commons","https://www.openstreetmap.org/way/1377421119","https://commons.wikimedia.org/w/index.php?search=%E6%9C%AA%E5%91%BD%E5%90%8D%E6%A0%A1%E5%9B%AD%E5%BB%BA%E7%AD%91%20way%2F1377421119&title=Special:MediaSearch&type=image"
"way/1377421120","thu","未命名校园建筑 way/1377421120","teaching","4","13.8","gray-brick","#8b8880","#d6d0bf","flat","0","#808475","esri-thu","","","academic","main-entrance","","estimated","pending-field-check","osm|esri-world-imagery|thu-map|thu-landscape|thu-planning|thu-gallery|thu-commons","https://www.openstreetmap.org/way/1377421120","https://commons.wikimedia.org/w/index.php?search=%E6%9C%AA%E5%91%BD%E5%90%8D%E6%A0%A1%E5%9B%AD%E5%BB%BA%E7%AD%91%20way%2F1377421120&title=Special:MediaSearch&type=image"
"way/1377421121","thu","未命名校园建筑 way/1377421121","teaching","4","13.8","gray-brick","#8b8880","#d6d0bf","flat","0","#777b78","","","","academic","main-entrance","","estimated","pending-field-check","osm|esri-world-imagery|thu-map|thu-landscape|thu-planning|thu-gallery|thu-commons","https://www.openstreetmap.org/way/1377421121","https://commons.wikimedia.org/w/index.php?search=%E6%9C%AA%E5%91%BD%E5%90%8D%E6%A0%A1%E5%9B%AD%E5%BB%BA%E7%AD%91%20way%2F1377421121&title=Special:MediaSearch&type=image"
"way/1377421122","thu","未命名校园建筑 way/1377421122","teaching","4","13.8","gray-brick","#8b8880","#d6d0bf","flat","0","#777b78","","","","academic","main-entrance","","estimated","pending-field-check","osm|esri-world-imagery|thu-map|thu-landscape|thu-planning|thu-gallery|thu-commons","https://www.openstreetmap.org/way/1377421122","https://commons.wikimedia.org/w/index.php?search=%E6%9C%AA%E5%91%BD%E5%90%8D%E6%A0%A1%E5%9B%AD%E5%BB%BA%E7%AD%91%20way%2F1377421122&title=Special:MediaSearch&type=image"
"way/1377421123","thu","未命名校园建筑 way/1377421123","teaching","4","13.8","gray-brick","#8b8880","#d6d0bf","flat","0","#777b78","","","","academic","main-entrance","","estimated","pending-field-check","osm|esri-world-imagery|thu-map|thu-landscape|thu-planning|thu-gallery|thu-commons","https://www.openstreetmap.org/way/1377421123","https://commons.wikimedia.org/w/index.php?search=%E6%9C%AA%E5%91%BD%E5%90%8D%E6%A0%A1%E5%9B%AD%E5%BB%BA%E7%AD%91%20way%2F1377421123&title=Special:MediaSearch&type=image"
"way/1377421124","thu","未命名校园建筑 way/1377421124","teaching","4","13.8","gray-brick","#8b8880","#d6d0bf","flat","0","#3b4c4a","esri-thu","","","academic","main-entrance","","estimated","pending-field-check","osm|esri-world-imagery|thu-map|thu-landscape|thu-planning|thu-gallery|thu-commons","https://www.openstreetmap.org/way/1377421124","https://commons.wikimedia.org/w/index.php?search=%E6%9C%AA%E5%91%BD%E5%90%8D%E6%A0%A1%E5%9B%AD%E5%BB%BA%E7%AD%91%20way%2F1377421124&title=Special:MediaSearch&type=image"
"way/1377421125","thu","未命名校园建筑 way/1377421125","teaching","4","13.8","gray-brick","#8b8880","#d6d0bf","flat","0","#777b78","","","","academic","main-entrance","","estimated","pending-field-check","osm|esri-world-imagery|thu-map|thu-landscape|thu-planning|thu-gallery|thu-commons","https://www.openstreetmap.org/way/1377421125","https://commons.wikimedia.org/w/index.php?search=%E6%9C%AA%E5%91%BD%E5%90%8D%E6%A0%A1%E5%9B%AD%E5%BB%BA%E7%AD%91%20way%2F1377421125&title=Special:MediaSearch&type=image"
"way/1377421126","thu","未命名校园建筑 way/1377421126","teaching","4","13.8","gray-brick","#8b8880","#d6d0bf","flat","0","#777b78","","","","academic","main-entrance","","estimated","pending-field-check","osm|esri-world-imagery|thu-map|thu-landscape|thu-planning|thu-gallery|thu-commons","https://www.openstreetmap.org/way/1377421126","https://commons.wikimedia.org/w/index.php?search=%E6%9C%AA%E5%91%BD%E5%90%8D%E6%A0%A1%E5%9B%AD%E5%BB%BA%E7%AD%91%20way%2F1377421126&title=Special:MediaSearch&type=image"
"way/1377421127","thu","未命名校园建筑 way/1377421127","teaching","4","13.8","gray-brick","#8b8880","#d6d0bf","flat","0","#4c4936","esri-thu","","","academic","main-entrance","","estimated","pending-field-check","osm|esri-world-imagery|thu-map|thu-landscape|thu-planning|thu-gallery|thu-commons","https://www.openstreetmap.org/way/1377421127","https://commons.wikimedia.org/w/index.php?search=%E6%9C%AA%E5%91%BD%E5%90%8D%E6%A0%A1%E5%9B%AD%E5%BB%BA%E7%AD%91%20way%2F1377421127&title=Special:MediaSearch&type=image"
"way/1377421128","thu","未命名校园建筑 way/1377421128","teaching","4","13.8","gray-brick","#8b8880","#d6d0bf","flat","0","#6f6d60","esri-thu","","","academic","main-entrance","","estimated","pending-field-check","osm|esri-world-imagery|thu-map|thu-landscape|thu-planning|thu-gallery|thu-commons","https://www.openstreetmap.org/way/1377421128","https://commons.wikimedia.org/w/index.php?search=%E6%9C%AA%E5%91%BD%E5%90%8D%E6%A0%A1%E5%9B%AD%E5%BB%BA%E7%AD%91%20way%2F1377421128&title=Special:MediaSearch&type=image"
"way/1377421129","thu","未命名校园建筑 way/1377421129","teaching","4","13.8","gray-brick","#8b8880","#d6d0bf","flat","0","#777b78","","","","academic","main-entrance","","estimated","pending-field-check","osm|esri-world-imagery|thu-map|thu-landscape|thu-planning|thu-gallery|thu-commons","https://www.openstreetmap.org/way/1377421129","https://commons.wikimedia.org/w/index.php?search=%E6%9C%AA%E5%91%BD%E5%90%8D%E6%A0%A1%E5%9B%AD%E5%BB%BA%E7%AD%91%20way%2F1377421129&title=Special:MediaSearch&type=image"
"way/1377421131","thu","未命名校园建筑 way/1377421131","teaching","4","13.8","gray-brick","#8b8880","#d6d0bf","flat","0","#777b78","","","","academic","main-entrance","","estimated","pending-field-check","osm|esri-world-imagery|thu-map|thu-landscape|thu-planning|thu-gallery|thu-commons","https://www.openstreetmap.org/way/1377421131","https://commons.wikimedia.org/w/index.php?search=%E6%9C%AA%E5%91%BD%E5%90%8D%E6%A0%A1%E5%9B%AD%E5%BB%BA%E7%AD%91%20way%2F1377421131&title=Special:MediaSearch&type=image"
"way/1377421132","thu","未命名校园建筑 way/1377421132","teaching","4","13.8","gray-brick","#8b8880","#d6d0bf","flat","0","#777b78","","","","academic","main-entrance","","estimated","pending-field-check","osm|esri-world-imagery|thu-map|thu-landscape|thu-planning|thu-gallery|thu-commons","https://www.openstreetmap.org/way/1377421132","https://commons.wikimedia.org/w/index.php?search=%E6%9C%AA%E5%91%BD%E5%90%8D%E6%A0%A1%E5%9B%AD%E5%BB%BA%E7%AD%91%20way%2F1377421132&title=Special:MediaSearch&type=image"
"way/1377421133","thu","未命名校园建筑 way/1377421133","teaching","4","13.8","gray-brick","#8b8880","#d6d0bf","flat","0","#6f6855","esri-thu","","","academic","main-entrance","","estimated","pending-field-check","osm|esri-world-imagery|thu-map|thu-landscape|thu-planning|thu-gallery|thu-commons","https://www.openstreetmap.org/way/1377421133","https://commons.wikimedia.org/w/index.php?search=%E6%9C%AA%E5%91%BD%E5%90%8D%E6%A0%A1%E5%9B%AD%E5%BB%BA%E7%AD%91%20way%2F1377421133&title=Special:MediaSearch&type=image"
"way/1377421134","thu","未命名校园建筑 way/1377421134","teaching","4","13.8","gray-brick","#8b8880","#d6d0bf","flat","0","#777b78","","","","academic","main-entrance","","estimated","pending-field-check","osm|esri-world-imagery|thu-map|thu-landscape|thu-planning|thu-gallery|thu-commons","https://www.openstreetmap.org/way/1377421134","https://commons.wikimedia.org/w/index.php?search=%E6%9C%AA%E5%91%BD%E5%90%8D%E6%A0%A1%E5%9B%AD%E5%BB%BA%E7%AD%91%20way%2F1377421134&title=Special:MediaSearch&type=image"
"way/1377421135","thu","未命名校园建筑 way/1377421135","teaching","4","13.8","gray-brick","#8b8880","#d6d0bf","flat","0","#777b78","","","","academic","main-entrance","","estimated","pending-field-check","osm|esri-world-imagery|thu-map|thu-landscape|thu-planning|thu-gallery|thu-commons","https://www.openstreetmap.org/way/1377421135","https://commons.wikimedia.org/w/index.php?search=%E6%9C%AA%E5%91%BD%E5%90%8D%E6%A0%A1%E5%9B%AD%E5%BB%BA%E7%AD%91%20way%2F1377421135&title=Special:MediaSearch&type=image"
"way/1377421136","thu","未命名校园建筑 way/1377421136","teaching","4","13.8","gray-brick","#8b8880","#d6d0bf","flat","0","#777b78","","","","academic","main-entrance","","estimated","pending-field-check","osm|esri-world-imagery|thu-map|thu-landscape|thu-planning|thu-gallery|thu-commons","https://www.openstreetmap.org/way/1377421136","https://commons.wikimedia.org/w/index.php?search=%E6%9C%AA%E5%91%BD%E5%90%8D%E6%A0%A1%E5%9B%AD%E5%BB%BA%E7%AD%91%20way%2F1377421136&title=Special:MediaSearch&type=image"
"way/1377421137","thu","未命名校园建筑 way/1377421137","teaching","4","13.8","gray-brick","#8b8880","#d6d0bf","flat","0","#777b78","","","","academic","main-entrance","","estimated","pending-field-check","osm|esri-world-imagery|thu-map|thu-landscape|thu-planning|thu-gallery|thu-commons","https://www.openstreetmap.org/way/1377421137","https://commons.wikimedia.org/w/index.php?search=%E6%9C%AA%E5%91%BD%E5%90%8D%E6%A0%A1%E5%9B%AD%E5%BB%BA%E7%AD%91%20way%2F1377421137&title=Special:MediaSearch&type=image"
"way/1377421138","thu","未命名校园建筑 way/1377421138","teaching","4","13.8","gray-brick","#8b8880","#d6d0bf","flat","0","#6a6655","esri-thu","","","academic","main-entrance","","estimated","pending-field-check","osm|esri-world-imagery|thu-map|thu-landscape|thu-planning|thu-gallery|thu-commons","https://www.openstreetmap.org/way/1377421138","https://commons.wikimedia.org/w/index.php?search=%E6%9C%AA%E5%91%BD%E5%90%8D%E6%A0%A1%E5%9B%AD%E5%BB%BA%E7%AD%91%20way%2F1377421138&title=Special:MediaSearch&type=image"
"way/1377426184","thu","未命名校园建筑 way/1377426184","teaching","4","13.8","gray-brick","#8b8880","#d6d0bf","flat","0","#8a826b","esri-thu","","","academic","main-entrance","","estimated","pending-field-check","osm|esri-world-imagery|thu-map|thu-landscape|thu-planning|thu-gallery|thu-commons","https://www.openstreetmap.org/way/1377426184","https://commons.wikimedia.org/w/index.php?search=%E6%9C%AA%E5%91%BD%E5%90%8D%E6%A0%A1%E5%9B%AD%E5%BB%BA%E7%AD%91%20way%2F1377426184&title=Special:MediaSearch&type=image"
"way/1377427393","thu","未命名校园建筑 way/1377427393","teaching","4","13.8","gray-brick","#8b8880","#d6d0bf","flat","0","#6c6f5e","esri-thu","","","academic","main-entrance","","estimated","pending-field-check","osm|esri-world-imagery|thu-map|thu-landscape|thu-planning|thu-gallery|thu-commons","https://www.openstreetmap.org/way/1377427393","https://commons.wikimedia.org/w/index.php?search=%E6%9C%AA%E5%91%BD%E5%90%8D%E6%A0%A1%E5%9B%AD%E5%BB%BA%E7%AD%91%20way%2F1377427393&title=Special:MediaSearch&type=image"
"way/1377427394","thu","未命名校园建筑 way/1377427394","teaching","4","13.8","gray-brick","#8b8880","#d6d0bf","flat","0","#828979","esri-thu","","","academic","main-entrance","","estimated","pending-field-check","osm|esri-world-imagery|thu-map|thu-landscape|thu-planning|thu-gallery|thu-commons","https://www.openstreetmap.org/way/1377427394","https://commons.wikimedia.org/w/index.php?search=%E6%9C%AA%E5%91%BD%E5%90%8D%E6%A0%A1%E5%9B%AD%E5%BB%BA%E7%AD%91%20way%2F1377427394&title=Special:MediaSearch&type=image"
"way/1377427395","thu","未命名校园建筑 way/1377427395","teaching","4","13.8","gray-brick","#8b8880","#d6d0bf","flat","0","#6b6e5a","esri-thu","","","academic","main-entrance","","estimated","pending-field-check","osm|esri-world-imagery|thu-map|thu-landscape|thu-planning|thu-gallery|thu-commons","https://www.openstreetmap.org/way/1377427395","https://commons.wikimedia.org/w/index.php?search=%E6%9C%AA%E5%91%BD%E5%90%8D%E6%A0%A1%E5%9B%AD%E5%BB%BA%E7%AD%91%20way%2F1377427395&title=Special:MediaSearch&type=image"
"way/1377428496","thu","未命名校园建筑 way/1377428496","teaching","4","13.8","gray-brick","#8b8880","#d6d0bf","flat","0","#535640","esri-thu","","","academic","main-entrance","","estimated","pending-field-check","osm|esri-world-imagery|thu-map|thu-landscape|thu-planning|thu-gallery|thu-commons","https://www.openstreetmap.org/way/1377428496","https://commons.wikimedia.org/w/index.php?search=%E6%9C%AA%E5%91%BD%E5%90%8D%E6%A0%A1%E5%9B%AD%E5%BB%BA%E7%AD%91%20way%2F1377428496&title=Special:MediaSearch&type=image"
"way/1378009799","thu","未命名校园建筑 way/1378009799","teaching","4","13.8","gray-brick","#8b8880","#d6d0bf","flat","0","#61685c","esri-thu","","","academic","main-entrance","","estimated","pending-field-check","osm|esri-world-imagery|thu-map|thu-landscape|thu-planning|thu-gallery|thu-commons","https://www.openstreetmap.org/way/1378009799","https://commons.wikimedia.org/w/index.php?search=%E6%9C%AA%E5%91%BD%E5%90%8D%E6%A0%A1%E5%9B%AD%E5%BB%BA%E7%AD%91%20way%2F1378009799&title=Special:MediaSearch&type=image"
"way/1378009800","thu","未命名校园建筑 way/1378009800","teaching","4","13.8","gray-brick","#8b8880","#d6d0bf","flat","0","#4d5241","esri-thu","","","academic","main-entrance","","estimated","pending-field-check","osm|esri-world-imagery|thu-map|thu-landscape|thu-planning|thu-gallery|thu-commons","https://www.openstreetmap.org/way/1378009800","https://commons.wikimedia.org/w/index.php?search=%E6%9C%AA%E5%91%BD%E5%90%8D%E6%A0%A1%E5%9B%AD%E5%BB%BA%E7%AD%91%20way%2F1378009800&title=Special:MediaSearch&type=image"
"way/1378009801","thu","未命名校园建筑 way/1378009801","teaching","4","13.8","gray-brick","#8b8880","#d6d0bf","flat","0","#777b78","","","","academic","main-entrance","","estimated","pending-field-check","osm|esri-world-imagery|thu-map|thu-landscape|thu-planning|thu-gallery|thu-commons","https://www.openstreetmap.org/way/1378009801","https://commons.wikimedia.org/w/index.php?search=%E6%9C%AA%E5%91%BD%E5%90%8D%E6%A0%A1%E5%9B%AD%E5%BB%BA%E7%AD%91%20way%2F1378009801&title=Special:MediaSearch&type=image"
"way/1378009802","thu","未命名校园建筑 way/1378009802","teaching","4","13.8","gray-brick","#8b8880","#d6d0bf","flat","0","#777b78","","","","academic","main-entrance","","estimated","pending-field-check","osm|esri-world-imagery|thu-map|thu-landscape|thu-planning|thu-gallery|thu-commons","https://www.openstreetmap.org/way/1378009802","https://commons.wikimedia.org/w/index.php?search=%E6%9C%AA%E5%91%BD%E5%90%8D%E6%A0%A1%E5%9B%AD%E5%BB%BA%E7%AD%91%20way%2F1378009802&title=Special:MediaSearch&type=image"
"way/1378009803","thu","未命名校园建筑 way/1378009803","teaching","4","13.8","gray-brick","#8b8880","#d6d0bf","flat","0","#837b65","esri-thu","","","academic","main-entrance","","estimated","pending-field-check","osm|esri-world-imagery|thu-map|thu-landscape|thu-planning|thu-gallery|thu-commons","https://www.openstreetmap.org/way/1378009803","https://commons.wikimedia.org/w/index.php?search=%E6%9C%AA%E5%91%BD%E5%90%8D%E6%A0%A1%E5%9B%AD%E5%BB%BA%E7%AD%91%20way%2F1378009803&title=Special:MediaSearch&type=image"
"way/1378009804","thu","未命名校园建筑 way/1378009804","teaching","4","13.8","gray-brick","#8b8880","#d6d0bf","flat","0","#777b78","","","","academic","main-entrance","","estimated","pending-field-check","osm|esri-world-imagery|thu-map|thu-landscape|thu-planning|thu-gallery|thu-commons","https://www.openstreetmap.org/way/1378009804","https://commons.wikimedia.org/w/index.php?search=%E6%9C%AA%E5%91%BD%E5%90%8D%E6%A0%A1%E5%9B%AD%E5%BB%BA%E7%AD%91%20way%2F1378009804&title=Special:MediaSearch&type=image"
"way/1378009805","thu","未命名校园建筑 way/1378009805","teaching","4","13.8","gray-brick","#8b8880","#d6d0bf","flat","0","#777b78","","","","academic","main-entrance","","estimated","pending-field-check","osm|esri-world-imagery|thu-map|thu-landscape|thu-planning|thu-gallery|thu-commons","https://www.openstreetmap.org/way/1378009805","https://commons.wikimedia.org/w/index.php?search=%E6%9C%AA%E5%91%BD%E5%90%8D%E6%A0%A1%E5%9B%AD%E5%BB%BA%E7%AD%91%20way%2F1378009805&title=Special:MediaSearch&type=image"
"way/1378009806","thu","未命名校园建筑 way/1378009806","teaching","4","13.8","gray-brick","#8b8880","#d6d0bf","flat","0","#777b78","","","","academic","main-entrance","","estimated","pending-field-check","osm|esri-world-imagery|thu-map|thu-landscape|thu-planning|thu-gallery|thu-commons","https://www.openstreetmap.org/way/1378009806","https://commons.wikimedia.org/w/index.php?search=%E6%9C%AA%E5%91%BD%E5%90%8D%E6%A0%A1%E5%9B%AD%E5%BB%BA%E7%AD%91%20way%2F1378009806&title=Special:MediaSearch&type=image"
"way/1378009807","thu","未命名校园建筑 way/1378009807","teaching","4","13.8","gray-brick","#8b8880","#d6d0bf","flat","0","#797762","esri-thu","","","academic","main-entrance","","estimated","pending-field-check","osm|esri-world-imagery|thu-map|thu-landscape|thu-planning|thu-gallery|thu-commons","https://www.openstreetmap.org/way/1378009807","https://commons.wikimedia.org/w/index.php?search=%E6%9C%AA%E5%91%BD%E5%90%8D%E6%A0%A1%E5%9B%AD%E5%BB%BA%E7%AD%91%20way%2F1378009807&title=Special:MediaSearch&type=image"
"way/1378009808","thu","未命名校园建筑 way/1378009808","teaching","4","13.8","gray-brick","#8b8880","#d6d0bf","flat","0","#948e77","esri-thu","","","academic","main-entrance","","estimated","pending-field-check","osm|esri-world-imagery|thu-map|thu-landscape|thu-planning|thu-gallery|thu-commons","https://www.openstreetmap.org/way/1378009808","https://commons.wikimedia.org/w/index.php?search=%E6%9C%AA%E5%91%BD%E5%90%8D%E6%A0%A1%E5%9B%AD%E5%BB%BA%E7%AD%91%20way%2F1378009808&title=Special:MediaSearch&type=image"
"way/1378009809","thu","未命名校园建筑 way/1378009809","teaching","4","13.8","gray-brick","#8b8880","#d6d0bf","flat","0","#706f5c","esri-thu","","","academic","main-entrance","","estimated","pending-field-check","osm|esri-world-imagery|thu-map|thu-landscape|thu-planning|thu-gallery|thu-commons","https://www.openstreetmap.org/way/1378009809","https://commons.wikimedia.org/w/index.php?search=%E6%9C%AA%E5%91%BD%E5%90%8D%E6%A0%A1%E5%9B%AD%E5%BB%BA%E7%AD%91%20way%2F1378009809&title=Special:MediaSearch&type=image"
"way/1378009810","thu","未命名校园建筑 way/1378009810","teaching","4","13.8","gray-brick","#8b8880","#d6d0bf","flat","0","#777b78","","","","academic","main-entrance","","estimated","pending-field-check","osm|esri-world-imagery|thu-map|thu-landscape|thu-planning|thu-gallery|thu-commons","https://www.openstreetmap.org/way/1378009810","https://commons.wikimedia.org/w/index.php?search=%E6%9C%AA%E5%91%BD%E5%90%8D%E6%A0%A1%E5%9B%AD%E5%BB%BA%E7%AD%91%20way%2F1378009810&title=Special:MediaSearch&type=image"
"way/1378009811","thu","未命名校园建筑 way/1378009811","teaching","4","13.8","gray-brick","#8b8880","#d6d0bf","flat","0","#464c3b","esri-thu","","","academic","main-entrance","","estimated","pending-field-check","osm|esri-world-imagery|thu-map|thu-landscape|thu-planning|thu-gallery|thu-commons","https://www.openstreetmap.org/way/1378009811","https://commons.wikimedia.org/w/index.php?search=%E6%9C%AA%E5%91%BD%E5%90%8D%E6%A0%A1%E5%9B%AD%E5%BB%BA%E7%AD%91%20way%2F1378009811&title=Special:MediaSearch&type=image"
"way/1378009812","thu","未命名校园建筑 way/1378009812","teaching","4","13.8","gray-brick","#8b8880","#d6d0bf","flat","0","#777b78","","","","academic","main-entrance","","estimated","pending-field-check","osm|esri-world-imagery|thu-map|thu-landscape|thu-planning|thu-gallery|thu-commons","https://www.openstreetmap.org/way/1378009812","https://commons.wikimedia.org/w/index.php?search=%E6%9C%AA%E5%91%BD%E5%90%8D%E6%A0%A1%E5%9B%AD%E5%BB%BA%E7%AD%91%20way%2F1378009812&title=Special:MediaSearch&type=image"
"way/1378009813","thu","未命名校园建筑 way/1378009813","teaching","4","13.8","gray-brick","#8b8880","#d6d0bf","flat","0","#7e7c65","esri-thu","","","academic","main-entrance","","estimated","pending-field-check","osm|esri-world-imagery|thu-map|thu-landscape|thu-planning|thu-gallery|thu-commons","https://www.openstreetmap.org/way/1378009813","https://commons.wikimedia.org/w/index.php?search=%E6%9C%AA%E5%91%BD%E5%90%8D%E6%A0%A1%E5%9B%AD%E5%BB%BA%E7%AD%91%20way%2F1378009813&title=Special:MediaSearch&type=image"
"way/1378009814","thu","未命名校园建筑 way/1378009814","teaching","4","13.8","gray-brick","#8b8880","#d6d0bf","flat","0","#9c967f","esri-thu","","","academic","main-entrance","","estimated","pending-field-check","osm|esri-world-imagery|thu-map|thu-landscape|thu-planning|thu-gallery|thu-commons","https://www.openstreetmap.org/way/1378009814","https://commons.wikimedia.org/w/index.php?search=%E6%9C%AA%E5%91%BD%E5%90%8D%E6%A0%A1%E5%9B%AD%E5%BB%BA%E7%AD%91%20way%2F1378009814&title=Special:MediaSearch&type=image"
"way/1378009815","thu","未命名校园建筑 way/1378009815","teaching","4","13.8","gray-brick","#8b8880","#d6d0bf","flat","0","#474c39","esri-thu","","","academic","main-entrance","","estimated","pending-field-check","osm|esri-world-imagery|thu-map|thu-landscape|thu-planning|thu-gallery|thu-commons","https://www.openstreetmap.org/way/1378009815","https://commons.wikimedia.org/w/index.php?search=%E6%9C%AA%E5%91%BD%E5%90%8D%E6%A0%A1%E5%9B%AD%E5%BB%BA%E7%AD%91%20way%2F1378009815&title=Special:MediaSearch&type=image"
"way/1378009823","thu","未命名校园建筑 way/1378009823","teaching","4","13.8","gray-brick","#8b8880","#d6d0bf","flat","0","#6e6752","esri-thu","","","academic","main-entrance","","estimated","pending-field-check","osm|esri-world-imagery|thu-map|thu-landscape|thu-planning|thu-gallery|thu-commons","https://www.openstreetmap.org/way/1378009823","https://commons.wikimedia.org/w/index.php?search=%E6%9C%AA%E5%91%BD%E5%90%8D%E6%A0%A1%E5%9B%AD%E5%BB%BA%E7%AD%91%20way%2F1378009823&title=Special:MediaSearch&type=image"
"way/1378009824","thu","未命名校园建筑 way/1378009824","teaching","4","13.8","gray-brick","#8b8880","#d6d0bf","flat","0","#777b78","","","","academic","main-entrance","","estimated","pending-field-check","osm|esri-world-imagery|thu-map|thu-landscape|thu-planning|thu-gallery|thu-commons","https://www.openstreetmap.org/way/1378009824","https://commons.wikimedia.org/w/index.php?search=%E6%9C%AA%E5%91%BD%E5%90%8D%E6%A0%A1%E5%9B%AD%E5%BB%BA%E7%AD%91%20way%2F1378009824&title=Special:MediaSearch&type=image"
"way/1378009826","thu","未命名校园建筑 way/1378009826","teaching","4","13.8","gray-brick","#8b8880","#d6d0bf","flat","0","#777b78","","","","academic","main-entrance","","estimated","pending-field-check","osm|esri-world-imagery|thu-map|thu-landscape|thu-planning|thu-gallery|thu-commons","https://www.openstreetmap.org/way/1378009826","https://commons.wikimedia.org/w/index.php?search=%E6%9C%AA%E5%91%BD%E5%90%8D%E6%A0%A1%E5%9B%AD%E5%BB%BA%E7%AD%91%20way%2F1378009826&title=Special:MediaSearch&type=image"
"way/1378009827","thu","未命名校园建筑 way/1378009827","teaching","4","13.8","gray-brick","#8b8880","#d6d0bf","flat","0","#817c66","esri-thu","","","academic","main-entrance","","estimated","pending-field-check","osm|esri-world-imagery|thu-map|thu-landscape|thu-planning|thu-gallery|thu-commons","https://www.openstreetmap.org/way/1378009827","https://commons.wikimedia.org/w/index.php?search=%E6%9C%AA%E5%91%BD%E5%90%8D%E6%A0%A1%E5%9B%AD%E5%BB%BA%E7%AD%91%20way%2F1378009827&title=Special:MediaSearch&type=image"
"way/1378009828","thu","未命名校园建筑 way/1378009828","teaching","4","13.8","gray-brick","#8b8880","#d6d0bf","flat","0","#777b78","","","","academic","main-entrance","","estimated","pending-field-check","osm|esri-world-imagery|thu-map|thu-landscape|thu-planning|thu-gallery|thu-commons","https://www.openstreetmap.org/way/1378009828","https://commons.wikimedia.org/w/index.php?search=%E6%9C%AA%E5%91%BD%E5%90%8D%E6%A0%A1%E5%9B%AD%E5%BB%BA%E7%AD%91%20way%2F1378009828&title=Special:MediaSearch&type=image"
"way/1378009829","thu","未命名校园建筑 way/1378009829","teaching","4","13.8","gray-brick","#8b8880","#d6d0bf","flat","0","#777b78","","","","academic","main-entrance","","estimated","pending-field-check","osm|esri-world-imagery|thu-map|thu-landscape|thu-planning|thu-gallery|thu-commons","https://www.openstreetmap.org/way/1378009829","https://commons.wikimedia.org/w/index.php?search=%E6%9C%AA%E5%91%BD%E5%90%8D%E6%A0%A1%E5%9B%AD%E5%BB%BA%E7%AD%91%20way%2F1378009829&title=Special:MediaSearch&type=image"
"way/1378009830","thu","未命名校园建筑 way/1378009830","teaching","4","13.8","gray-brick","#8b8880","#d6d0bf","flat","0","#8e8870","esri-thu","","","academic","main-entrance","","estimated","pending-field-check","osm|esri-world-imagery|thu-map|thu-landscape|thu-planning|thu-gallery|thu-commons","https://www.openstreetmap.org/way/1378009830","https://commons.wikimedia.org/w/index.php?search=%E6%9C%AA%E5%91%BD%E5%90%8D%E6%A0%A1%E5%9B%AD%E5%BB%BA%E7%AD%91%20way%2F1378009830&title=Special:MediaSearch&type=image"
"way/1379298789","thu","未命名校园建筑 way/1379298789","teaching","4","13.8","gray-brick","#8b8880","#d6d0bf","flat","0","#1d364c","esri-thu","","","academic","main-entrance","","estimated","pending-field-check","osm|esri-world-imagery|thu-map|thu-landscape|thu-planning|thu-gallery|thu-commons","https://www.openstreetmap.org/way/1379298789","https://commons.wikimedia.org/w/index.php?search=%E6%9C%AA%E5%91%BD%E5%90%8D%E6%A0%A1%E5%9B%AD%E5%BB%BA%E7%AD%91%20way%2F1379298789&title=Special:MediaSearch&type=image"
"way/1379298790","thu","未命名校园建筑 way/1379298790","teaching","4","13.8","gray-brick","#8b8880","#d6d0bf","flat","0","#2a4c46","esri-thu","","","academic","main-entrance","","estimated","pending-field-check","osm|esri-world-imagery|thu-map|thu-landscape|thu-planning|thu-gallery|thu-commons","https://www.openstreetmap.org/way/1379298790","https://commons.wikimedia.org/w/index.php?search=%E6%9C%AA%E5%91%BD%E5%90%8D%E6%A0%A1%E5%9B%AD%E5%BB%BA%E7%AD%91%20way%2F1379298790&title=Special:MediaSearch&type=image"
"way/1379298791","thu","未命名校园建筑 way/1379298791","teaching","4","13.8","gray-brick","#8b8880","#d6d0bf","flat","0","#2d4e50","esri-thu","","","academic","main-entrance","","estimated","pending-field-check","osm|esri-world-imagery|thu-map|thu-landscape|thu-planning|thu-gallery|thu-commons","https://www.openstreetmap.org/way/1379298791","https://commons.wikimedia.org/w/index.php?search=%E6%9C%AA%E5%91%BD%E5%90%8D%E6%A0%A1%E5%9B%AD%E5%BB%BA%E7%AD%91%20way%2F1379298791&title=Special:MediaSearch&type=image"
"way/1379298792","thu","未命名校园建筑 way/1379298792","teaching","4","13.8","gray-brick","#8b8880","#d6d0bf","flat","0","#294c3e","esri-thu","","","academic","main-entrance","","estimated","pending-field-check","osm|esri-world-imagery|thu-map|thu-landscape|thu-planning|thu-gallery|thu-commons","https://www.openstreetmap.org/way/1379298792","https://commons.wikimedia.org/w/index.php?search=%E6%9C%AA%E5%91%BD%E5%90%8D%E6%A0%A1%E5%9B%AD%E5%BB%BA%E7%AD%91%20way%2F1379298792&title=Special:MediaSearch&type=image"
"way/1379298793","thu","未命名校园建筑 way/1379298793","teaching","4","13.8","gray-brick","#8b8880","#d6d0bf","flat","0","#2e4c3d","esri-thu","","","academic","main-entrance","","estimated","pending-field-check","osm|esri-world-imagery|thu-map|thu-landscape|thu-planning|thu-gallery|thu-commons","https://www.openstreetmap.org/way/1379298793","https://commons.wikimedia.org/w/index.php?search=%E6%9C%AA%E5%91%BD%E5%90%8D%E6%A0%A1%E5%9B%AD%E5%BB%BA%E7%AD%91%20way%2F1379298793&title=Special:MediaSearch&type=image"
"way/1379298794","thu","未命名校园建筑 way/1379298794","teaching","4","13.8","gray-brick","#8b8880","#d6d0bf","flat","0","#364c40","esri-thu","","","academic","main-entrance","","estimated","pending-field-check","osm|esri-world-imagery|thu-map|thu-landscape|thu-planning|thu-gallery|thu-commons","https://www.openstreetmap.org/way/1379298794","https://commons.wikimedia.org/w/index.php?search=%E6%9C%AA%E5%91%BD%E5%90%8D%E6%A0%A1%E5%9B%AD%E5%BB%BA%E7%AD%91%20way%2F1379298794&title=Special:MediaSearch&type=image"
"way/1379298796","thu","未命名校园建筑 way/1379298796","teaching","4","13.8","gray-brick","#8b8880","#d6d0bf","flat","0","#777b78","","","","academic","main-entrance","","estimated","pending-field-check","osm|esri-world-imagery|thu-map|thu-landscape|thu-planning|thu-gallery|thu-commons","https://www.openstreetmap.org/way/1379298796","https://commons.wikimedia.org/w/index.php?search=%E6%9C%AA%E5%91%BD%E5%90%8D%E6%A0%A1%E5%9B%AD%E5%BB%BA%E7%AD%91%20way%2F1379298796&title=Special:MediaSearch&type=image"
"way/1379298797","thu","未命名校园建筑 way/1379298797","teaching","4","13.8","gray-brick","#8b8880","#d6d0bf","flat","0","#777b78","","","","academic","main-entrance","","estimated","pending-field-check","osm|esri-world-imagery|thu-map|thu-landscape|thu-planning|thu-gallery|thu-commons","https://www.openstreetmap.org/way/1379298797","https://commons.wikimedia.org/w/index.php?search=%E6%9C%AA%E5%91%BD%E5%90%8D%E6%A0%A1%E5%9B%AD%E5%BB%BA%E7%AD%91%20way%2F1379298797&title=Special:MediaSearch&type=image"
"way/1379298798","thu","未命名校园建筑 way/1379298798","teaching","4","13.8","gray-brick","#8b8880","#d6d0bf","flat","0","#344c41","esri-thu","","","academic","main-entrance","","estimated","pending-field-check","osm|esri-world-imagery|thu-map|thu-landscape|thu-planning|thu-gallery|thu-commons","https://www.openstreetmap.org/way/1379298798","https://commons.wikimedia.org/w/index.php?search=%E6%9C%AA%E5%91%BD%E5%90%8D%E6%A0%A1%E5%9B%AD%E5%BB%BA%E7%AD%91%20way%2F1379298798&title=Special:MediaSearch&type=image"
"way/1379298799","thu","未命名校园建筑 way/1379298799","teaching","4","13.8","gray-brick","#8b8880","#d6d0bf","flat","0","#394c39","esri-thu","","","academic","main-entrance","","estimated","pending-field-check","osm|esri-world-imagery|thu-map|thu-landscape|thu-planning|thu-gallery|thu-commons","https://www.openstreetmap.org/way/1379298799","https://commons.wikimedia.org/w/index.php?search=%E6%9C%AA%E5%91%BD%E5%90%8D%E6%A0%A1%E5%9B%AD%E5%BB%BA%E7%AD%91%20way%2F1379298799&title=Special:MediaSearch&type=image"
"way/1379298800","thu","未命名校园建筑 way/1379298800","teaching","4","13.8","gray-brick","#8b8880","#d6d0bf","flat","0","#6c6d5c","esri-thu","","","academic","main-entrance","","estimated","pending-field-check","osm|esri-world-imagery|thu-map|thu-landscape|thu-planning|thu-gallery|thu-commons","https://www.openstreetmap.org/way/1379298800","https://commons.wikimedia.org/w/index.php?search=%E6%9C%AA%E5%91%BD%E5%90%8D%E6%A0%A1%E5%9B%AD%E5%BB%BA%E7%AD%91%20way%2F1379298800&title=Special:MediaSearch&type=image"
"way/1379298802","thu","未命名校园建筑 way/1379298802","teaching","4","13.8","gray-brick","#8b8880","#d6d0bf","flat","0","#707160","esri-thu","","","academic","main-entrance","","estimated","pending-field-check","osm|esri-world-imagery|thu-map|thu-landscape|thu-planning|thu-gallery|thu-commons","https://www.openstreetmap.org/way/1379298802","https://commons.wikimedia.org/w/index.php?search=%E6%9C%AA%E5%91%BD%E5%90%8D%E6%A0%A1%E5%9B%AD%E5%BB%BA%E7%AD%91%20way%2F1379298802&title=Special:MediaSearch&type=image"
"way/1472764075","thu","未命名校园建筑 way/1472764075","teaching","4","13.8","gray-brick","#8b8880","#d6d0bf","flat","0","#394c41","esri-thu","","","academic","main-entrance","","estimated","pending-field-check","osm|esri-world-imagery|thu-map|thu-landscape|thu-planning|thu-gallery|thu-commons","https://www.openstreetmap.org/way/1472764075","https://commons.wikimedia.org/w/index.php?search=%E6%9C%AA%E5%91%BD%E5%90%8D%E6%A0%A1%E5%9B%AD%E5%BB%BA%E7%AD%91%20way%2F1472764075&title=Special:MediaSearch&type=image"
"way/1478832598","thu","自强科技楼2号楼","dorm","6","20.7","glass","#7896a2","#a7babd","flat","0","#888b7c","esri-thu","","","dormitory","repeated-bays","","estimated","pending-field-check","osm|esri-world-imagery|thu-map|thu-landscape|thu-planning|thu-gallery|thu-commons","https://www.openstreetmap.org/way/1478832598","https://commons.wikimedia.org/w/index.php?search=%E8%87%AA%E5%BC%BA%E7%A7%91%E6%8A%80%E6%A5%BC2%E5%8F%B7%E6%A5%BC&title=Special:MediaSearch&type=image"
"way/1478832599","thu","吕大龙楼","teaching","4","13.8","red-brick","#8b5a49","#d2c5ab","flat","0","#8f907e","esri-thu","","","academic","main-entrance","","estimated","pending-field-check","osm|esri-world-imagery|thu-map|thu-landscape|thu-planning|thu-gallery|thu-commons","https://www.openstreetmap.org/way/1478832599","https://commons.wikimedia.org/w/index.php?search=%E5%90%95%E5%A4%A7%E9%BE%99%E6%A5%BC&title=Special:MediaSearch&type=image"
"way/1478832600","thu","自强科技楼3号楼","dorm","6","20.7","glass","#7896a2","#a7babd","flat","0","#7c7f6f","esri-thu","","","dormitory","repeated-bays","","estimated","pending-field-check","osm|esri-world-imagery|thu-map|thu-landscape|thu-planning|thu-gallery|thu-commons","https://www.openstreetmap.org/way/1478832600","https://commons.wikimedia.org/w/index.php?search=%E8%87%AA%E5%BC%BA%E7%A7%91%E6%8A%80%E6%A5%BC3%E5%8F%B7%E6%A5%BC&title=Special:MediaSearch&type=image"
"way/1478832601","thu","自强科技楼5号楼","dorm","6","20.7","glass","#7896a2","#a7babd","flat","0","#3a4c41","esri-thu","","","dormitory","repeated-bays","","estimated","pending-field-check","osm|esri-world-imagery|thu-map|thu-landscape|thu-planning|thu-gallery|thu-commons","https://www.openstreetmap.org/way/1478832601","https://commons.wikimedia.org/w/index.php?search=%E8%87%AA%E5%BC%BA%E7%A7%91%E6%8A%80%E6%A5%BC5%E5%8F%B7%E6%A5%BC&title=Special:MediaSearch&type=image"
"way/1524720746","thu","未命名校园建筑 way/1524720746","teaching","4","13.8","gray-brick","#8b8880","#d6d0bf","flat","0","#777b78","","","","academic","main-entrance","","estimated","pending-field-check","osm|esri-world-imagery|thu-map|thu-landscape|thu-planning|thu-gallery|thu-commons","https://www.openstreetmap.org/way/1524720746","https://commons.wikimedia.org/w/index.php?search=%E6%9C%AA%E5%91%BD%E5%90%8D%E6%A0%A1%E5%9B%AD%E5%BB%BA%E7%AD%91%20way%2F1524720746&title=Special:MediaSearch&type=image"
"way/1524720747","thu","未命名校园建筑 way/1524720747","teaching","4","13.8","gray-brick","#8b8880","#d6d0bf","flat","0","#777b78","","","","academic","main-entrance","","estimated","pending-field-check","osm|esri-world-imagery|thu-map|thu-landscape|thu-planning|thu-gallery|thu-commons","https://www.openstreetmap.org/way/1524720747","https://commons.wikimedia.org/w/index.php?search=%E6%9C%AA%E5%91%BD%E5%90%8D%E6%A0%A1%E5%9B%AD%E5%BB%BA%E7%AD%91%20way%2F1524720747&title=Special:MediaSearch&type=image"
"way/1524720748","thu","未命名校园建筑 way/1524720748","teaching","4","13.8","gray-brick","#8b8880","#d6d0bf","flat","0","#494c36","esri-thu","","","academic","main-entrance","","estimated","pending-field-check","osm|esri-world-imagery|thu-map|thu-landscape|thu-planning|thu-gallery|thu-commons","https://www.openstreetmap.org/way/1524720748","https://commons.wikimedia.org/w/index.php?search=%E6%9C%AA%E5%91%BD%E5%90%8D%E6%A0%A1%E5%9B%AD%E5%BB%BA%E7%AD%91%20way%2F1524720748&title=Special:MediaSearch&type=image"
"way/1524720749","thu","未命名校园建筑 way/1524720749","teaching","4","13.8","gray-brick","#8b8880","#d6d0bf","flat","0","#777b78","","","","academic","main-entrance","","estimated","pending-field-check","osm|esri-world-imagery|thu-map|thu-landscape|thu-planning|thu-gallery|thu-commons","https://www.openstreetmap.org/way/1524720749","https://commons.wikimedia.org/w/index.php?search=%E6%9C%AA%E5%91%BD%E5%90%8D%E6%A0%A1%E5%9B%AD%E5%BB%BA%E7%AD%91%20way%2F1524720749&title=Special:MediaSearch&type=image"
"way/1524720750","thu","未命名校园建筑 way/1524720750","teaching","4","13.8","gray-brick","#8b8880","#d6d0bf","flat","0","#938e74","esri-thu","","","academic","main-entrance","","estimated","pending-field-check","osm|esri-world-imagery|thu-map|thu-landscape|thu-planning|thu-gallery|thu-commons","https://www.openstreetmap.org/way/1524720750","https://commons.wikimedia.org/w/index.php?search=%E6%9C%AA%E5%91%BD%E5%90%8D%E6%A0%A1%E5%9B%AD%E5%BB%BA%E7%AD%91%20way%2F1524720750&title=Special:MediaSearch&type=image"
"way/1524720751","thu","未命名校园建筑 way/1524720751","teaching","4","13.8","gray-brick","#8b8880","#d6d0bf","flat","0","#777b78","","","","academic","main-entrance","","estimated","pending-field-check","osm|esri-world-imagery|thu-map|thu-landscape|thu-planning|thu-gallery|thu-commons","https://www.openstreetmap.org/way/1524720751","https://commons.wikimedia.org/w/index.php?search=%E6%9C%AA%E5%91%BD%E5%90%8D%E6%A0%A1%E5%9B%AD%E5%BB%BA%E7%AD%91%20way%2F1524720751&title=Special:MediaSearch&type=image"
"way/1524720752","thu","未命名校园建筑 way/1524720752","teaching","4","13.8","gray-brick","#8b8880","#d6d0bf","flat","0","#a3a18c","esri-thu","","","academic","main-entrance","","estimated","pending-field-check","osm|esri-world-imagery|thu-map|thu-landscape|thu-planning|thu-gallery|thu-commons","https://www.openstreetmap.org/way/1524720752","https://commons.wikimedia.org/w/index.php?search=%E6%9C%AA%E5%91%BD%E5%90%8D%E6%A0%A1%E5%9B%AD%E5%BB%BA%E7%AD%91%20way%2F1524720752&title=Special:MediaSearch&type=image"
"way/1524720753","thu","未命名校园建筑 way/1524720753","teaching","4","13.8","gray-brick","#8b8880","#d6d0bf","flat","0","#777b78","","","","academic","main-entrance","","estimated","pending-field-check","osm|esri-world-imagery|thu-map|thu-landscape|thu-planning|thu-gallery|thu-commons","https://www.openstreetmap.org/way/1524720753","https://commons.wikimedia.org/w/index.php?search=%E6%9C%AA%E5%91%BD%E5%90%8D%E6%A0%A1%E5%9B%AD%E5%BB%BA%E7%AD%91%20way%2F1524720753&title=Special:MediaSearch&type=image"
"way/1524720754","thu","未命名校园建筑 way/1524720754","teaching","4","13.8","gray-brick","#8b8880","#d6d0bf","flat","0","#777b78","","","","academic","main-entrance","","estimated","pending-field-check","osm|esri-world-imagery|thu-map|thu-landscape|thu-planning|thu-gallery|thu-commons","https://www.openstreetmap.org/way/1524720754","https://commons.wikimedia.org/w/index.php?search=%E6%9C%AA%E5%91%BD%E5%90%8D%E6%A0%A1%E5%9B%AD%E5%BB%BA%E7%AD%91%20way%2F1524720754&title=Special:MediaSearch&type=image"
"way/1524720755","thu","未命名校园建筑 way/1524720755","teaching","4","13.8","gray-brick","#8b8880","#d6d0bf","flat","0","#4c4935","esri-thu","","","academic","main-entrance","","estimated","pending-field-check","osm|esri-world-imagery|thu-map|thu-landscape|thu-planning|thu-gallery|thu-commons","https://www.openstreetmap.org/way/1524720755","https://commons.wikimedia.org/w/index.php?search=%E6%9C%AA%E5%91%BD%E5%90%8D%E6%A0%A1%E5%9B%AD%E5%BB%BA%E7%AD%91%20way%2F1524720755&title=Special:MediaSearch&type=image"
"way/1524720756","thu","未命名校园建筑 way/1524720756","teaching","4","13.8","gray-brick","#8b8880","#d6d0bf","flat","0","#4c4c36","esri-thu","","","academic","main-entrance","","estimated","pending-field-check","osm|esri-world-imagery|thu-map|thu-landscape|thu-planning|thu-gallery|thu-commons","https://www.openstreetmap.org/way/1524720756","https://commons.wikimedia.org/w/index.php?search=%E6%9C%AA%E5%91%BD%E5%90%8D%E6%A0%A1%E5%9B%AD%E5%BB%BA%E7%AD%91%20way%2F1524720756&title=Special:MediaSearch&type=image"
"way/1524720757","thu","未命名校园建筑 way/1524720757","teaching","4","13.8","gray-brick","#8b8880","#d6d0bf","flat","0","#777b78","","","","academic","main-entrance","","estimated","pending-field-check","osm|esri-world-imagery|thu-map|thu-landscape|thu-planning|thu-gallery|thu-commons","https://www.openstreetmap.org/way/1524720757","https://commons.wikimedia.org/w/index.php?search=%E6%9C%AA%E5%91%BD%E5%90%8D%E6%A0%A1%E5%9B%AD%E5%BB%BA%E7%AD%91%20way%2F1524720757&title=Special:MediaSearch&type=image"
"way/1524720758","thu","未命名校园建筑 way/1524720758","teaching","4","13.8","gray-brick","#8b8880","#d6d0bf","flat","0","#777b78","","","","academic","main-entrance","","estimated","pending-field-check","osm|esri-world-imagery|thu-map|thu-landscape|thu-planning|thu-gallery|thu-commons","https://www.openstreetmap.org/way/1524720758","https://commons.wikimedia.org/w/index.php?search=%E6%9C%AA%E5%91%BD%E5%90%8D%E6%A0%A1%E5%9B%AD%E5%BB%BA%E7%AD%91%20way%2F1524720758&title=Special:MediaSearch&type=image"
"way/1524720759","thu","未命名校园建筑 way/1524720759","teaching","4","13.8","gray-brick","#8b8880","#d6d0bf","flat","0","#807b62","esri-thu","","","academic","main-entrance","","estimated","pending-field-check","osm|esri-world-imagery|thu-map|thu-landscape|thu-planning|thu-gallery|thu-commons","https://www.openstreetmap.org/way/1524720759","https://commons.wikimedia.org/w/index.php?search=%E6%9C%AA%E5%91%BD%E5%90%8D%E6%A0%A1%E5%9B%AD%E5%BB%BA%E7%AD%91%20way%2F1524720759&title=Special:MediaSearch&type=image"
"way/1524720760","thu","未命名校园建筑 way/1524720760","teaching","4","13.8","gray-brick","#8b8880","#d6d0bf","flat","0","#817c64","esri-thu","","","academic","main-entrance","","estimated","pending-field-check","osm|esri-world-imagery|thu-map|thu-landscape|thu-planning|thu-gallery|thu-commons","https://www.openstreetmap.org/way/1524720760","https://commons.wikimedia.org/w/index.php?search=%E6%9C%AA%E5%91%BD%E5%90%8D%E6%A0%A1%E5%9B%AD%E5%BB%BA%E7%AD%91%20way%2F1524720760&title=Special:MediaSearch&type=image"
"way/1524720761","thu","未命名校园建筑 way/1524720761","teaching","4","13.8","gray-brick","#8b8880","#d6d0bf","flat","0","#777b78","","","","academic","main-entrance","","estimated","pending-field-check","osm|esri-world-imagery|thu-map|thu-landscape|thu-planning|thu-gallery|thu-commons","https://www.openstreetmap.org/way/1524720761","https://commons.wikimedia.org/w/index.php?search=%E6%9C%AA%E5%91%BD%E5%90%8D%E6%A0%A1%E5%9B%AD%E5%BB%BA%E7%AD%91%20way%2F1524720761&title=Special:MediaSearch&type=image"
"way/1524720762","thu","未命名校园建筑 way/1524720762","teaching","4","13.8","gray-brick","#8b8880","#d6d0bf","flat","0","#4c4b37","esri-thu","","","academic","main-entrance","","estimated","pending-field-check","osm|esri-world-imagery|thu-map|thu-landscape|thu-planning|thu-gallery|thu-commons","https://www.openstreetmap.org/way/1524720762","https://commons.wikimedia.org/w/index.php?search=%E6%9C%AA%E5%91%BD%E5%90%8D%E6%A0%A1%E5%9B%AD%E5%BB%BA%E7%AD%91%20way%2F1524720762&title=Special:MediaSearch&type=image"
"way/1524720763","thu","未命名校园建筑 way/1524720763","teaching","4","13.8","gray-brick","#8b8880","#d6d0bf","flat","0","#777b78","","","","academic","main-entrance","","estimated","pending-field-check","osm|esri-world-imagery|thu-map|thu-landscape|thu-planning|thu-gallery|thu-commons","https://www.openstreetmap.org/way/1524720763","https://commons.wikimedia.org/w/index.php?search=%E6%9C%AA%E5%91%BD%E5%90%8D%E6%A0%A1%E5%9B%AD%E5%BB%BA%E7%AD%91%20way%2F1524720763&title=Special:MediaSearch&type=image"
"way/1524720764","thu","未命名校园建筑 way/1524720764","teaching","4","13.8","gray-brick","#8b8880","#d6d0bf","flat","0","#777b78","","","","academic","main-entrance","","estimated","pending-field-check","osm|esri-world-imagery|thu-map|thu-landscape|thu-planning|thu-gallery|thu-commons","https://www.openstreetmap.org/way/1524720764","https://commons.wikimedia.org/w/index.php?search=%E6%9C%AA%E5%91%BD%E5%90%8D%E6%A0%A1%E5%9B%AD%E5%BB%BA%E7%AD%91%20way%2F1524720764&title=Special:MediaSearch&type=image"
"way/1524720765","thu","未命名校园建筑 way/1524720765","teaching","4","13.8","gray-brick","#8b8880","#d6d0bf","flat","0","#777b78","","","","academic","main-entrance","","estimated","pending-field-check","osm|esri-world-imagery|thu-map|thu-landscape|thu-planning|thu-gallery|thu-commons","https://www.openstreetmap.org/way/1524720765","https://commons.wikimedia.org/w/index.php?search=%E6%9C%AA%E5%91%BD%E5%90%8D%E6%A0%A1%E5%9B%AD%E5%BB%BA%E7%AD%91%20way%2F1524720765&title=Special:MediaSearch&type=image"
"way/1524720766","thu","未命名校园建筑 way/1524720766","teaching","4","13.8","gray-brick","#8b8880","#d6d0bf","flat","0","#777b78","","","","academic","main-entrance","","estimated","pending-field-check","osm|esri-world-imagery|thu-map|thu-landscape|thu-planning|thu-gallery|thu-commons","https://www.openstreetmap.org/way/1524720766","https://commons.wikimedia.org/w/index.php?search=%E6%9C%AA%E5%91%BD%E5%90%8D%E6%A0%A1%E5%9B%AD%E5%BB%BA%E7%AD%91%20way%2F1524720766&title=Special:MediaSearch&type=image"
"way/1524720767","thu","未命名校园建筑 way/1524720767","teaching","4","13.8","gray-brick","#8b8880","#d6d0bf","flat","0","#777b78","","","","academic","main-entrance","","estimated","pending-field-check","osm|esri-world-imagery|thu-map|thu-landscape|thu-planning|thu-gallery|thu-commons","https://www.openstreetmap.org/way/1524720767","https://commons.wikimedia.org/w/index.php?search=%E6%9C%AA%E5%91%BD%E5%90%8D%E6%A0%A1%E5%9B%AD%E5%BB%BA%E7%AD%91%20way%2F1524720767&title=Special:MediaSearch&type=image"
"way/1524720768","thu","未命名校园建筑 way/1524720768","teaching","4","13.8","gray-brick","#8b8880","#d6d0bf","flat","0","#777b78","","","","academic","main-entrance","","estimated","pending-field-check","osm|esri-world-imagery|thu-map|thu-landscape|thu-planning|thu-gallery|thu-commons","https://www.openstreetmap.org/way/1524720768","https://commons.wikimedia.org/w/index.php?search=%E6%9C%AA%E5%91%BD%E5%90%8D%E6%A0%A1%E5%9B%AD%E5%BB%BA%E7%AD%91%20way%2F1524720768&title=Special:MediaSearch&type=image"
"way/1524720769","thu","未命名校园建筑 way/1524720769","teaching","4","13.8","gray-brick","#8b8880","#d6d0bf","flat","0","#585741","esri-thu","","","academic","main-entrance","","estimated","pending-field-check","osm|esri-world-imagery|thu-map|thu-landscape|thu-planning|thu-gallery|thu-commons","https://www.openstreetmap.org/way/1524720769","https://commons.wikimedia.org/w/index.php?search=%E6%9C%AA%E5%91%BD%E5%90%8D%E6%A0%A1%E5%9B%AD%E5%BB%BA%E7%AD%91%20way%2F1524720769&title=Special:MediaSearch&type=image"
"way/1524720770","thu","未命名校园建筑 way/1524720770","teaching","4","13.8","gray-brick","#8b8880","#d6d0bf","flat","0","#3e4c38","esri-thu","","","academic","main-entrance","","estimated","pending-field-check","osm|esri-world-imagery|thu-map|thu-landscape|thu-planning|thu-gallery|thu-commons","https://www.openstreetmap.org/way/1524720770","https://commons.wikimedia.org/w/index.php?search=%E6%9C%AA%E5%91%BD%E5%90%8D%E6%A0%A1%E5%9B%AD%E5%BB%BA%E7%AD%91%20way%2F1524720770&title=Special:MediaSearch&type=image"
"way/1524720771","thu","未命名校园建筑 way/1524720771","teaching","4","13.8","gray-brick","#8b8880","#d6d0bf","flat","0","#777b78","","","","academic","main-entrance","","estimated","pending-field-check","osm|esri-world-imagery|thu-map|thu-landscape|thu-planning|thu-gallery|thu-commons","https://www.openstreetmap.org/way/1524720771","https://commons.wikimedia.org/w/index.php?search=%E6%9C%AA%E5%91%BD%E5%90%8D%E6%A0%A1%E5%9B%AD%E5%BB%BA%E7%AD%91%20way%2F1524720771&title=Special:MediaSearch&type=image"
"way/1524720772","thu","未命名校园建筑 way/1524720772","teaching","4","13.8","gray-brick","#8b8880","#d6d0bf","flat","0","#777b78","","","","academic","main-entrance","","estimated","pending-field-check","osm|esri-world-imagery|thu-map|thu-landscape|thu-planning|thu-gallery|thu-commons","https://www.openstreetmap.org/way/1524720772","https://commons.wikimedia.org/w/index.php?search=%E6%9C%AA%E5%91%BD%E5%90%8D%E6%A0%A1%E5%9B%AD%E5%BB%BA%E7%AD%91%20way%2F1524720772&title=Special:MediaSearch&type=image"
"way/1524720773","thu","未命名校园建筑 way/1524720773","teaching","4","13.8","gray-brick","#8b8880","#d6d0bf","flat","0","#777b78","","","","academic","main-entrance","","estimated","pending-field-check","osm|esri-world-imagery|thu-map|thu-landscape|thu-planning|thu-gallery|thu-commons","https://www.openstreetmap.org/way/1524720773","https://commons.wikimedia.org/w/index.php?search=%E6%9C%AA%E5%91%BD%E5%90%8D%E6%A0%A1%E5%9B%AD%E5%BB%BA%E7%AD%91%20way%2F1524720773&title=Special:MediaSearch&type=image"
"way/1526557805","thu","未命名校园建筑 way/1526557805","teaching","4","13.8","gray-brick","#8b8880","#d6d0bf","flat","0","#777b78","","","","academic","main-entrance","","estimated","pending-field-check","osm|esri-world-imagery|thu-map|thu-landscape|thu-planning|thu-gallery|thu-commons","https://www.openstreetmap.org/way/1526557805","https://commons.wikimedia.org/w/index.php?search=%E6%9C%AA%E5%91%BD%E5%90%8D%E6%A0%A1%E5%9B%AD%E5%BB%BA%E7%AD%91%20way%2F1526557805&title=Special:MediaSearch&type=image"
"way/1526557810","thu","未命名校园建筑 way/1526557810","teaching","4","13.8","gray-brick","#8b8880","#d6d0bf","flat","0","#494d3d","esri-thu","","","academic","main-entrance","","estimated","pending-field-check","osm|esri-world-imagery|thu-map|thu-landscape|thu-planning|thu-gallery|thu-commons","https://www.openstreetmap.org/way/1526557810","https://commons.wikimedia.org/w/index.php?search=%E6%9C%AA%E5%91%BD%E5%90%8D%E6%A0%A1%E5%9B%AD%E5%BB%BA%E7%AD%91%20way%2F1526557810&title=Special:MediaSearch&type=image"
"way/1526559604","thu","未命名校园建筑 way/1526559604","teaching","4","13.8","gray-brick","#8b8880","#d6d0bf","flat","0","#797560","esri-thu","","","academic","main-entrance","","estimated","pending-field-check","osm|esri-world-imagery|thu-map|thu-landscape|thu-planning|thu-gallery|thu-commons","https://www.openstreetmap.org/way/1526559604","https://commons.wikimedia.org/w/index.php?search=%E6%9C%AA%E5%91%BD%E5%90%8D%E6%A0%A1%E5%9B%AD%E5%BB%BA%E7%AD%91%20way%2F1526559604&title=Special:MediaSearch&type=image"
"way/1526559605","thu","未命名校园建筑 way/1526559605","teaching","4","13.8","gray-brick","#8b8880","#d6d0bf","flat","0","#454d42","esri-thu","","","academic","main-entrance","","estimated","pending-field-check","osm|esri-world-imagery|thu-map|thu-landscape|thu-planning|thu-gallery|thu-commons","https://www.openstreetmap.org/way/1526559605","https://commons.wikimedia.org/w/index.php?search=%E6%9C%AA%E5%91%BD%E5%90%8D%E6%A0%A1%E5%9B%AD%E5%BB%BA%E7%AD%91%20way%2F1526559605&title=Special:MediaSearch&type=image"
"way/1526559606","thu","未命名校园建筑 way/1526559606","teaching","4","13.8","gray-brick","#8b8880","#d6d0bf","flat","0","#777b78","","","","academic","main-entrance","","estimated","pending-field-check","osm|esri-world-imagery|thu-map|thu-landscape|thu-planning|thu-gallery|thu-commons","https://www.openstreetmap.org/way/1526559606","https://commons.wikimedia.org/w/index.php?search=%E6%9C%AA%E5%91%BD%E5%90%8D%E6%A0%A1%E5%9B%AD%E5%BB%BA%E7%AD%91%20way%2F1526559606&title=Special:MediaSearch&type=image"
"way/1526559607","thu","未命名校园建筑 way/1526559607","teaching","4","13.8","gray-brick","#8b8880","#d6d0bf","flat","0","#7a7c66","esri-thu","","","academic","main-entrance","","estimated","pending-field-check","osm|esri-world-imagery|thu-map|thu-landscape|thu-planning|thu-gallery|thu-commons","https://www.openstreetmap.org/way/1526559607","https://commons.wikimedia.org/w/index.php?search=%E6%9C%AA%E5%91%BD%E5%90%8D%E6%A0%A1%E5%9B%AD%E5%BB%BA%E7%AD%91%20way%2F1526559607&title=Special:MediaSearch&type=image"
"way/1526559608","thu","未命名校园建筑 way/1526559608","teaching","4","13.8","gray-brick","#8b8880","#d6d0bf","flat","0","#59543e","esri-thu","","","academic","main-entrance","","estimated","pending-field-check","osm|esri-world-imagery|thu-map|thu-landscape|thu-planning|thu-gallery|thu-commons","https://www.openstreetmap.org/way/1526559608","https://commons.wikimedia.org/w/index.php?search=%E6%9C%AA%E5%91%BD%E5%90%8D%E6%A0%A1%E5%9B%AD%E5%BB%BA%E7%AD%91%20way%2F1526559608&title=Special:MediaSearch&type=image"
"way/1527971829","thu","未命名校园建筑 way/1527971829","teaching","4","13.8","gray-brick","#8b8880","#d6d0bf","flat","0","#374c3e","esri-thu","","","academic","main-entrance","","estimated","pending-field-check","osm|esri-world-imagery|thu-map|thu-landscape|thu-planning|thu-gallery|thu-commons","https://www.openstreetmap.org/way/1527971829","https://commons.wikimedia.org/w/index.php?search=%E6%9C%AA%E5%91%BD%E5%90%8D%E6%A0%A1%E5%9B%AD%E5%BB%BA%E7%AD%91%20way%2F1527971829&title=Special:MediaSearch&type=image"
"way/1527971830","thu","未命名校园建筑 way/1527971830","teaching","4","13.8","gray-brick","#8b8880","#d6d0bf","flat","0","#3f4c4b","esri-thu","","","academic","main-entrance","","estimated","pending-field-check","osm|esri-world-imagery|thu-map|thu-landscape|thu-planning|thu-gallery|thu-commons","https://www.openstreetmap.org/way/1527971830","https://commons.wikimedia.org/w/index.php?search=%E6%9C%AA%E5%91%BD%E5%90%8D%E6%A0%A1%E5%9B%AD%E5%BB%BA%E7%AD%91%20way%2F1527971830&title=Special:MediaSearch&type=image"
"way/1527971831","thu","未命名校园建筑 way/1527971831","teaching","4","13.8","gray-brick","#8b8880","#d6d0bf","flat","0","#777b78","","","","academic","main-entrance","","estimated","pending-field-check","osm|esri-world-imagery|thu-map|thu-landscape|thu-planning|thu-gallery|thu-commons","https://www.openstreetmap.org/way/1527971831","https://commons.wikimedia.org/w/index.php?search=%E6%9C%AA%E5%91%BD%E5%90%8D%E6%A0%A1%E5%9B%AD%E5%BB%BA%E7%AD%91%20way%2F1527971831&title=Special:MediaSearch&type=image"
"way/1527971832","thu","未命名校园建筑 way/1527971832","teaching","4","13.8","gray-brick","#8b8880","#d6d0bf","flat","0","#777b78","","","","academic","main-entrance","","estimated","pending-field-check","osm|esri-world-imagery|thu-map|thu-landscape|thu-planning|thu-gallery|thu-commons","https://www.openstreetmap.org/way/1527971832","https://commons.wikimedia.org/w/index.php?search=%E6%9C%AA%E5%91%BD%E5%90%8D%E6%A0%A1%E5%9B%AD%E5%BB%BA%E7%AD%91%20way%2F1527971832&title=Special:MediaSearch&type=image"
"way/1527971833","thu","未命名校园建筑 way/1527971833","teaching","4","13.8","gray-brick","#8b8880","#d6d0bf","flat","0","#777b78","","","","academic","main-entrance","","estimated","pending-field-check","osm|esri-world-imagery|thu-map|thu-landscape|thu-planning|thu-gallery|thu-commons","https://www.openstreetmap.org/way/1527971833","https://commons.wikimedia.org/w/index.php?search=%E6%9C%AA%E5%91%BD%E5%90%8D%E6%A0%A1%E5%9B%AD%E5%BB%BA%E7%AD%91%20way%2F1527971833&title=Special:MediaSearch&type=image"
"way/1527971834","thu","未命名校园建筑 way/1527971834","teaching","4","13.8","gray-brick","#8b8880","#d6d0bf","flat","0","#777b78","","","","academic","main-entrance","","estimated","pending-field-check","osm|esri-world-imagery|thu-map|thu-landscape|thu-planning|thu-gallery|thu-commons","https://www.openstreetmap.org/way/1527971834","https://commons.wikimedia.org/w/index.php?search=%E6%9C%AA%E5%91%BD%E5%90%8D%E6%A0%A1%E5%9B%AD%E5%BB%BA%E7%AD%91%20way%2F1527971834&title=Special:MediaSearch&type=image"
"way/1527971835","thu","未命名校园建筑 way/1527971835","teaching","4","13.8","gray-brick","#8b8880","#d6d0bf","flat","0","#3b4c4b","esri-thu","","","academic","main-entrance","","estimated","pending-field-check","osm|esri-world-imagery|thu-map|thu-landscape|thu-planning|thu-gallery|thu-commons","https://www.openstreetmap.org/way/1527971835","https://commons.wikimedia.org/w/index.php?search=%E6%9C%AA%E5%91%BD%E5%90%8D%E6%A0%A1%E5%9B%AD%E5%BB%BA%E7%AD%91%20way%2F1527971835&title=Special:MediaSearch&type=image"
"way/1527971836","thu","未命名校园建筑 way/1527971836","teaching","4","13.8","gray-brick","#8b8880","#d6d0bf","flat","0","#38454c","esri-thu","","","academic","main-entrance","","estimated","pending-field-check","osm|esri-world-imagery|thu-map|thu-landscape|thu-planning|thu-gallery|thu-commons","https://www.openstreetmap.org/way/1527971836","https://commons.wikimedia.org/w/index.php?search=%E6%9C%AA%E5%91%BD%E5%90%8D%E6%A0%A1%E5%9B%AD%E5%BB%BA%E7%AD%91%20way%2F1527971836&title=Special:MediaSearch&type=image"
"way/1527971837","thu","未命名校园建筑 way/1527971837","teaching","4","13.8","gray-brick","#8b8880","#d6d0bf","flat","0","#374c4a","esri-thu","","","academic","main-entrance","","estimated","pending-field-check","osm|esri-world-imagery|thu-map|thu-landscape|thu-planning|thu-gallery|thu-commons","https://www.openstreetmap.org/way/1527971837","https://commons.wikimedia.org/w/index.php?search=%E6%9C%AA%E5%91%BD%E5%90%8D%E6%A0%A1%E5%9B%AD%E5%BB%BA%E7%AD%91%20way%2F1527971837&title=Special:MediaSearch&type=image"
"way/1527971838","thu","未命名校园建筑 way/1527971838","teaching","4","13.8","gray-brick","#8b8880","#d6d0bf","flat","0","#777b78","","","","academic","main-entrance","","estimated","pending-field-check","osm|esri-world-imagery|thu-map|thu-landscape|thu-planning|thu-gallery|thu-commons","https://www.openstreetmap.org/way/1527971838","https://commons.wikimedia.org/w/index.php?search=%E6%9C%AA%E5%91%BD%E5%90%8D%E6%A0%A1%E5%9B%AD%E5%BB%BA%E7%AD%91%20way%2F1527971838&title=Special:MediaSearch&type=image"
"way/1527971839","thu","未命名校园建筑 way/1527971839","teaching","4","13.8","gray-brick","#8b8880","#d6d0bf","flat","0","#2c3b4c","esri-thu","","","academic","main-entrance","","estimated","pending-field-check","osm|esri-world-imagery|thu-map|thu-landscape|thu-planning|thu-gallery|thu-commons","https://www.openstreetmap.org/way/1527971839","https://commons.wikimedia.org/w/index.php?search=%E6%9C%AA%E5%91%BD%E5%90%8D%E6%A0%A1%E5%9B%AD%E5%BB%BA%E7%AD%91%20way%2F1527971839&title=Special:MediaSearch&type=image"
"way/1527971841","thu","未命名校园建筑 way/1527971841","teaching","4","13.8","gray-brick","#8b8880","#d6d0bf","flat","0","#777b78","","","","academic","main-entrance","","estimated","pending-field-check","osm|esri-world-imagery|thu-map|thu-landscape|thu-planning|thu-gallery|thu-commons","https://www.openstreetmap.org/way/1527971841","https://commons.wikimedia.org/w/index.php?search=%E6%9C%AA%E5%91%BD%E5%90%8D%E6%A0%A1%E5%9B%AD%E5%BB%BA%E7%AD%91%20way%2F1527971841&title=Special:MediaSearch&type=image"
"way/1527971842","thu","未命名校园建筑 way/1527971842","teaching","4","13.8","gray-brick","#8b8880","#d6d0bf","flat","0","#767267","esri-thu","","","academic","main-entrance","","estimated","pending-field-check","osm|esri-world-imagery|thu-map|thu-landscape|thu-planning|thu-gallery|thu-commons","https://www.openstreetmap.org/way/1527971842","https://commons.wikimedia.org/w/index.php?search=%E6%9C%AA%E5%91%BD%E5%90%8D%E6%A0%A1%E5%9B%AD%E5%BB%BA%E7%AD%91%20way%2F1527971842&title=Special:MediaSearch&type=image"
"way/155287911","thu","电子工程馆","teaching","4","13.8","red-brick","#8b5a49","#d2c5ab","flat","0","#626859","esri-thu","","","academic","main-entrance","134","estimated","pending-field-check","osm|esri-world-imagery|thu-map|thu-landscape|thu-planning|thu-gallery|thu-commons","https://www.openstreetmap.org/way/155287911","https://commons.wikimedia.org/w/index.php?search=%E7%94%B5%E5%AD%90%E5%B7%A5%E7%A8%8B%E9%A6%86&title=Special:MediaSearch&type=image"
"way/158112141","thu","新清华学堂","teaching","5","28","red-brick","#9a5948","#c9aa87","flat","0","#51453d","esri-thu","","","modern-auditorium","layered-terraces|grand-stairs|colonnade","47","official","verified-official","osm|esri-world-imagery|thu-map|thu-landscape|thu-planning|thu-gallery|thu-commons","https://www.openstreetmap.org/way/158112141","https://commons.wikimedia.org/w/index.php?search=%E6%96%B0%E6%B8%85%E5%8D%8E%E5%AD%A6%E5%A0%82&title=Special:MediaSearch&type=image"
"way/158134858","thu","环境节能楼（环境工程系）","teaching","4","13.8","red-brick","#8b5a49","#d2c5ab","flat","0","#8d8e7b","esri-thu","","","academic","main-entrance","135","estimated","pending-field-check","osm|esri-world-imagery|thu-map|thu-landscape|thu-planning|thu-gallery|thu-commons","https://www.openstreetmap.org/way/158134858","https://commons.wikimedia.org/w/index.php?search=%E7%8E%AF%E5%A2%83%E8%8A%82%E8%83%BD%E6%A5%BC%EF%BC%88%E7%8E%AF%E5%A2%83%E5%B7%A5%E7%A8%8B%E7%B3%BB%EF%BC%89&title=Special:MediaSearch&type=image"
"way/163926083","pku","政府管理大楼","teaching","4","13.8","stone","#b1aa98","#d6d0bf","flat","0","#858673","esri-pku","","","academic","main-entrance","14","estimated","pending-field-check","osm|esri-world-imagery|pku-map|pku-visit|pku-photo|pku-commons","https://www.openstreetmap.org/way/163926083","https://commons.wikimedia.org/w/index.php?search=%E6%94%BF%E5%BA%9C%E7%AE%A1%E7%90%86%E5%A4%A7%E6%A5%BC&title=Special:MediaSearch&type=image"
"way/188711087","pku","百周年纪念讲堂","teaching","4","25","stone","#bdb29c","#d9d0bd","flat","0","#6a6257","esri-pku","180","","modern-auditorium","layered-terraces|octagonal-window|grand-stairs","9","official","verified-official","osm|esri-world-imagery|pku-map|pku-visit|pku-photo|pku-commons|pku-centennial","https://www.openstreetmap.org/way/188711087","https://commons.wikimedia.org/w/index.php?search=%E7%99%BE%E5%91%A8%E5%B9%B4%E7%BA%AA%E5%BF%B5%E8%AE%B2%E5%A0%82&title=Special:MediaSearch&type=image"
"way/188712163","pku","艺园餐厅","dining","3","12.6","gray-brick","#8b8880","#d6d0bf","flat","0","#898879","esri-pku","","","dining-hall","entrance-canopy","","estimated","pending-field-check","osm|esri-world-imagery|pku-map|pku-visit|pku-photo|pku-commons","https://www.openstreetmap.org/way/188712163","https://commons.wikimedia.org/w/index.php?search=%E8%89%BA%E5%9B%AD%E9%A4%90%E5%8E%85&title=Special:MediaSearch&type=image"
"way/219072643","thu","24号楼","dorm","6","20.7","red-brick","#8b5a49","#d2c5ab","flat","0","#8b958b","esri-thu","","","dormitory","repeated-bays","","estimated","pending-field-check","osm|esri-world-imagery|thu-map|thu-landscape|thu-planning|thu-gallery|thu-commons","https://www.openstreetmap.org/way/219072643","https://commons.wikimedia.org/w/index.php?search=24%E5%8F%B7%E6%A5%BC&title=Special:MediaSearch&type=image"
"way/219072644","thu","25号楼","dorm","6","20.7","red-brick","#8b5a49","#d2c5ab","flat","0","#889188","esri-thu","","","dormitory","repeated-bays","","estimated","pending-field-check","osm|esri-world-imagery|thu-map|thu-landscape|thu-planning|thu-gallery|thu-commons","https://www.openstreetmap.org/way/219072644","https://commons.wikimedia.org/w/index.php?search=25%E5%8F%B7%E6%A5%BC&title=Special:MediaSearch&type=image"
"way/219072645","thu","28号楼","dorm","6","20.7","red-brick","#8b5a49","#d2c5ab","flat","0","#768277","esri-thu","","","dormitory","repeated-bays","","estimated","pending-field-check","osm|esri-world-imagery|thu-map|thu-landscape|thu-planning|thu-gallery|thu-commons","https://www.openstreetmap.org/way/219072645","https://commons.wikimedia.org/w/index.php?search=28%E5%8F%B7%E6%A5%BC&title=Special:MediaSearch&type=image"
"way/226623363","thu","西体育馆","sports","2","9.6","red-brick","#8b5a49","#d2c5ab","flat","0","#6c6e59","esri-thu","","","academic","main-entrance","","estimated","pending-field-check","osm|esri-world-imagery|thu-map|thu-landscape|thu-planning|thu-gallery|thu-commons","https://www.openstreetmap.org/way/226623363","https://commons.wikimedia.org/w/index.php?search=%E8%A5%BF%E4%BD%93%E8%82%B2%E9%A6%86&title=Special:MediaSearch&type=image"
"way/226623627","thu","13号楼","dorm","6","20.7","red-brick","#8b5a49","#d2c5ab","flat","0","#999c8c","esri-thu","","","dormitory","repeated-bays","","estimated","pending-field-check","osm|esri-world-imagery|thu-map|thu-landscape|thu-planning|thu-gallery|thu-commons","https://www.openstreetmap.org/way/226623627","https://commons.wikimedia.org/w/index.php?search=13%E5%8F%B7%E6%A5%BC&title=Special:MediaSearch&type=image"
"way/226623631","thu","23号楼","dorm","6","20.7","red-brick","#8b5a49","#d2c5ab","flat","0","#899087","esri-thu","","","dormitory","repeated-bays","","estimated","pending-field-check","osm|esri-world-imagery|thu-map|thu-landscape|thu-planning|thu-gallery|thu-commons","https://www.openstreetmap.org/way/226623631","https://commons.wikimedia.org/w/index.php?search=23%E5%8F%B7%E6%A5%BC&title=Special:MediaSearch&type=image"
"way/226625357","thu","太平间","teaching","4","13.8","red-brick","#8b5a49","#d2c5ab","flat","0","#9f9e8c","esri-thu","","","academic","main-entrance","","estimated","pending-field-check","osm|esri-world-imagery|thu-map|thu-landscape|thu-planning|thu-gallery|thu-commons","https://www.openstreetmap.org/way/226625357","https://commons.wikimedia.org/w/index.php?search=%E5%A4%AA%E5%B9%B3%E9%97%B4&title=Special:MediaSearch&type=image"
"way/226625358","thu","近春园西楼","teaching","4","13.8","gray-brick","#8b8880","#d6d0bf","flat","0","#b1ad9b","esri-thu","","","academic","main-entrance","","estimated","pending-field-check","osm|esri-world-imagery|thu-map|thu-landscape|thu-planning|thu-gallery|thu-commons","https://www.openstreetmap.org/way/226625358","https://commons.wikimedia.org/w/index.php?search=%E8%BF%91%E6%98%A5%E5%9B%AD%E8%A5%BF%E6%A5%BC&title=Special:MediaSearch&type=image"
"way/226625472","thu","寓园教工食堂","dining","3","12.6","gray-brick","#8b8880","#d6d0bf","flat","0","#646652","esri-thu","","","dining-hall","entrance-canopy","","estimated","pending-field-check","osm|esri-world-imagery|thu-map|thu-landscape|thu-planning|thu-gallery|thu-commons","https://www.openstreetmap.org/way/226625472","https://commons.wikimedia.org/w/index.php?search=%E5%AF%93%E5%9B%AD%E6%95%99%E5%B7%A5%E9%A3%9F%E5%A0%82&title=Special:MediaSearch&type=image"
"way/226629272","thu","南园教工食堂","dining","3","12.6","gray-brick","#8b8880","#d6d0bf","flat","0","#706d5a","esri-thu","","","dining-hall","entrance-canopy","","estimated","pending-field-check","osm|esri-world-imagery|thu-map|thu-landscape|thu-planning|thu-gallery|thu-commons","https://www.openstreetmap.org/way/226629272","https://commons.wikimedia.org/w/index.php?search=%E5%8D%97%E5%9B%AD%E6%95%99%E5%B7%A5%E9%A3%9F%E5%A0%82&title=Special:MediaSearch&type=image"
"way/226632802","thu","熊知行楼","teaching","4","13.8","red-brick","#8b5a49","#d2c5ab","flat","0","#6d6956","esri-thu","","","academic","main-entrance","","estimated","pending-field-check","osm|esri-world-imagery|thu-map|thu-landscape|thu-planning|thu-gallery|thu-commons","https://www.openstreetmap.org/way/226632802","https://commons.wikimedia.org/w/index.php?search=%E7%86%8A%E7%9F%A5%E8%A1%8C%E6%A5%BC&title=Special:MediaSearch&type=image"
"way/226633636","thu","同方部","teaching","4","13.8","red-brick","#8b5a49","#d2c5ab","hipped","0","#4e402f","esri-thu","","","academic","main-entrance","","estimated","pending-field-check","osm|esri-world-imagery|thu-map|thu-landscape|thu-planning|thu-gallery|thu-commons","https://www.openstreetmap.org/way/226633636","https://commons.wikimedia.org/w/index.php?search=%E5%90%8C%E6%96%B9%E9%83%A8&title=Special:MediaSearch&type=image"
"way/226666778","thu","18号楼","dorm","6","20.7","red-brick","#8b5a49","#d2c5ab","flat","0","#7e8a84","esri-thu","","","dormitory","repeated-bays","","estimated","pending-field-check","osm|esri-world-imagery|thu-map|thu-landscape|thu-planning|thu-gallery|thu-commons","https://www.openstreetmap.org/way/226666778","https://commons.wikimedia.org/w/index.php?search=18%E5%8F%B7%E6%A5%BC&title=Special:MediaSearch&type=image"
"way/226666792","thu","校团委广播台","teaching","4","13.8","red-brick","#8b5a49","#d2c5ab","flat","0","#474c3f","esri-thu","","","academic","main-entrance","","estimated","pending-field-check","osm|esri-world-imagery|thu-map|thu-landscape|thu-planning|thu-gallery|thu-commons","https://www.openstreetmap.org/way/226666792","https://commons.wikimedia.org/w/index.php?search=%E6%A0%A1%E5%9B%A2%E5%A7%94%E5%B9%BF%E6%92%AD%E5%8F%B0&title=Special:MediaSearch&type=image"
"way/226666846","thu","生命科学馆","teaching","4","13.8","red-brick","#8b5a49","#d2c5ab","hipped","0","#5d6958","esri-thu","","","academic","main-entrance","136","estimated","pending-field-check","osm|esri-world-imagery|thu-map|thu-landscape|thu-planning|thu-gallery|thu-commons","https://www.openstreetmap.org/way/226666846","https://commons.wikimedia.org/w/index.php?search=%E7%94%9F%E5%91%BD%E7%A7%91%E5%AD%A6%E9%A6%86&title=Special:MediaSearch&type=image"
"way/226666911","thu","工会俱乐部","teaching","4","13.8","red-brick","#8b5a49","#d2c5ab","flat","0","#5a5d4c","esri-thu","","","academic","main-entrance","","estimated","pending-field-check","osm|esri-world-imagery|thu-map|thu-landscape|thu-planning|thu-gallery|thu-commons","https://www.openstreetmap.org/way/226666911","https://commons.wikimedia.org/w/index.php?search=%E5%B7%A5%E4%BC%9A%E4%BF%B1%E4%B9%90%E9%83%A8&title=Special:MediaSearch&type=image"
"way/226667023","thu","平斋","teaching","2","6.9","red-brick","#8b5a49","#d2c5ab","flat","0","#706e5a","esri-thu","","","academic","main-entrance","","osm","verified-osm","osm|esri-world-imagery|thu-map|thu-landscape|thu-planning|thu-gallery|thu-commons","https://www.openstreetmap.org/way/226667023","https://commons.wikimedia.org/w/index.php?search=%E5%B9%B3%E6%96%8B&title=Special:MediaSearch&type=image"
"way/226667035","thu","医学科学楼","teaching","4","13.8","red-brick","#8b5a49","#d2c5ab","flat","0","#64725f","esri-thu","","","academic","main-entrance","","estimated","pending-field-check","osm|esri-world-imagery|thu-map|thu-landscape|thu-planning|thu-gallery|thu-commons","https://www.openstreetmap.org/way/226667035","https://commons.wikimedia.org/w/index.php?search=%E5%8C%BB%E5%AD%A6%E7%A7%91%E5%AD%A6%E6%A5%BC&title=Special:MediaSearch&type=image"
"way/226667897","thu","建筑设计中心","teaching","6","20.7","glass","#7896a2","#a7babd","flat","0","#a4a38e","esri-thu","","","academic","main-entrance","","estimated","pending-field-check","osm|esri-world-imagery|thu-map|thu-landscape|thu-planning|thu-gallery|thu-commons","https://www.openstreetmap.org/way/226667897","https://commons.wikimedia.org/w/index.php?search=%E5%BB%BA%E7%AD%91%E8%AE%BE%E8%AE%A1%E4%B8%AD%E5%BF%83&title=Special:MediaSearch&type=image"
"way/226667976","thu","公共管理学院","teaching","6","20.7","red-brick","#8b5a49","#d2c5ab","flat","0","#666b5e","esri-thu","","","academic","main-entrance","137","estimated","pending-field-check","osm|esri-world-imagery|thu-map|thu-landscape|thu-planning|thu-gallery|thu-commons","https://www.openstreetmap.org/way/226667976","https://commons.wikimedia.org/w/index.php?search=%E5%85%AC%E5%85%B1%E7%AE%A1%E7%90%86%E5%AD%A6%E9%99%A2&title=Special:MediaSearch&type=image"
"way/226668635","thu","西44楼","dorm","6","20.7","red-brick","#8b5a49","#d2c5ab","flat","0","#6d7162","esri-thu","","","dormitory","repeated-bays","","estimated","pending-field-check","osm|esri-world-imagery|thu-map|thu-landscape|thu-planning|thu-gallery|thu-commons","https://www.openstreetmap.org/way/226668635","https://commons.wikimedia.org/w/index.php?search=%E8%A5%BF44%E6%A5%BC&title=Special:MediaSearch&type=image"
"way/226668636","thu","16公寓","dorm","6","20.7","red-brick","#8b5a49","#d2c5ab","flat","0","#717463","esri-thu","","","dormitory","repeated-bays","","estimated","pending-field-check","osm|esri-world-imagery|thu-map|thu-landscape|thu-planning|thu-gallery|thu-commons","https://www.openstreetmap.org/way/226668636","https://commons.wikimedia.org/w/index.php?search=16%E5%85%AC%E5%AF%93&title=Special:MediaSearch&type=image"
"way/226668637","thu","19公寓","dorm","6","20.7","red-brick","#8b5a49","#d2c5ab","flat","0","#6c705d","esri-thu","","","dormitory","repeated-bays","","estimated","pending-field-check","osm|esri-world-imagery|thu-map|thu-landscape|thu-planning|thu-gallery|thu-commons","https://www.openstreetmap.org/way/226668637","https://commons.wikimedia.org/w/index.php?search=19%E5%85%AC%E5%AF%93&title=Special:MediaSearch&type=image"
"way/226668638","thu","15公寓","dorm","6","20.7","red-brick","#8b5a49","#d2c5ab","flat","0","#6b6d5b","esri-thu","","","dormitory","repeated-bays","","estimated","pending-field-check","osm|esri-world-imagery|thu-map|thu-landscape|thu-planning|thu-gallery|thu-commons","https://www.openstreetmap.org/way/226668638","https://commons.wikimedia.org/w/index.php?search=15%E5%85%AC%E5%AF%93&title=Special:MediaSearch&type=image"
"way/226668639","thu","17公寓","dorm","6","20.7","red-brick","#8b5a49","#d2c5ab","flat","0","#6a6a59","esri-thu","","","dormitory","repeated-bays","","estimated","pending-field-check","osm|esri-world-imagery|thu-map|thu-landscape|thu-planning|thu-gallery|thu-commons","https://www.openstreetmap.org/way/226668639","https://commons.wikimedia.org/w/index.php?search=17%E5%85%AC%E5%AF%93&title=Special:MediaSearch&type=image"
"way/226668640","thu","18公寓","dorm","6","20.7","red-brick","#8b5a49","#d2c5ab","flat","0","#757964","esri-thu","","","dormitory","repeated-bays","","estimated","pending-field-check","osm|esri-world-imagery|thu-map|thu-landscape|thu-planning|thu-gallery|thu-commons","https://www.openstreetmap.org/way/226668640","https://commons.wikimedia.org/w/index.php?search=18%E5%85%AC%E5%AF%93&title=Special:MediaSearch&type=image"
"way/226668641","thu","西43楼","dorm","6","20.7","red-brick","#8b5a49","#d2c5ab","flat","0","#6e7261","esri-thu","","","dormitory","repeated-bays","","estimated","pending-field-check","osm|esri-world-imagery|thu-map|thu-landscape|thu-planning|thu-gallery|thu-commons","https://www.openstreetmap.org/way/226668641","https://commons.wikimedia.org/w/index.php?search=%E8%A5%BF43%E6%A5%BC&title=Special:MediaSearch&type=image"
"way/226668642","thu","西8楼","dorm","6","20.7","red-brick","#8b5a49","#d2c5ab","flat","0","#616553","esri-thu","","","dormitory","repeated-bays","","estimated","pending-field-check","osm|esri-world-imagery|thu-map|thu-landscape|thu-planning|thu-gallery|thu-commons","https://www.openstreetmap.org/way/226668642","https://commons.wikimedia.org/w/index.php?search=%E8%A5%BF8%E6%A5%BC&title=Special:MediaSearch&type=image"
"way/226668644","thu","西42楼","dorm","6","20.7","red-brick","#8b5a49","#d2c5ab","flat","0","#646754","esri-thu","","","dormitory","repeated-bays","","estimated","pending-field-check","osm|esri-world-imagery|thu-map|thu-landscape|thu-planning|thu-gallery|thu-commons","https://www.openstreetmap.org/way/226668644","https://commons.wikimedia.org/w/index.php?search=%E8%A5%BF42%E6%A5%BC&title=Special:MediaSearch&type=image"
"way/226668645","thu","西41楼","dorm","6","20.7","red-brick","#8b5a49","#d2c5ab","flat","0","#5b6152","esri-thu","","","dormitory","repeated-bays","","estimated","pending-field-check","osm|esri-world-imagery|thu-map|thu-landscape|thu-planning|thu-gallery|thu-commons","https://www.openstreetmap.org/way/226668645","https://commons.wikimedia.org/w/index.php?search=%E8%A5%BF41%E6%A5%BC&title=Special:MediaSearch&type=image"
"way/226668646","thu","西2楼","dorm","6","20.7","red-brick","#8b5a49","#d2c5ab","flat","0","#80836f","esri-thu","","","dormitory","repeated-bays","","estimated","pending-field-check","osm|esri-world-imagery|thu-map|thu-landscape|thu-planning|thu-gallery|thu-commons","https://www.openstreetmap.org/way/226668646","https://commons.wikimedia.org/w/index.php?search=%E8%A5%BF2%E6%A5%BC&title=Special:MediaSearch&type=image"
"way/226668647","thu","西1楼","dorm","6","20.7","red-brick","#8b5a49","#d2c5ab","flat","0","#646d5f","esri-thu","","","dormitory","repeated-bays","","estimated","pending-field-check","osm|esri-world-imagery|thu-map|thu-landscape|thu-planning|thu-gallery|thu-commons","https://www.openstreetmap.org/way/226668647","https://commons.wikimedia.org/w/index.php?search=%E8%A5%BF1%E6%A5%BC&title=Special:MediaSearch&type=image"
"way/226668655","thu","中6楼","dorm","6","20.7","red-brick","#8b5a49","#d2c5ab","flat","0","#7f846f","esri-thu","","","dormitory","repeated-bays","138","estimated","pending-field-check","osm|esri-world-imagery|thu-map|thu-landscape|thu-planning|thu-gallery|thu-commons","https://www.openstreetmap.org/way/226668655","https://commons.wikimedia.org/w/index.php?search=%E4%B8%AD6%E6%A5%BC&title=Special:MediaSearch&type=image"
"way/226668656","thu","中5楼","dorm","6","20.7","red-brick","#8b5a49","#d2c5ab","flat","0","#5f6555","esri-thu","","","dormitory","repeated-bays","139","estimated","pending-field-check","osm|esri-world-imagery|thu-map|thu-landscape|thu-planning|thu-gallery|thu-commons","https://www.openstreetmap.org/way/226668656","https://commons.wikimedia.org/w/index.php?search=%E4%B8%AD5%E6%A5%BC&title=Special:MediaSearch&type=image"
"way/226668657","thu","中4楼","dorm","6","20.7","red-brick","#8b5a49","#d2c5ab","flat","0","#717362","esri-thu","","","dormitory","repeated-bays","","estimated","pending-field-check","osm|esri-world-imagery|thu-map|thu-landscape|thu-planning|thu-gallery|thu-commons","https://www.openstreetmap.org/way/226668657","https://commons.wikimedia.org/w/index.php?search=%E4%B8%AD4%E6%A5%BC&title=Special:MediaSearch&type=image"
"way/226668658","thu","中2楼","dorm","6","20.7","red-brick","#8b5a49","#d2c5ab","flat","0","#808370","esri-thu","","","dormitory","repeated-bays","140","estimated","pending-field-check","osm|esri-world-imagery|thu-map|thu-landscape|thu-planning|thu-gallery|thu-commons","https://www.openstreetmap.org/way/226668658","https://commons.wikimedia.org/w/index.php?search=%E4%B8%AD2%E6%A5%BC&title=Special:MediaSearch&type=image"
"way/226668659","thu","中1楼","dorm","6","20.7","red-brick","#8b5a49","#d2c5ab","flat","0","#606858","esri-thu","","","dormitory","repeated-bays","141","estimated","pending-field-check","osm|esri-world-imagery|thu-map|thu-landscape|thu-planning|thu-gallery|thu-commons","https://www.openstreetmap.org/way/226668659","https://commons.wikimedia.org/w/index.php?search=%E4%B8%AD1%E6%A5%BC&title=Special:MediaSearch&type=image"
"way/226668660","thu","中3楼","dorm","6","20.7","red-brick","#8b5a49","#d2c5ab","flat","0","#676d5b","esri-thu","","","dormitory","repeated-bays","","estimated","pending-field-check","osm|esri-world-imagery|thu-map|thu-landscape|thu-planning|thu-gallery|thu-commons","https://www.openstreetmap.org/way/226668660","https://commons.wikimedia.org/w/index.php?search=%E4%B8%AD3%E6%A5%BC&title=Special:MediaSearch&type=image"
"way/226668674","thu","西9楼","dorm","6","20.7","red-brick","#8b5a49","#d2c5ab","flat","0","#8c8d77","esri-thu","","","dormitory","repeated-bays","","estimated","pending-field-check","osm|esri-world-imagery|thu-map|thu-landscape|thu-planning|thu-gallery|thu-commons","https://www.openstreetmap.org/way/226668674","https://commons.wikimedia.org/w/index.php?search=%E8%A5%BF9%E6%A5%BC&title=Special:MediaSearch&type=image"
"way/226668675","thu","西11楼","dorm","6","20.7","red-brick","#8b5a49","#d2c5ab","flat","0","#6f7664","esri-thu","","","dormitory","repeated-bays","","estimated","pending-field-check","osm|esri-world-imagery|thu-map|thu-landscape|thu-planning|thu-gallery|thu-commons","https://www.openstreetmap.org/way/226668675","https://commons.wikimedia.org/w/index.php?search=%E8%A5%BF11%E6%A5%BC&title=Special:MediaSearch&type=image"
"way/226668676","thu","西12楼","dorm","6","20.7","red-brick","#8b5a49","#d2c5ab","flat","0","#6e7160","esri-thu","","","dormitory","repeated-bays","","estimated","pending-field-check","osm|esri-world-imagery|thu-map|thu-landscape|thu-planning|thu-gallery|thu-commons","https://www.openstreetmap.org/way/226668676","https://commons.wikimedia.org/w/index.php?search=%E8%A5%BF12%E6%A5%BC&title=Special:MediaSearch&type=image"
"way/226668677","thu","西14楼","dorm","6","20.7","red-brick","#8b5a49","#d2c5ab","flat","0","#7b816d","esri-thu","","","dormitory","repeated-bays","","estimated","pending-field-check","osm|esri-world-imagery|thu-map|thu-landscape|thu-planning|thu-gallery|thu-commons","https://www.openstreetmap.org/way/226668677","https://commons.wikimedia.org/w/index.php?search=%E8%A5%BF14%E6%A5%BC&title=Special:MediaSearch&type=image"
"way/226668678","thu","西10楼","dorm","6","20.7","red-brick","#8b5a49","#d2c5ab","flat","0","#7e826f","esri-thu","","","dormitory","repeated-bays","","estimated","pending-field-check","osm|esri-world-imagery|thu-map|thu-landscape|thu-planning|thu-gallery|thu-commons","https://www.openstreetmap.org/way/226668678","https://commons.wikimedia.org/w/index.php?search=%E8%A5%BF10%E6%A5%BC&title=Special:MediaSearch&type=image"
"way/226668679","thu","西13楼","dorm","6","20.7","red-brick","#8b5a49","#d2c5ab","flat","0","#6b6f5c","esri-thu","","","dormitory","repeated-bays","","estimated","pending-field-check","osm|esri-world-imagery|thu-map|thu-landscape|thu-planning|thu-gallery|thu-commons","https://www.openstreetmap.org/way/226668679","https://commons.wikimedia.org/w/index.php?search=%E8%A5%BF13%E6%A5%BC&title=Special:MediaSearch&type=image"
"way/226668695","thu","8公寓","dorm","6","20.7","red-brick","#8b5a49","#d2c5ab","flat","0","#4a4c3d","esri-thu","","","dormitory","repeated-bays","","estimated","pending-field-check","osm|esri-world-imagery|thu-map|thu-landscape|thu-planning|thu-gallery|thu-commons","https://www.openstreetmap.org/way/226668695","https://commons.wikimedia.org/w/index.php?search=8%E5%85%AC%E5%AF%93&title=Special:MediaSearch&type=image"
"way/226668696","thu","4公寓","dorm","6","20.7","red-brick","#8b5a49","#d2c5ab","flat","0","#404c3b","esri-thu","","","dormitory","repeated-bays","","estimated","pending-field-check","osm|esri-world-imagery|thu-map|thu-landscape|thu-planning|thu-gallery|thu-commons","https://www.openstreetmap.org/way/226668696","https://commons.wikimedia.org/w/index.php?search=4%E5%85%AC%E5%AF%93&title=Special:MediaSearch&type=image"
"way/226668697","thu","7公寓","dorm","6","20.7","red-brick","#8b5a49","#d2c5ab","flat","0","#535340","esri-thu","","","dormitory","repeated-bays","","estimated","pending-field-check","osm|esri-world-imagery|thu-map|thu-landscape|thu-planning|thu-gallery|thu-commons","https://www.openstreetmap.org/way/226668697","https://commons.wikimedia.org/w/index.php?search=7%E5%85%AC%E5%AF%93&title=Special:MediaSearch&type=image"
"way/226668698","thu","3公寓","dorm","6","20.7","red-brick","#8b5a49","#d2c5ab","flat","0","#464c3c","esri-thu","","","dormitory","repeated-bays","","estimated","pending-field-check","osm|esri-world-imagery|thu-map|thu-landscape|thu-planning|thu-gallery|thu-commons","https://www.openstreetmap.org/way/226668698","https://commons.wikimedia.org/w/index.php?search=3%E5%85%AC%E5%AF%93&title=Special:MediaSearch&type=image"
"way/226668699","thu","5公寓","dorm","6","20.7","red-brick","#8b5a49","#d2c5ab","flat","0","#494c3c","esri-thu","","","dormitory","repeated-bays","","estimated","pending-field-check","osm|esri-world-imagery|thu-map|thu-landscape|thu-planning|thu-gallery|thu-commons","https://www.openstreetmap.org/way/226668699","https://commons.wikimedia.org/w/index.php?search=5%E5%85%AC%E5%AF%93&title=Special:MediaSearch&type=image"
"way/226668700","thu","6公寓","dorm","6","20.7","red-brick","#8b5a49","#d2c5ab","flat","0","#464c3b","esri-thu","","","dormitory","repeated-bays","","estimated","pending-field-check","osm|esri-world-imagery|thu-map|thu-landscape|thu-planning|thu-gallery|thu-commons","https://www.openstreetmap.org/way/226668700","https://commons.wikimedia.org/w/index.php?search=6%E5%85%AC%E5%AF%93&title=Special:MediaSearch&type=image"
"way/226668703","thu","西南19","dorm","6","20.7","red-brick","#8b5a49","#d2c5ab","flat","0","#6e705d","esri-thu","","","dormitory","repeated-bays","142","estimated","pending-field-check","osm|esri-world-imagery|thu-map|thu-landscape|thu-planning|thu-gallery|thu-commons","https://www.openstreetmap.org/way/226668703","https://commons.wikimedia.org/w/index.php?search=%E8%A5%BF%E5%8D%9719&title=Special:MediaSearch&type=image"
"way/226668704","thu","西南17","teaching","4","13.8","red-brick","#8b5a49","#d2c5ab","flat","0","#525c51","esri-thu","","","academic","main-entrance","","estimated","pending-field-check","osm|esri-world-imagery|thu-map|thu-landscape|thu-planning|thu-gallery|thu-commons","https://www.openstreetmap.org/way/226668704","https://commons.wikimedia.org/w/index.php?search=%E8%A5%BF%E5%8D%9717&title=Special:MediaSearch&type=image"
"way/226668705","thu","西南18","teaching","4","13.8","red-brick","#8b5a49","#d2c5ab","flat","0","#707461","esri-thu","","","academic","main-entrance","","estimated","pending-field-check","osm|esri-world-imagery|thu-map|thu-landscape|thu-planning|thu-gallery|thu-commons","https://www.openstreetmap.org/way/226668705","https://commons.wikimedia.org/w/index.php?search=%E8%A5%BF%E5%8D%9718&title=Special:MediaSearch&type=image"
"way/226668706","thu","11公寓","dorm","6","20.7","red-brick","#8b5a49","#d2c5ab","flat","0","#8b8b7b","esri-thu","","","dormitory","repeated-bays","","estimated","pending-field-check","osm|esri-world-imagery|thu-map|thu-landscape|thu-planning|thu-gallery|thu-commons","https://www.openstreetmap.org/way/226668706","https://commons.wikimedia.org/w/index.php?search=11%E5%85%AC%E5%AF%93&title=Special:MediaSearch&type=image"
"way/226668707","thu","西南16","teaching","4","13.8","red-brick","#8b5a49","#d2c5ab","flat","0","#737460","esri-thu","","","academic","main-entrance","","estimated","pending-field-check","osm|esri-world-imagery|thu-map|thu-landscape|thu-planning|thu-gallery|thu-commons","https://www.openstreetmap.org/way/226668707","https://commons.wikimedia.org/w/index.php?search=%E8%A5%BF%E5%8D%9716&title=Special:MediaSearch&type=image"
"way/226668708","thu","12公寓","dorm","6","20.7","red-brick","#8b5a49","#d2c5ab","flat","0","#96917e","esri-thu","","","dormitory","repeated-bays","","estimated","pending-field-check","osm|esri-world-imagery|thu-map|thu-landscape|thu-planning|thu-gallery|thu-commons","https://www.openstreetmap.org/way/226668708","https://commons.wikimedia.org/w/index.php?search=12%E5%85%AC%E5%AF%93&title=Special:MediaSearch&type=image"
"way/226668709","thu","10公寓","dorm","6","20.7","red-brick","#8b5a49","#d2c5ab","flat","0","#787863","esri-thu","","","dormitory","repeated-bays","","estimated","pending-field-check","osm|esri-world-imagery|thu-map|thu-landscape|thu-planning|thu-gallery|thu-commons","https://www.openstreetmap.org/way/226668709","https://commons.wikimedia.org/w/index.php?search=10%E5%85%AC%E5%AF%93&title=Special:MediaSearch&type=image"
"way/226668710","thu","西南15","teaching","4","13.8","red-brick","#8b5a49","#d2c5ab","flat","0","#696d5c","esri-thu","","","academic","main-entrance","","estimated","pending-field-check","osm|esri-world-imagery|thu-map|thu-landscape|thu-planning|thu-gallery|thu-commons","https://www.openstreetmap.org/way/226668710","https://commons.wikimedia.org/w/index.php?search=%E8%A5%BF%E5%8D%9715&title=Special:MediaSearch&type=image"
"way/226668711","thu","西南20","teaching","4","13.8","red-brick","#8b5a49","#d2c5ab","flat","0","#6c6f5d","esri-thu","","","academic","main-entrance","","estimated","pending-field-check","osm|esri-world-imagery|thu-map|thu-landscape|thu-planning|thu-gallery|thu-commons","https://www.openstreetmap.org/way/226668711","https://commons.wikimedia.org/w/index.php?search=%E8%A5%BF%E5%8D%9720&title=Special:MediaSearch&type=image"
"way/226668723","thu","未命名校园建筑 way/226668723","teaching","4","13.8","gray-brick","#8b8880","#d6d0bf","flat","0","#696349","esri-thu","","","academic","main-entrance","","estimated","pending-field-check","osm|esri-world-imagery|thu-map|thu-landscape|thu-planning|thu-gallery|thu-commons","https://www.openstreetmap.org/way/226668723","https://commons.wikimedia.org/w/index.php?search=%E6%9C%AA%E5%91%BD%E5%90%8D%E6%A0%A1%E5%9B%AD%E5%BB%BA%E7%AD%91%20way%2F226668723&title=Special:MediaSearch&type=image"
"way/226668724","thu","未命名校园建筑 way/226668724","teaching","4","13.8","gray-brick","#8b8880","#d6d0bf","flat","0","#695e4b","esri-thu","","","academic","main-entrance","","estimated","pending-field-check","osm|esri-world-imagery|thu-map|thu-landscape|thu-planning|thu-gallery|thu-commons","https://www.openstreetmap.org/way/226668724","https://commons.wikimedia.org/w/index.php?search=%E6%9C%AA%E5%91%BD%E5%90%8D%E6%A0%A1%E5%9B%AD%E5%BB%BA%E7%AD%91%20way%2F226668724&title=Special:MediaSearch&type=image"
"way/226668725","thu","未命名校园建筑 way/226668725","teaching","4","13.8","gray-brick","#8b8880","#d6d0bf","flat","0","#4e4530","esri-thu","","","academic","main-entrance","","estimated","pending-field-check","osm|esri-world-imagery|thu-map|thu-landscape|thu-planning|thu-gallery|thu-commons","https://www.openstreetmap.org/way/226668725","https://commons.wikimedia.org/w/index.php?search=%E6%9C%AA%E5%91%BD%E5%90%8D%E6%A0%A1%E5%9B%AD%E5%BB%BA%E7%AD%91%20way%2F226668725&title=Special:MediaSearch&type=image"
"way/226668726","thu","未命名校园建筑 way/226668726","teaching","4","13.8","gray-brick","#8b8880","#d6d0bf","flat","0","#4c4936","esri-thu","","","academic","main-entrance","","estimated","pending-field-check","osm|esri-world-imagery|thu-map|thu-landscape|thu-planning|thu-gallery|thu-commons","https://www.openstreetmap.org/way/226668726","https://commons.wikimedia.org/w/index.php?search=%E6%9C%AA%E5%91%BD%E5%90%8D%E6%A0%A1%E5%9B%AD%E5%BB%BA%E7%AD%91%20way%2F226668726&title=Special:MediaSearch&type=image"
"way/226668727","thu","未命名校园建筑 way/226668727","teaching","4","13.8","gray-brick","#8b8880","#d6d0bf","flat","0","#59553e","esri-thu","","","academic","main-entrance","","estimated","pending-field-check","osm|esri-world-imagery|thu-map|thu-landscape|thu-planning|thu-gallery|thu-commons","https://www.openstreetmap.org/way/226668727","https://commons.wikimedia.org/w/index.php?search=%E6%9C%AA%E5%91%BD%E5%90%8D%E6%A0%A1%E5%9B%AD%E5%BB%BA%E7%AD%91%20way%2F226668727&title=Special:MediaSearch&type=image"
"way/226668728","thu","未命名校园建筑 way/226668728","teaching","4","13.8","gray-brick","#8b8880","#d6d0bf","flat","0","#53503c","esri-thu","","","academic","main-entrance","","estimated","pending-field-check","osm|esri-world-imagery|thu-map|thu-landscape|thu-planning|thu-gallery|thu-commons","https://www.openstreetmap.org/way/226668728","https://commons.wikimedia.org/w/index.php?search=%E6%9C%AA%E5%91%BD%E5%90%8D%E6%A0%A1%E5%9B%AD%E5%BB%BA%E7%AD%91%20way%2F226668728&title=Special:MediaSearch&type=image"
"way/226668729","thu","未命名校园建筑 way/226668729","teaching","4","13.8","gray-brick","#8b8880","#d6d0bf","flat","0","#6d684f","esri-thu","","","academic","main-entrance","","estimated","pending-field-check","osm|esri-world-imagery|thu-map|thu-landscape|thu-planning|thu-gallery|thu-commons","https://www.openstreetmap.org/way/226668729","https://commons.wikimedia.org/w/index.php?search=%E6%9C%AA%E5%91%BD%E5%90%8D%E6%A0%A1%E5%9B%AD%E5%BB%BA%E7%AD%91%20way%2F226668729&title=Special:MediaSearch&type=image"
"way/226668731","thu","南2楼","dorm","6","20.7","red-brick","#8b5a49","#d2c5ab","flat","0","#636757","esri-thu","","","dormitory","repeated-bays","","estimated","pending-field-check","osm|esri-world-imagery|thu-map|thu-landscape|thu-planning|thu-gallery|thu-commons","https://www.openstreetmap.org/way/226668731","https://commons.wikimedia.org/w/index.php?search=%E5%8D%972%E6%A5%BC&title=Special:MediaSearch&type=image"
"way/226668732","thu","南3楼","dorm","6","20.7","red-brick","#8b5a49","#d2c5ab","flat","0","#646858","esri-thu","","","dormitory","repeated-bays","","estimated","pending-field-check","osm|esri-world-imagery|thu-map|thu-landscape|thu-planning|thu-gallery|thu-commons","https://www.openstreetmap.org/way/226668732","https://commons.wikimedia.org/w/index.php?search=%E5%8D%973%E6%A5%BC&title=Special:MediaSearch&type=image"
"way/226668733","thu","南1楼","dorm","6","20.7","red-brick","#8b5a49","#d2c5ab","flat","0","#6a6d5c","esri-thu","","","dormitory","repeated-bays","","estimated","pending-field-check","osm|esri-world-imagery|thu-map|thu-landscape|thu-planning|thu-gallery|thu-commons","https://www.openstreetmap.org/way/226668733","https://commons.wikimedia.org/w/index.php?search=%E5%8D%971%E6%A5%BC&title=Special:MediaSearch&type=image"
"way/226668734","thu","南0楼","dorm","6","20.7","red-brick","#8b5a49","#d2c5ab","flat","0","#636555","esri-thu","","","dormitory","repeated-bays","","estimated","pending-field-check","osm|esri-world-imagery|thu-map|thu-landscape|thu-planning|thu-gallery|thu-commons","https://www.openstreetmap.org/way/226668734","https://commons.wikimedia.org/w/index.php?search=%E5%8D%970%E6%A5%BC&title=Special:MediaSearch&type=image"
"way/226668735","thu","南4楼","dorm","6","20.7","red-brick","#8b5a49","#d2c5ab","flat","0","#606354","esri-thu","","","dormitory","repeated-bays","","estimated","pending-field-check","osm|esri-world-imagery|thu-map|thu-landscape|thu-planning|thu-gallery|thu-commons","https://www.openstreetmap.org/way/226668735","https://commons.wikimedia.org/w/index.php?search=%E5%8D%974%E6%A5%BC&title=Special:MediaSearch&type=image"
"way/226668897","thu","南12楼","dorm","6","20.7","red-brick","#8b5a49","#d2c5ab","flat","0","#6b6c5b","esri-thu","","","dormitory","repeated-bays","","estimated","pending-field-check","osm|esri-world-imagery|thu-map|thu-landscape|thu-planning|thu-gallery|thu-commons","https://www.openstreetmap.org/way/226668897","https://commons.wikimedia.org/w/index.php?search=%E5%8D%9712%E6%A5%BC&title=Special:MediaSearch&type=image"
"way/226668898","thu","南11楼","dorm","6","20.7","red-brick","#8b5a49","#d2c5ab","flat","0","#6c6f5f","esri-thu","","","dormitory","repeated-bays","","estimated","pending-field-check","osm|esri-world-imagery|thu-map|thu-landscape|thu-planning|thu-gallery|thu-commons","https://www.openstreetmap.org/way/226668898","https://commons.wikimedia.org/w/index.php?search=%E5%8D%9711%E6%A5%BC&title=Special:MediaSearch&type=image"
"way/226668899","thu","南13楼","dorm","6","20.7","red-brick","#8b5a49","#d2c5ab","flat","0","#7d7e6c","esri-thu","","","dormitory","repeated-bays","","estimated","pending-field-check","osm|esri-world-imagery|thu-map|thu-landscape|thu-planning|thu-gallery|thu-commons","https://www.openstreetmap.org/way/226668899","https://commons.wikimedia.org/w/index.php?search=%E5%8D%9713%E6%A5%BC&title=Special:MediaSearch&type=image"
"way/226669002","thu","科技服务楼（清华大学出版社）","teaching","6","20.7","glass","#7896a2","#a7babd","flat","0","#797663","esri-thu","","","academic","main-entrance","","estimated","pending-field-check","osm|esri-world-imagery|thu-map|thu-landscape|thu-planning|thu-gallery|thu-commons","https://www.openstreetmap.org/way/226669002","https://commons.wikimedia.org/w/index.php?search=%E7%A7%91%E6%8A%80%E6%9C%8D%E5%8A%A1%E6%A5%BC%EF%BC%88%E6%B8%85%E5%8D%8E%E5%A4%A7%E5%AD%A6%E5%87%BA%E7%89%88%E7%A4%BE%EF%BC%89&title=Special:MediaSearch&type=image"
"way/226669003","thu","南6楼","dorm","6","20.7","red-brick","#8b5a49","#d2c5ab","flat","0","#6a6d5d","esri-thu","","","dormitory","repeated-bays","","estimated","pending-field-check","osm|esri-world-imagery|thu-map|thu-landscape|thu-planning|thu-gallery|thu-commons","https://www.openstreetmap.org/way/226669003","https://commons.wikimedia.org/w/index.php?search=%E5%8D%976%E6%A5%BC&title=Special:MediaSearch&type=image"
"way/226669004","thu","南7楼","dorm","6","20.7","red-brick","#8b5a49","#d2c5ab","flat","0","#6f7261","esri-thu","","","dormitory","repeated-bays","","estimated","pending-field-check","osm|esri-world-imagery|thu-map|thu-landscape|thu-planning|thu-gallery|thu-commons","https://www.openstreetmap.org/way/226669004","https://commons.wikimedia.org/w/index.php?search=%E5%8D%977%E6%A5%BC&title=Special:MediaSearch&type=image"
"way/226669005","thu","南10楼","dorm","6","20.7","red-brick","#8b5a49","#d2c5ab","flat","0","#616654","esri-thu","","","dormitory","repeated-bays","","estimated","pending-field-check","osm|esri-world-imagery|thu-map|thu-landscape|thu-planning|thu-gallery|thu-commons","https://www.openstreetmap.org/way/226669005","https://commons.wikimedia.org/w/index.php?search=%E5%8D%9710%E6%A5%BC&title=Special:MediaSearch&type=image"
"way/226669006","thu","南5楼","dorm","6","20.7","red-brick","#8b5a49","#d2c5ab","flat","0","#717363","esri-thu","","","dormitory","repeated-bays","","estimated","pending-field-check","osm|esri-world-imagery|thu-map|thu-landscape|thu-planning|thu-gallery|thu-commons","https://www.openstreetmap.org/way/226669006","https://commons.wikimedia.org/w/index.php?search=%E5%8D%975%E6%A5%BC&title=Special:MediaSearch&type=image"
"way/226669007","thu","南9楼","dorm","6","20.7","red-brick","#8b5a49","#d2c5ab","flat","0","#686b5b","esri-thu","","","dormitory","repeated-bays","","estimated","pending-field-check","osm|esri-world-imagery|thu-map|thu-landscape|thu-planning|thu-gallery|thu-commons","https://www.openstreetmap.org/way/226669007","https://commons.wikimedia.org/w/index.php?search=%E5%8D%979%E6%A5%BC&title=Special:MediaSearch&type=image"
"way/226669008","thu","南8楼","dorm","6","20.7","red-brick","#8b5a49","#d2c5ab","flat","0","#6b6d5d","esri-thu","","","dormitory","repeated-bays","","estimated","pending-field-check","osm|esri-world-imagery|thu-map|thu-landscape|thu-planning|thu-gallery|thu-commons","https://www.openstreetmap.org/way/226669008","https://commons.wikimedia.org/w/index.php?search=%E5%8D%978%E6%A5%BC&title=Special:MediaSearch&type=image"
"way/226669016","thu","东6楼","dorm","6","20.7","red-brick","#8b5a49","#d2c5ab","flat","0","#6d705e","esri-thu","","","dormitory","repeated-bays","","estimated","pending-field-check","osm|esri-world-imagery|thu-map|thu-landscape|thu-planning|thu-gallery|thu-commons","https://www.openstreetmap.org/way/226669016","https://commons.wikimedia.org/w/index.php?search=%E4%B8%9C6%E6%A5%BC&title=Special:MediaSearch&type=image"
"way/226669017","thu","东7楼","dorm","6","20.7","red-brick","#8b5a49","#d2c5ab","flat","0","#7e7e6c","esri-thu","","","dormitory","repeated-bays","","estimated","pending-field-check","osm|esri-world-imagery|thu-map|thu-landscape|thu-planning|thu-gallery|thu-commons","https://www.openstreetmap.org/way/226669017","https://commons.wikimedia.org/w/index.php?search=%E4%B8%9C7%E6%A5%BC&title=Special:MediaSearch&type=image"
"way/226669018","thu","东11楼","dorm","6","20.7","red-brick","#8b5a49","#d2c5ab","flat","0","#636656","esri-thu","","","dormitory","repeated-bays","","estimated","pending-field-check","osm|esri-world-imagery|thu-map|thu-landscape|thu-planning|thu-gallery|thu-commons","https://www.openstreetmap.org/way/226669018","https://commons.wikimedia.org/w/index.php?search=%E4%B8%9C11%E6%A5%BC&title=Special:MediaSearch&type=image"
"way/226669019","thu","东15楼","dorm","6","20.7","red-brick","#8b5a49","#d2c5ab","flat","0","#63695e","esri-thu","","","dormitory","repeated-bays","","estimated","pending-field-check","osm|esri-world-imagery|thu-map|thu-landscape|thu-planning|thu-gallery|thu-commons","https://www.openstreetmap.org/way/226669019","https://commons.wikimedia.org/w/index.php?search=%E4%B8%9C15%E6%A5%BC&title=Special:MediaSearch&type=image"
"way/226669020","thu","东16楼","dorm","6","20.7","red-brick","#8b5a49","#d2c5ab","flat","0","#80826f","esri-thu","","","dormitory","repeated-bays","","estimated","pending-field-check","osm|esri-world-imagery|thu-map|thu-landscape|thu-planning|thu-gallery|thu-commons","https://www.openstreetmap.org/way/226669020","https://commons.wikimedia.org/w/index.php?search=%E4%B8%9C16%E6%A5%BC&title=Special:MediaSearch&type=image"
"way/226669021","thu","东13楼","dorm","6","20.7","red-brick","#8b5a49","#d2c5ab","flat","0","#777968","esri-thu","","","dormitory","repeated-bays","","estimated","pending-field-check","osm|esri-world-imagery|thu-map|thu-landscape|thu-planning|thu-gallery|thu-commons","https://www.openstreetmap.org/way/226669021","https://commons.wikimedia.org/w/index.php?search=%E4%B8%9C13%E6%A5%BC&title=Special:MediaSearch&type=image"
"way/226669057","thu","东2楼","dorm","6","20.7","red-brick","#8b5a49","#d2c5ab","flat","0","#686f5e","esri-thu","","","dormitory","repeated-bays","","estimated","pending-field-check","osm|esri-world-imagery|thu-map|thu-landscape|thu-planning|thu-gallery|thu-commons","https://www.openstreetmap.org/way/226669057","https://commons.wikimedia.org/w/index.php?search=%E4%B8%9C2%E6%A5%BC&title=Special:MediaSearch&type=image"
"way/226669058","thu","东5楼","dorm","6","20.7","red-brick","#8b5a49","#d2c5ab","flat","0","#6f715e","esri-thu","","","dormitory","repeated-bays","","estimated","pending-field-check","osm|esri-world-imagery|thu-map|thu-landscape|thu-planning|thu-gallery|thu-commons","https://www.openstreetmap.org/way/226669058","https://commons.wikimedia.org/w/index.php?search=%E4%B8%9C5%E6%A5%BC&title=Special:MediaSearch&type=image"
"way/226669059","thu","东8楼","dorm","6","20.7","red-brick","#8b5a49","#d2c5ab","flat","0","#757564","esri-thu","","","dormitory","repeated-bays","","estimated","pending-field-check","osm|esri-world-imagery|thu-map|thu-landscape|thu-planning|thu-gallery|thu-commons","https://www.openstreetmap.org/way/226669059","https://commons.wikimedia.org/w/index.php?search=%E4%B8%9C8%E6%A5%BC&title=Special:MediaSearch&type=image"
"way/226669060","thu","东3楼","dorm","6","20.7","red-brick","#8b5a49","#d2c5ab","flat","0","#6b6f5e","esri-thu","","","dormitory","repeated-bays","","estimated","pending-field-check","osm|esri-world-imagery|thu-map|thu-landscape|thu-planning|thu-gallery|thu-commons","https://www.openstreetmap.org/way/226669060","https://commons.wikimedia.org/w/index.php?search=%E4%B8%9C3%E6%A5%BC&title=Special:MediaSearch&type=image"
"way/226669061","thu","东9楼","dorm","6","20.7","red-brick","#8b5a49","#d2c5ab","flat","0","#666554","esri-thu","","","dormitory","repeated-bays","","estimated","pending-field-check","osm|esri-world-imagery|thu-map|thu-landscape|thu-planning|thu-gallery|thu-commons","https://www.openstreetmap.org/way/226669061","https://commons.wikimedia.org/w/index.php?search=%E4%B8%9C9%E6%A5%BC&title=Special:MediaSearch&type=image"
"way/226669062","thu","东1楼","dorm","6","20.7","red-brick","#8b5a49","#d2c5ab","flat","0","#646a5a","esri-thu","","","dormitory","repeated-bays","","estimated","pending-field-check","osm|esri-world-imagery|thu-map|thu-landscape|thu-planning|thu-gallery|thu-commons","https://www.openstreetmap.org/way/226669062","https://commons.wikimedia.org/w/index.php?search=%E4%B8%9C1%E6%A5%BC&title=Special:MediaSearch&type=image"
"way/226669063","thu","东4楼","dorm","6","20.7","red-brick","#8b5a49","#d2c5ab","flat","0","#77796c","esri-thu","","","dormitory","repeated-bays","","estimated","pending-field-check","osm|esri-world-imagery|thu-map|thu-landscape|thu-planning|thu-gallery|thu-commons","https://www.openstreetmap.org/way/226669063","https://commons.wikimedia.org/w/index.php?search=%E4%B8%9C4%E6%A5%BC&title=Special:MediaSearch&type=image"
"way/226669348","thu","西南3","teaching","4","13.8","red-brick","#8b5a49","#d2c5ab","flat","0","#636758","esri-thu","","","academic","main-entrance","","estimated","pending-field-check","osm|esri-world-imagery|thu-map|thu-landscape|thu-planning|thu-gallery|thu-commons","https://www.openstreetmap.org/way/226669348","https://commons.wikimedia.org/w/index.php?search=%E8%A5%BF%E5%8D%973&title=Special:MediaSearch&type=image"
"way/226669349","thu","西南5","teaching","4","13.8","red-brick","#8b5a49","#d2c5ab","flat","0","#616656","esri-thu","","","academic","main-entrance","","estimated","pending-field-check","osm|esri-world-imagery|thu-map|thu-landscape|thu-planning|thu-gallery|thu-commons","https://www.openstreetmap.org/way/226669349","https://commons.wikimedia.org/w/index.php?search=%E8%A5%BF%E5%8D%975&title=Special:MediaSearch&type=image"
"way/226669350","thu","西南6","teaching","4","13.8","red-brick","#8b5a49","#d2c5ab","flat","0","#6d7362","esri-thu","","","academic","main-entrance","","estimated","pending-field-check","osm|esri-world-imagery|thu-map|thu-landscape|thu-planning|thu-gallery|thu-commons","https://www.openstreetmap.org/way/226669350","https://commons.wikimedia.org/w/index.php?search=%E8%A5%BF%E5%8D%976&title=Special:MediaSearch&type=image"
"way/226669351","thu","西南4","teaching","4","13.8","red-brick","#8b5a49","#d2c5ab","flat","0","#676a5d","esri-thu","","","academic","main-entrance","","estimated","pending-field-check","osm|esri-world-imagery|thu-map|thu-landscape|thu-planning|thu-gallery|thu-commons","https://www.openstreetmap.org/way/226669351","https://commons.wikimedia.org/w/index.php?search=%E8%A5%BF%E5%8D%974&title=Special:MediaSearch&type=image"
"way/226669354","thu","西南7","teaching","4","13.8","red-brick","#8b5a49","#d2c5ab","flat","0","#707261","esri-thu","","","academic","main-entrance","","estimated","pending-field-check","osm|esri-world-imagery|thu-map|thu-landscape|thu-planning|thu-gallery|thu-commons","https://www.openstreetmap.org/way/226669354","https://commons.wikimedia.org/w/index.php?search=%E8%A5%BF%E5%8D%977&title=Special:MediaSearch&type=image"
"way/226669356","thu","西南9","teaching","4","13.8","red-brick","#8b5a49","#d2c5ab","flat","0","#717463","esri-thu","","","academic","main-entrance","","estimated","pending-field-check","osm|esri-world-imagery|thu-map|thu-landscape|thu-planning|thu-gallery|thu-commons","https://www.openstreetmap.org/way/226669356","https://commons.wikimedia.org/w/index.php?search=%E8%A5%BF%E5%8D%979&title=Special:MediaSearch&type=image"
"way/226669358","thu","西南13","teaching","4","13.8","red-brick","#8b5a49","#d2c5ab","flat","0","#656858","esri-thu","","","academic","main-entrance","","estimated","pending-field-check","osm|esri-world-imagery|thu-map|thu-landscape|thu-planning|thu-gallery|thu-commons","https://www.openstreetmap.org/way/226669358","https://commons.wikimedia.org/w/index.php?search=%E8%A5%BF%E5%8D%9713&title=Special:MediaSearch&type=image"
"way/226669359","thu","西南10","teaching","4","13.8","red-brick","#8b5a49","#d2c5ab","flat","0","#767965","esri-thu","","","academic","main-entrance","","estimated","pending-field-check","osm|esri-world-imagery|thu-map|thu-landscape|thu-planning|thu-gallery|thu-commons","https://www.openstreetmap.org/way/226669359","https://commons.wikimedia.org/w/index.php?search=%E8%A5%BF%E5%8D%9710&title=Special:MediaSearch&type=image"
"way/226669361","thu","西南11","teaching","4","13.8","red-brick","#8b5a49","#d2c5ab","flat","0","#717461","esri-thu","","","academic","main-entrance","","estimated","pending-field-check","osm|esri-world-imagery|thu-map|thu-landscape|thu-planning|thu-gallery|thu-commons","https://www.openstreetmap.org/way/226669361","https://commons.wikimedia.org/w/index.php?search=%E8%A5%BF%E5%8D%9711&title=Special:MediaSearch&type=image"
"way/226669362","thu","西南14","teaching","4","13.8","red-brick","#8b5a49","#d2c5ab","flat","0","#7b7b67","esri-thu","","","academic","main-entrance","","estimated","pending-field-check","osm|esri-world-imagery|thu-map|thu-landscape|thu-planning|thu-gallery|thu-commons","https://www.openstreetmap.org/way/226669362","https://commons.wikimedia.org/w/index.php?search=%E8%A5%BF%E5%8D%9714&title=Special:MediaSearch&type=image"
"way/226669363","thu","西南8","teaching","4","13.8","red-brick","#8b5a49","#d2c5ab","flat","0","#626756","esri-thu","","","academic","main-entrance","","estimated","pending-field-check","osm|esri-world-imagery|thu-map|thu-landscape|thu-planning|thu-gallery|thu-commons","https://www.openstreetmap.org/way/226669363","https://commons.wikimedia.org/w/index.php?search=%E8%A5%BF%E5%8D%978&title=Special:MediaSearch&type=image"
"way/226669364","thu","普吉1号楼","dorm","6","20.7","red-brick","#8b5a49","#d2c5ab","flat","0","#747360","esri-thu","","","dormitory","repeated-bays","","estimated","pending-field-check","osm|esri-world-imagery|thu-map|thu-landscape|thu-planning|thu-gallery|thu-commons","https://www.openstreetmap.org/way/226669364","https://commons.wikimedia.org/w/index.php?search=%E6%99%AE%E5%90%891%E5%8F%B7%E6%A5%BC&title=Special:MediaSearch&type=image"
"way/226669472","thu","高2楼","dorm","6","20.7","red-brick","#8b5a49","#d2c5ab","flat","0","#6a7267","esri-thu","","","dormitory","repeated-bays","","estimated","pending-field-check","osm|esri-world-imagery|thu-map|thu-landscape|thu-planning|thu-gallery|thu-commons","https://www.openstreetmap.org/way/226669472","https://commons.wikimedia.org/w/index.php?search=%E9%AB%982%E6%A5%BC&title=Special:MediaSearch&type=image"
"way/226669497","thu","西45楼","dorm","6","20.7","red-brick","#8b5a49","#d2c5ab","flat","0","#575c4e","esri-thu","","","dormitory","repeated-bays","","estimated","pending-field-check","osm|esri-world-imagery|thu-map|thu-landscape|thu-planning|thu-gallery|thu-commons","https://www.openstreetmap.org/way/226669497","https://commons.wikimedia.org/w/index.php?search=%E8%A5%BF45%E6%A5%BC&title=Special:MediaSearch&type=image"
"way/226669858","thu","十五宿舍","dorm","6","20.7","red-brick","#8b5a49","#d2c5ab","flat","0","#5d5f4b","esri-thu","","","dormitory","repeated-bays","","estimated","pending-field-check","osm|esri-world-imagery|thu-map|thu-landscape|thu-planning|thu-gallery|thu-commons","https://www.openstreetmap.org/way/226669858","https://commons.wikimedia.org/w/index.php?search=%E5%8D%81%E4%BA%94%E5%AE%BF%E8%88%8D&title=Special:MediaSearch&type=image"
"way/226669863","thu","十六宿舍","dorm","6","20.7","red-brick","#8b5a49","#d2c5ab","flat","0","#595a44","esri-thu","","","dormitory","repeated-bays","","estimated","pending-field-check","osm|esri-world-imagery|thu-map|thu-landscape|thu-planning|thu-gallery|thu-commons","https://www.openstreetmap.org/way/226669863","https://commons.wikimedia.org/w/index.php?search=%E5%8D%81%E5%85%AD%E5%AE%BF%E8%88%8D&title=Special:MediaSearch&type=image"
"way/226670893","thu","保卫处派出所","teaching","4","13.8","red-brick","#8b5a49","#d2c5ab","flat","0","#a09981","esri-thu","","","academic","main-entrance","","estimated","pending-field-check","osm|esri-world-imagery|thu-map|thu-landscape|thu-planning|thu-gallery|thu-commons","https://www.openstreetmap.org/way/226670893","https://commons.wikimedia.org/w/index.php?search=%E4%BF%9D%E5%8D%AB%E5%A4%84%E6%B4%BE%E5%87%BA%E6%89%80&title=Special:MediaSearch&type=image"
"way/226671389","thu","校史馆","teaching","4","13.8","red-brick","#8b5a49","#d2c5ab","flat","0","#8f8f7d","esri-thu","","","academic","main-entrance","","estimated","pending-field-check","osm|esri-world-imagery|thu-map|thu-landscape|thu-planning|thu-gallery|thu-commons","https://www.openstreetmap.org/way/226671389","https://commons.wikimedia.org/w/index.php?search=%E6%A0%A1%E5%8F%B2%E9%A6%86&title=Special:MediaSearch&type=image"
"way/226671400","thu","蒙民伟音乐厅","teaching","4","13.8","red-brick","#8b5a49","#d2c5ab","flat","0","#a29a84","esri-thu","","","academic","main-entrance","","estimated","pending-field-check","osm|esri-world-imagery|thu-map|thu-landscape|thu-planning|thu-gallery|thu-commons","https://www.openstreetmap.org/way/226671400","https://commons.wikimedia.org/w/index.php?search=%E8%92%99%E6%B0%91%E4%BC%9F%E9%9F%B3%E4%B9%90%E5%8E%85&title=Special:MediaSearch&type=image"
"way/226671429","thu","人文社科图书馆（凯风楼）","library","6","26.4","red-brick","#8b5a49","#d2c5ab","flat","0","#767a68","esri-thu","","","academic","library-wings","","estimated","pending-field-check","osm|esri-world-imagery|thu-map|thu-landscape|thu-planning|thu-gallery|thu-commons","https://www.openstreetmap.org/way/226671429","https://commons.wikimedia.org/w/index.php?search=%E4%BA%BA%E6%96%87%E7%A4%BE%E7%A7%91%E5%9B%BE%E4%B9%A6%E9%A6%86%EF%BC%88%E5%87%AF%E9%A3%8E%E6%A5%BC%EF%BC%89&title=Special:MediaSearch&type=image"
"way/226702307","pku","第一教学楼","teaching","4","13.8","stone","#b1aa98","#d6d0bf","flat","0","#9c9a84","esri-pku","","","academic","main-entrance","18","estimated","pending-field-check","osm|esri-world-imagery|pku-map|pku-visit|pku-photo|pku-commons","https://www.openstreetmap.org/way/226702307","https://commons.wikimedia.org/w/index.php?search=%E7%AC%AC%E4%B8%80%E6%95%99%E5%AD%A6%E6%A5%BC&title=Special:MediaSearch&type=image"
"way/226703041","pku","第二体育馆","sports","2","9.6","red-brick","#8b5a49","#d2c5ab","flat","0","#696857","esri-pku","","","academic","main-entrance","","estimated","pending-field-check","osm|esri-world-imagery|pku-map|pku-visit|pku-photo|pku-commons","https://www.openstreetmap.org/way/226703041","https://commons.wikimedia.org/w/index.php?search=%E7%AC%AC%E4%BA%8C%E4%BD%93%E8%82%B2%E9%A6%86&title=Special:MediaSearch&type=image"
"way/226704221","pku","化学北楼","teaching","4","13.8","stone","#b1aa98","#d6d0bf","flat","0","#787b6d","esri-pku","","","academic","main-entrance","","estimated","pending-field-check","osm|esri-world-imagery|pku-map|pku-visit|pku-photo|pku-commons","https://www.openstreetmap.org/way/226704221","https://commons.wikimedia.org/w/index.php?search=%E5%8C%96%E5%AD%A6%E5%8C%97%E6%A5%BC&title=Special:MediaSearch&type=image"
"way/226704234","pku","化学南楼","teaching","4","13.8","stone","#b1aa98","#d6d0bf","flat","0","#797668","esri-pku","","","academic","main-entrance","","estimated","pending-field-check","osm|esri-world-imagery|pku-map|pku-visit|pku-photo|pku-commons","https://www.openstreetmap.org/way/226704234","https://commons.wikimedia.org/w/index.php?search=%E5%8C%96%E5%AD%A6%E5%8D%97%E6%A5%BC&title=Special:MediaSearch&type=image"
"way/226704254","pku","校史馆","teaching","4","13.8","stone","#b1aa98","#d6d0bf","flat","0","#3f4c41","esri-pku","","","academic","main-entrance","","estimated","pending-field-check","osm|esri-world-imagery|pku-map|pku-visit|pku-photo|pku-commons","https://www.openstreetmap.org/way/226704254","https://commons.wikimedia.org/w/index.php?search=%E6%A0%A1%E5%8F%B2%E9%A6%86&title=Special:MediaSearch&type=image"
"way/226704412","pku","档案馆","teaching","4","13.8","stone","#b1aa98","#d6d0bf","flat","0","#494c3f","esri-pku","","","academic","main-entrance","","estimated","pending-field-check","osm|esri-world-imagery|pku-map|pku-visit|pku-photo|pku-commons","https://www.openstreetmap.org/way/226704412","https://commons.wikimedia.org/w/index.php?search=%E6%A1%A3%E6%A1%88%E9%A6%86&title=Special:MediaSearch&type=image"
"way/226936293","thu","未命名校园建筑 way/226936293","teaching","4","13.8","gray-brick","#8b8880","#d6d0bf","flat","0","#737766","esri-thu","","","academic","main-entrance","","estimated","pending-field-check","osm|esri-world-imagery|thu-map|thu-landscape|thu-planning|thu-gallery|thu-commons","https://www.openstreetmap.org/way/226936293","https://commons.wikimedia.org/w/index.php?search=%E6%9C%AA%E5%91%BD%E5%90%8D%E6%A0%A1%E5%9B%AD%E5%BB%BA%E7%AD%91%20way%2F226936293&title=Special:MediaSearch&type=image"
"way/226936358","thu","十七宿舍","dorm","6","20.7","red-brick","#8b5a49","#d2c5ab","flat","0","#867b5e","esri-thu","","","dormitory","repeated-bays","","estimated","pending-field-check","osm|esri-world-imagery|thu-map|thu-landscape|thu-planning|thu-gallery|thu-commons","https://www.openstreetmap.org/way/226936358","https://commons.wikimedia.org/w/index.php?search=%E5%8D%81%E4%B8%83%E5%AE%BF%E8%88%8D&title=Special:MediaSearch&type=image"
"way/226936383","thu","低碳能源实验室","teaching","4","13.8","red-brick","#8b5a49","#d2c5ab","flat","0","#4f4631","esri-thu","","","academic","main-entrance","","estimated","pending-field-check","osm|esri-world-imagery|thu-map|thu-landscape|thu-planning|thu-gallery|thu-commons","https://www.openstreetmap.org/way/226936383","https://commons.wikimedia.org/w/index.php?search=%E4%BD%8E%E7%A2%B3%E8%83%BD%E6%BA%90%E5%AE%9E%E9%AA%8C%E5%AE%A4&title=Special:MediaSearch&type=image"
"way/226936388","thu","未命名校园建筑 way/226936388","teaching","4","13.8","gray-brick","#8b8880","#d6d0bf","flat","0","#50533f","esri-thu","","","academic","main-entrance","","estimated","pending-field-check","osm|esri-world-imagery|thu-map|thu-landscape|thu-planning|thu-gallery|thu-commons","https://www.openstreetmap.org/way/226936388","https://commons.wikimedia.org/w/index.php?search=%E6%9C%AA%E5%91%BD%E5%90%8D%E6%A0%A1%E5%9B%AD%E5%BB%BA%E7%AD%91%20way%2F226936388&title=Special:MediaSearch&type=image"
"way/226936439","thu","19宿舍","dorm","6","20.7","red-brick","#8b5a49","#d2c5ab","flat","0","#70735f","esri-thu","","","dormitory","repeated-bays","","estimated","pending-field-check","osm|esri-world-imagery|thu-map|thu-landscape|thu-planning|thu-gallery|thu-commons","https://www.openstreetmap.org/way/226936439","https://commons.wikimedia.org/w/index.php?search=19%E5%AE%BF%E8%88%8D&title=Special:MediaSearch&type=image"
"way/226936504","thu","20宿舍","dorm","6","20.7","red-brick","#8b5a49","#d2c5ab","flat","0","#6c6c5a","esri-thu","","","dormitory","repeated-bays","","estimated","pending-field-check","osm|esri-world-imagery|thu-map|thu-landscape|thu-planning|thu-gallery|thu-commons","https://www.openstreetmap.org/way/226936504","https://commons.wikimedia.org/w/index.php?search=20%E5%AE%BF%E8%88%8D&title=Special:MediaSearch&type=image"
"way/226936505","thu","21宿舍","dorm","6","20.7","red-brick","#8b5a49","#d2c5ab","flat","0","#565d4f","esri-thu","","","dormitory","repeated-bays","","estimated","pending-field-check","osm|esri-world-imagery|thu-map|thu-landscape|thu-planning|thu-gallery|thu-commons","https://www.openstreetmap.org/way/226936505","https://commons.wikimedia.org/w/index.php?search=21%E5%AE%BF%E8%88%8D&title=Special:MediaSearch&type=image"
"way/226936506","thu","22宿舍","dorm","6","20.7","red-brick","#8b5a49","#d2c5ab","flat","0","#6e6f5c","esri-thu","","","dormitory","repeated-bays","","estimated","pending-field-check","osm|esri-world-imagery|thu-map|thu-landscape|thu-planning|thu-gallery|thu-commons","https://www.openstreetmap.org/way/226936506","https://commons.wikimedia.org/w/index.php?search=22%E5%AE%BF%E8%88%8D&title=Special:MediaSearch&type=image"
"way/226936599","thu","芝兰园餐厅","dining","3","12.6","gray-brick","#8b8880","#d6d0bf","flat","0","#374c41","esri-thu","","","dining-hall","entrance-canopy","","estimated","pending-field-check","osm|esri-world-imagery|thu-map|thu-landscape|thu-planning|thu-gallery|thu-commons","https://www.openstreetmap.org/way/226936599","https://commons.wikimedia.org/w/index.php?search=%E8%8A%9D%E5%85%B0%E5%9B%AD%E9%A4%90%E5%8E%85&title=Special:MediaSearch&type=image"
"way/226936600","thu","玉树园餐厅","dining","2","8.4","gray-brick","#8b8880","#d6d0bf","flat","0","#3a4c3d","esri-thu","","","dining-hall","entrance-canopy","","osm","verified-osm","osm|esri-world-imagery|thu-map|thu-landscape|thu-planning|thu-gallery|thu-commons","https://www.openstreetmap.org/way/226936600","https://commons.wikimedia.org/w/index.php?search=%E7%8E%89%E6%A0%91%E5%9B%AD%E9%A4%90%E5%8E%85&title=Special:MediaSearch&type=image"
"way/240825539","pku","燕园38、39楼","dorm","5","17.3","gray-brick","#8b8880","#d6d0bf","flat","0","#9f9a86","esri-pku","","","dormitory","repeated-bays","71","estimated","pending-field-check","osm|esri-world-imagery|pku-map|pku-visit|pku-photo|pku-commons","https://www.openstreetmap.org/way/240825539","https://commons.wikimedia.org/w/index.php?search=%E7%87%95%E5%9B%AD38%E3%80%8139%E6%A5%BC&title=Special:MediaSearch&type=image"
"way/240825542","pku","燕园40、41、42楼","dorm","5","17.3","gray-brick","#8b8880","#d6d0bf","flat","0","#9d9a85","esri-pku","","","dormitory","repeated-bays","66","estimated","pending-field-check","osm|esri-world-imagery|pku-map|pku-visit|pku-photo|pku-commons","https://www.openstreetmap.org/way/240825542","https://commons.wikimedia.org/w/index.php?search=%E7%87%95%E5%9B%AD40%E3%80%8141%E3%80%8142%E6%A5%BC&title=Special:MediaSearch&type=image"
"way/240825543","pku","燕园36、37楼","dorm","5","17.3","gray-brick","#8b8880","#d6d0bf","flat","0","#a9a68d","esri-pku","","","dormitory","repeated-bays","72","estimated","pending-field-check","osm|esri-world-imagery|pku-map|pku-visit|pku-photo|pku-commons","https://www.openstreetmap.org/way/240825543","https://commons.wikimedia.org/w/index.php?search=%E7%87%95%E5%9B%AD36%E3%80%8137%E6%A5%BC&title=Special:MediaSearch&type=image"
"way/240825544","pku","燕园34A、34B楼","dorm","5","17.3","gray-brick","#8b8880","#d6d0bf","flat","0","#757868","esri-pku","","","dormitory","repeated-bays","24","estimated","pending-field-check","osm|esri-world-imagery|pku-map|pku-visit|pku-photo|pku-commons","https://www.openstreetmap.org/way/240825544","https://commons.wikimedia.org/w/index.php?search=%E7%87%95%E5%9B%AD34A%E3%80%8134B%E6%A5%BC&title=Special:MediaSearch&type=image"
"way/240825545","pku","元培书院宿舍（35楼）","dorm","5","17.3","gray-brick","#8b8880","#d6d0bf","flat","0","#949e93","esri-pku","","","dormitory","repeated-bays","26","estimated","pending-field-check","osm|esri-world-imagery|pku-map|pku-visit|pku-photo|pku-commons","https://www.openstreetmap.org/way/240825545","https://commons.wikimedia.org/w/index.php?search=%E5%85%83%E5%9F%B9%E4%B9%A6%E9%99%A2%E5%AE%BF%E8%88%8D%EF%BC%8835%E6%A5%BC%EF%BC%89&title=Special:MediaSearch&type=image"
"way/240825546","pku","燕园32楼","dorm","5","17.3","gray-brick","#8b8880","#d6d0bf","flat","0","#969d92","esri-pku","","","dormitory","repeated-bays","73","estimated","pending-field-check","osm|esri-world-imagery|pku-map|pku-visit|pku-photo|pku-commons","https://www.openstreetmap.org/way/240825546","https://commons.wikimedia.org/w/index.php?search=%E7%87%95%E5%9B%AD32%E6%A5%BC&title=Special:MediaSearch&type=image"
"way/240825551","pku","燕园44楼","dorm","5","17.3","gray-brick","#8b8880","#d6d0bf","flat","0","#a7a290","esri-pku","","","dormitory","repeated-bays","67","estimated","pending-field-check","osm|esri-world-imagery|pku-map|pku-visit|pku-photo|pku-commons","https://www.openstreetmap.org/way/240825551","https://commons.wikimedia.org/w/index.php?search=%E7%87%95%E5%9B%AD44%E6%A5%BC&title=Special:MediaSearch&type=image"
"way/240825554","pku","王克桢楼","teaching","4","13.8","stone","#b1aa98","#d6d0bf","flat","0","#5c6051","esri-pku","","","academic","main-entrance","","estimated","pending-field-check","osm|esri-world-imagery|pku-map|pku-visit|pku-photo|pku-commons","https://www.openstreetmap.org/way/240825554","https://commons.wikimedia.org/w/index.php?search=%E7%8E%8B%E5%85%8B%E6%A1%A2%E6%A5%BC&title=Special:MediaSearch&type=image"
"way/240825555","pku","第四教学楼","teaching","5","17.3","stone","#b1aa98","#d6d0bf","flat","0","#a09983","esri-pku","","","academic","main-entrance","","osm","verified-osm","osm|esri-world-imagery|pku-map|pku-visit|pku-photo|pku-commons","https://www.openstreetmap.org/way/240825555","https://commons.wikimedia.org/w/index.php?search=%E7%AC%AC%E5%9B%9B%E6%95%99%E5%AD%A6%E6%A5%BC&title=Special:MediaSearch&type=image"
"way/240825556","pku","第三教学楼（刘卿楼）","teaching","5","17.3","stone","#b1aa98","#d6d0bf","flat","0","#91907c","esri-pku","","","academic","main-entrance","","osm","verified-osm","osm|esri-world-imagery|pku-map|pku-visit|pku-photo|pku-commons","https://www.openstreetmap.org/way/240825556","https://commons.wikimedia.org/w/index.php?search=%E7%AC%AC%E4%B8%89%E6%95%99%E5%AD%A6%E6%A5%BC%EF%BC%88%E5%88%98%E5%8D%BF%E6%A5%BC%EF%BC%89&title=Special:MediaSearch&type=image"
"way/240825557","pku","第二教学楼","teaching","5","17.3","stone","#b1aa98","#d6d0bf","flat","0","#888570","esri-pku","","","academic","main-entrance","19","osm","verified-osm","osm|esri-world-imagery|pku-map|pku-visit|pku-photo|pku-commons","https://www.openstreetmap.org/way/240825557","https://commons.wikimedia.org/w/index.php?search=%E7%AC%AC%E4%BA%8C%E6%95%99%E5%AD%A6%E6%A5%BC&title=Special:MediaSearch&type=image"
"way/240825562","pku","博雅塔","teaching","13","37","gray-brick","#918d82","#c2b89f","flat","0","#414b47","esri-pku","","","pagoda","pagoda-tower|tiered-eaves","3","official","verified-official","osm|esri-world-imagery|pku-map|pku-visit|pku-photo|pku-commons","https://www.openstreetmap.org/way/240825562","https://commons.wikimedia.org/w/index.php?search=%E5%8D%9A%E9%9B%85%E5%A1%94&title=Special:MediaSearch&type=image"
"way/240825566","pku","法学院（陈明楼）","teaching","6","20.7","stone","#b1aa98","#d6d0bf","flat","0","#777a69","esri-pku","","","academic","main-entrance","","estimated","pending-field-check","osm|esri-world-imagery|pku-map|pku-visit|pku-photo|pku-commons","https://www.openstreetmap.org/way/240825566","https://commons.wikimedia.org/w/index.php?search=%E6%B3%95%E5%AD%A6%E9%99%A2%EF%BC%88%E9%99%88%E6%98%8E%E6%A5%BC%EF%BC%89&title=Special:MediaSearch&type=image"
"way/240825567","pku","光华管理学院","teaching","6","20.7","stone","#b1aa98","#d6d0bf","flat","0","#8b8f7b","esri-pku","","","academic","main-entrance","","estimated","pending-field-check","osm|esri-world-imagery|pku-map|pku-visit|pku-photo|pku-commons","https://www.openstreetmap.org/way/240825567","https://commons.wikimedia.org/w/index.php?search=%E5%85%89%E5%8D%8E%E7%AE%A1%E7%90%86%E5%AD%A6%E9%99%A2&title=Special:MediaSearch&type=image"
"way/240825568","pku","光华管理学院2号楼","dorm","5","17.3","gray-brick","#8b8880","#d6d0bf","flat","0","#a09a86","esri-pku","","","dormitory","repeated-bays","","estimated","pending-field-check","osm|esri-world-imagery|pku-map|pku-visit|pku-photo|pku-commons","https://www.openstreetmap.org/way/240825568","https://commons.wikimedia.org/w/index.php?search=%E5%85%89%E5%8D%8E%E7%AE%A1%E7%90%86%E5%AD%A6%E9%99%A22%E5%8F%B7%E6%A5%BC&title=Special:MediaSearch&type=image"
"way/240825569","pku","法学院（凯原楼）","teaching","6","20.7","stone","#b1aa98","#d6d0bf","flat","0","#686d61","esri-pku","","","academic","main-entrance","","estimated","pending-field-check","osm|esri-world-imagery|pku-map|pku-visit|pku-photo|pku-commons","https://www.openstreetmap.org/way/240825569","https://commons.wikimedia.org/w/index.php?search=%E6%B3%95%E5%AD%A6%E9%99%A2%EF%BC%88%E5%87%AF%E5%8E%9F%E6%A5%BC%EF%BC%89&title=Special:MediaSearch&type=image"
"way/240832215","pku","外文楼","teaching","4","13.8","stone","#b1aa98","#d6d0bf","flat","0","#bab7a3","esri-pku","","","academic","main-entrance","","estimated","pending-field-check","osm|esri-world-imagery|pku-map|pku-visit|pku-photo|pku-commons","https://www.openstreetmap.org/way/240832215","https://commons.wikimedia.org/w/index.php?search=%E5%A4%96%E6%96%87%E6%A5%BC&title=Special:MediaSearch&type=image"
"way/240832216","pku","办公楼（贝公楼）","teaching","4","13.8","gray-brick","#8b8880","#d6d0bf","hipped","0","#686a5a","esri-pku","","","academic","main-entrance","","estimated","pending-field-check","osm|esri-world-imagery|pku-map|pku-visit|pku-photo|pku-commons","https://www.openstreetmap.org/way/240832216","https://commons.wikimedia.org/w/index.php?search=%E5%8A%9E%E5%85%AC%E6%A5%BC%EF%BC%88%E8%B4%9D%E5%85%AC%E6%A5%BC%EF%BC%89&title=Special:MediaSearch&type=image"
"way/240832217","pku","赛克勒考古与艺术博物馆","teaching","4","13.8","glass","#7896a2","#a7babd","flat","0","#787a69","esri-pku","","","academic","main-entrance","","estimated","pending-field-check","osm|esri-world-imagery|pku-map|pku-visit|pku-photo|pku-commons","https://www.openstreetmap.org/way/240832217","https://commons.wikimedia.org/w/index.php?search=%E8%B5%9B%E5%85%8B%E5%8B%92%E8%80%83%E5%8F%A4%E4%B8%8E%E8%89%BA%E6%9C%AF%E5%8D%9A%E7%89%A9%E9%A6%86&title=Special:MediaSearch&type=image"
"way/240832218","pku","民主楼","teaching","10","34.5","stone","#b1aa98","#d6d0bf","flat","0","#5a6053","esri-pku","","","academic","main-entrance","","estimated","pending-field-check","osm|esri-world-imagery|pku-map|pku-visit|pku-photo|pku-commons","https://www.openstreetmap.org/way/240832218","https://commons.wikimedia.org/w/index.php?search=%E6%B0%91%E4%B8%BB%E6%A5%BC&title=Special:MediaSearch&type=image"
"way/240832219","pku","德斋","teaching","4","13.8","red-brick","#8b5a49","#d2c5ab","flat","0","#585646","esri-pku","","","academic","main-entrance","","estimated","pending-field-check","osm|esri-world-imagery|pku-map|pku-visit|pku-photo|pku-commons","https://www.openstreetmap.org/way/240832219","https://commons.wikimedia.org/w/index.php?search=%E5%BE%B7%E6%96%8B&title=Special:MediaSearch&type=image"
"way/240832220","pku","才斋","teaching","4","13.8","red-brick","#8b5a49","#d2c5ab","flat","0","#76725d","esri-pku","","","academic","main-entrance","","estimated","pending-field-check","osm|esri-world-imagery|pku-map|pku-visit|pku-photo|pku-commons","https://www.openstreetmap.org/way/240832220","https://commons.wikimedia.org/w/index.php?search=%E6%89%8D%E6%96%8B&title=Special:MediaSearch&type=image"
"way/240832221","pku","审计室","teaching","4","13.8","stone","#b1aa98","#d6d0bf","flat","0","#71705a","esri-pku","","","academic","main-entrance","","estimated","pending-field-check","osm|esri-world-imagery|pku-map|pku-visit|pku-photo|pku-commons","https://www.openstreetmap.org/way/240832221","https://commons.wikimedia.org/w/index.php?search=%E5%AE%A1%E8%AE%A1%E5%AE%A4&title=Special:MediaSearch&type=image"
"way/240832222","pku","均斋","teaching","4","13.8","red-brick","#8b5a49","#d2c5ab","flat","0","#7f867e","esri-pku","","","academic","main-entrance","","estimated","pending-field-check","osm|esri-world-imagery|pku-map|pku-visit|pku-photo|pku-commons","https://www.openstreetmap.org/way/240832222","https://commons.wikimedia.org/w/index.php?search=%E5%9D%87%E6%96%8B&title=Special:MediaSearch&type=image"
"way/240832223","pku","备斋","teaching","4","13.8","red-brick","#8b5a49","#d2c5ab","flat","0","#798074","esri-pku","","","academic","main-entrance","","estimated","pending-field-check","osm|esri-world-imagery|pku-map|pku-visit|pku-photo|pku-commons","https://www.openstreetmap.org/way/240832223","https://commons.wikimedia.org/w/index.php?search=%E5%A4%87%E6%96%8B&title=Special:MediaSearch&type=image"
"way/240832224","pku","人事部","teaching","4","13.8","stone","#b1aa98","#d6d0bf","flat","0","#7b7763","esri-pku","","","academic","main-entrance","","estimated","pending-field-check","osm|esri-world-imagery|pku-map|pku-visit|pku-photo|pku-commons","https://www.openstreetmap.org/way/240832224","https://commons.wikimedia.org/w/index.php?search=%E4%BA%BA%E4%BA%8B%E9%83%A8&title=Special:MediaSearch&type=image"
"way/240832226","pku","第一体育馆","sports","2","9.6","red-brick","#8b5a49","#d2c5ab","flat","0","#6f7262","esri-pku","","","academic","main-entrance","","estimated","pending-field-check","osm|esri-world-imagery|pku-map|pku-visit|pku-photo|pku-commons","https://www.openstreetmap.org/way/240832226","https://commons.wikimedia.org/w/index.php?search=%E7%AC%AC%E4%B8%80%E4%BD%93%E8%82%B2%E9%A6%86&title=Special:MediaSearch&type=image"
"way/240832229","pku","燕园勺园4号楼","dorm","5","17.3","gray-brick","#8b8880","#d6d0bf","flat","0","#6f7977","esri-pku","","","dormitory","repeated-bays","74","estimated","pending-field-check","osm|esri-world-imagery|pku-map|pku-visit|pku-photo|pku-commons","https://www.openstreetmap.org/way/240832229","https://commons.wikimedia.org/w/index.php?search=%E7%87%95%E5%9B%AD%E5%8B%BA%E5%9B%AD4%E5%8F%B7%E6%A5%BC&title=Special:MediaSearch&type=image"
"way/240832231","pku","燕园勺园5号楼","dorm","5","17.3","gray-brick","#8b8880","#d6d0bf","flat","0","#667264","esri-pku","","","dormitory","repeated-bays","75","estimated","pending-field-check","osm|esri-world-imagery|pku-map|pku-visit|pku-photo|pku-commons","https://www.openstreetmap.org/way/240832231","https://commons.wikimedia.org/w/index.php?search=%E7%87%95%E5%9B%AD%E5%8B%BA%E5%9B%AD5%E5%8F%B7%E6%A5%BC&title=Special:MediaSearch&type=image"
"way/240832232","pku","北京大学国际关系学院","teaching","6","20.7","stone","#b1aa98","#d6d0bf","flat","0","#70756c","esri-pku","","","academic","main-entrance","","estimated","pending-field-check","osm|esri-world-imagery|pku-map|pku-visit|pku-photo|pku-commons","https://www.openstreetmap.org/way/240832232","https://commons.wikimedia.org/w/index.php?search=%E5%8C%97%E4%BA%AC%E5%A4%A7%E5%AD%A6%E5%9B%BD%E9%99%85%E5%85%B3%E7%B3%BB%E5%AD%A6%E9%99%A2&title=Special:MediaSearch&type=image"
"way/240832236","pku","燕园勺园6号楼","dorm","5","17.3","gray-brick","#8b8880","#d6d0bf","flat","0","#85877f","esri-pku","","","dormitory","repeated-bays","76","estimated","pending-field-check","osm|esri-world-imagery|pku-map|pku-visit|pku-photo|pku-commons","https://www.openstreetmap.org/way/240832236","https://commons.wikimedia.org/w/index.php?search=%E7%87%95%E5%9B%AD%E5%8B%BA%E5%9B%AD6%E5%8F%B7%E6%A5%BC&title=Special:MediaSearch&type=image"
"way/240832237","pku","燕园勺园7号楼","dorm","5","17.3","gray-brick","#8b8880","#d6d0bf","flat","0","#999a85","esri-pku","","","dormitory","repeated-bays","77","estimated","pending-field-check","osm|esri-world-imagery|pku-map|pku-visit|pku-photo|pku-commons","https://www.openstreetmap.org/way/240832237","https://commons.wikimedia.org/w/index.php?search=%E7%87%95%E5%9B%AD%E5%8B%BA%E5%9B%AD7%E5%8F%B7%E6%A5%BC&title=Special:MediaSearch&type=image"
"way/240832238","pku","燕园勺园8号楼","dorm","5","17.3","gray-brick","#8b8880","#d6d0bf","flat","0","#a7a390","esri-pku","","","dormitory","repeated-bays","78","estimated","pending-field-check","osm|esri-world-imagery|pku-map|pku-visit|pku-photo|pku-commons","https://www.openstreetmap.org/way/240832238","https://commons.wikimedia.org/w/index.php?search=%E7%87%95%E5%9B%AD%E5%8B%BA%E5%9B%AD8%E5%8F%B7%E6%A5%BC&title=Special:MediaSearch&type=image"
"way/240832239","pku","燕园勺园9号楼","dorm","5","17.3","gray-brick","#8b8880","#d6d0bf","flat","0","#757665","esri-pku","","","dormitory","repeated-bays","79","estimated","pending-field-check","osm|esri-world-imagery|pku-map|pku-visit|pku-photo|pku-commons","https://www.openstreetmap.org/way/240832239","https://commons.wikimedia.org/w/index.php?search=%E7%87%95%E5%9B%AD%E5%8B%BA%E5%9B%AD9%E5%8F%B7%E6%A5%BC&title=Special:MediaSearch&type=image"
"way/240832243","pku","学五食堂","dining","3","12.6","gray-brick","#8b8880","#d6d0bf","flat","0","#6a6a58","esri-pku","","","dining-hall","entrance-canopy","","estimated","pending-field-check","osm|esri-world-imagery|pku-map|pku-visit|pku-photo|pku-commons","https://www.openstreetmap.org/way/240832243","https://commons.wikimedia.org/w/index.php?search=%E5%AD%A6%E4%BA%94%E9%A3%9F%E5%A0%82&title=Special:MediaSearch&type=image"
"way/240832244","pku","燕园31楼","dorm","6","20.7","gray-brick","#8b8880","#d6d0bf","flat","0","#a6aea6","esri-pku","","","dormitory","repeated-bays","23","osm","verified-osm","osm|esri-world-imagery|pku-map|pku-visit|pku-photo|pku-commons","https://www.openstreetmap.org/way/240832244","https://commons.wikimedia.org/w/index.php?search=%E7%87%95%E5%9B%AD31%E6%A5%BC&title=Special:MediaSearch&type=image"
"way/240832245","pku","燕园29楼","dorm","5","17.3","gray-brick","#8b8880","#d6d0bf","flat","0","#8f9185","esri-pku","","","dormitory","repeated-bays","21","estimated","pending-field-check","osm|esri-world-imagery|pku-map|pku-visit|pku-photo|pku-commons","https://www.openstreetmap.org/way/240832245","https://commons.wikimedia.org/w/index.php?search=%E7%87%95%E5%9B%AD29%E6%A5%BC&title=Special:MediaSearch&type=image"
"way/240832246","pku","燕园30楼","dorm","5","17.3","gray-brick","#8b8880","#d6d0bf","flat","0","#aeb6b1","esri-pku","","","dormitory","repeated-bays","22","estimated","pending-field-check","osm|esri-world-imagery|pku-map|pku-visit|pku-photo|pku-commons","https://www.openstreetmap.org/way/240832246","https://commons.wikimedia.org/w/index.php?search=%E7%87%95%E5%9B%AD30%E6%A5%BC&title=Special:MediaSearch&type=image"
"way/240832247","pku","燕园28楼","dorm","5","17.3","gray-brick","#8b8880","#d6d0bf","flat","0","#a1a9a1","esri-pku","","","dormitory","repeated-bays","20","estimated","pending-field-check","osm|esri-world-imagery|pku-map|pku-visit|pku-photo|pku-commons","https://www.openstreetmap.org/way/240832247","https://commons.wikimedia.org/w/index.php?search=%E7%87%95%E5%9B%AD28%E6%A5%BC&title=Special:MediaSearch&type=image"
"way/240832248","pku","北大农园餐厅","dining","3","12.6","gray-brick","#8b8880","#d6d0bf","flat","0","#74796d","esri-pku","","","dining-hall","entrance-canopy","34","estimated","pending-field-check","osm|esri-world-imagery|pku-map|pku-visit|pku-photo|pku-commons","https://www.openstreetmap.org/way/240832248","https://commons.wikimedia.org/w/index.php?search=%E5%8C%97%E5%A4%A7%E5%86%9C%E5%9B%AD%E9%A4%90%E5%8E%85&title=Special:MediaSearch&type=image"
"way/240832249","pku","教育学院","teaching","6","20.7","stone","#b1aa98","#d6d0bf","flat","0","#434f47","esri-pku","","","academic","main-entrance","","estimated","pending-field-check","osm|esri-world-imagery|pku-map|pku-visit|pku-photo|pku-commons","https://www.openstreetmap.org/way/240832249","https://commons.wikimedia.org/w/index.php?search=%E6%95%99%E8%82%B2%E5%AD%A6%E9%99%A2&title=Special:MediaSearch&type=image"
"way/240832250","pku","对外汉语教育学院及信息管理系（方李邦琴楼）","teaching","6","20.7","stone","#b1aa98","#d6d0bf","flat","0","#4c5a4f","esri-pku","","","academic","main-entrance","","estimated","pending-field-check","osm|esri-world-imagery|pku-map|pku-visit|pku-photo|pku-commons","https://www.openstreetmap.org/way/240832250","https://commons.wikimedia.org/w/index.php?search=%E5%AF%B9%E5%A4%96%E6%B1%89%E8%AF%AD%E6%95%99%E8%82%B2%E5%AD%A6%E9%99%A2%E5%8F%8A%E4%BF%A1%E6%81%AF%E7%AE%A1%E7%90%86%E7%B3%BB%EF%BC%88%E6%96%B9%E6%9D%8E%E9%82%A6%E7%90%B4%E6%A5%BC%EF%BC%89&title=Special:MediaSearch&type=image"
"way/240832251","pku","新闻与传播学院（蒙民伟楼）","teaching","6","20.7","stone","#b1aa98","#d6d0bf","flat","0","#4f574e","esri-pku","","","academic","main-entrance","","estimated","pending-field-check","osm|esri-world-imagery|pku-map|pku-visit|pku-photo|pku-commons","https://www.openstreetmap.org/way/240832251","https://commons.wikimedia.org/w/index.php?search=%E6%96%B0%E9%97%BB%E4%B8%8E%E4%BC%A0%E6%92%AD%E5%AD%A6%E9%99%A2%EF%BC%88%E8%92%99%E6%B0%91%E4%BC%9F%E6%A5%BC%EF%BC%89&title=Special:MediaSearch&type=image"
"way/240832252","pku","资源楼","teaching","4","13.8","stone","#b1aa98","#d6d0bf","flat","0","#908b77","esri-pku","","","academic","main-entrance","","estimated","pending-field-check","osm|esri-world-imagery|pku-map|pku-visit|pku-photo|pku-commons","https://www.openstreetmap.org/way/240832252","https://commons.wikimedia.org/w/index.php?search=%E8%B5%84%E6%BA%90%E6%A5%BC&title=Special:MediaSearch&type=image"
"way/240832253","pku","五四体育中心","sports","2","9.6","glass","#7896a2","#a7babd","flat","0","#999985","esri-pku","","","academic","main-entrance","","estimated","pending-field-check","osm|esri-world-imagery|pku-map|pku-visit|pku-photo|pku-commons","https://www.openstreetmap.org/way/240832253","https://commons.wikimedia.org/w/index.php?search=%E4%BA%94%E5%9B%9B%E4%BD%93%E8%82%B2%E4%B8%AD%E5%BF%83&title=Special:MediaSearch&type=image"
"way/255748953","thu","老留学生楼（生物技术馆）","teaching","4","13.8","red-brick","#8b5a49","#d2c5ab","flat","0","#696e5d","esri-thu","","","academic","main-entrance","","estimated","pending-field-check","osm|esri-world-imagery|thu-map|thu-landscape|thu-planning|thu-gallery|thu-commons","https://www.openstreetmap.org/way/255748953","https://commons.wikimedia.org/w/index.php?search=%E8%80%81%E7%95%99%E5%AD%A6%E7%94%9F%E6%A5%BC%EF%BC%88%E7%94%9F%E7%89%A9%E6%8A%80%E6%9C%AF%E9%A6%86%EF%BC%89&title=Special:MediaSearch&type=image"
"way/272303337","pku","45甲楼","teaching","4","13.8","stone","#b1aa98","#d6d0bf","flat","0","#727767","esri-pku","","","academic","main-entrance","","estimated","pending-field-check","osm|esri-world-imagery|pku-map|pku-visit|pku-photo|pku-commons","https://www.openstreetmap.org/way/272303337","https://commons.wikimedia.org/w/index.php?search=45%E7%94%B2%E6%A5%BC&title=Special:MediaSearch&type=image"
"way/272303338","pku","45乙楼","teaching","4","13.8","stone","#b1aa98","#d6d0bf","flat","0","#818372","esri-pku","","","academic","main-entrance","","estimated","pending-field-check","osm|esri-world-imagery|pku-map|pku-visit|pku-photo|pku-commons","https://www.openstreetmap.org/way/272303338","https://commons.wikimedia.org/w/index.php?search=45%E4%B9%99%E6%A5%BC&title=Special:MediaSearch&type=image"
"way/272303341","pku","燕园45楼","dorm","5","17.3","gray-brick","#8b8880","#d6d0bf","flat","0","#5e6657","esri-pku","","","dormitory","repeated-bays","80","estimated","pending-field-check","osm|esri-world-imagery|pku-map|pku-visit|pku-photo|pku-commons","https://www.openstreetmap.org/way/272303341","https://commons.wikimedia.org/w/index.php?search=%E7%87%95%E5%9B%AD45%E6%A5%BC&title=Special:MediaSearch&type=image"
"way/272349096","pku","岛厅","teaching","4","13.8","stone","#b1aa98","#d6d0bf","flat","0","#5b6354","esri-pku","","","academic","main-entrance","","estimated","pending-field-check","osm|esri-world-imagery|pku-map|pku-visit|pku-photo|pku-commons","https://www.openstreetmap.org/way/272349096","https://commons.wikimedia.org/w/index.php?search=%E5%B2%9B%E5%8E%85&title=Special:MediaSearch&type=image"
"way/272353673","pku","北阁","teaching","4","13.8","stone","#b1aa98","#d6d0bf","flat","0","#a1967c","esri-pku","","","academic","main-entrance","","estimated","pending-field-check","osm|esri-world-imagery|pku-map|pku-visit|pku-photo|pku-commons","https://www.openstreetmap.org/way/272353673","https://commons.wikimedia.org/w/index.php?search=%E5%8C%97%E9%98%81&title=Special:MediaSearch&type=image"
"way/272353674","pku","南阁","teaching","4","13.8","stone","#b1aa98","#d6d0bf","flat","0","#9b8f76","esri-pku","","","academic","main-entrance","","estimated","pending-field-check","osm|esri-world-imagery|pku-map|pku-visit|pku-photo|pku-commons","https://www.openstreetmap.org/way/272353674","https://commons.wikimedia.org/w/index.php?search=%E5%8D%97%E9%98%81&title=Special:MediaSearch&type=image"
"way/272353675","pku","临湖轩","teaching","4","13.8","stone","#b1aa98","#d6d0bf","flat","0","#616357","esri-pku","","","academic","main-entrance","","estimated","pending-field-check","osm|esri-world-imagery|pku-map|pku-visit|pku-photo|pku-commons","https://www.openstreetmap.org/way/272353675","https://commons.wikimedia.org/w/index.php?search=%E4%B8%B4%E6%B9%96%E8%BD%A9&title=Special:MediaSearch&type=image"
"way/272361848","pku","元培学院（俄文楼）","capital","6","20.7","stone","#b1aa98","#d6d0bf","flat","0","#585c4e","esri-pku","","","academic","main-entrance","25","estimated","pending-field-check","osm|esri-world-imagery|pku-map|pku-visit|pku-photo|pku-commons","https://www.openstreetmap.org/way/272361848","https://commons.wikimedia.org/w/index.php?search=%E5%85%83%E5%9F%B9%E5%AD%A6%E9%99%A2%EF%BC%88%E4%BF%84%E6%96%87%E6%A5%BC%EF%BC%89&title=Special:MediaSearch&type=image"
"way/272362583","pku","哲学楼","teaching","4","13.8","stone","#b1aa98","#d6d0bf","flat","0","#6e725f","esri-pku","","","academic","main-entrance","","estimated","pending-field-check","osm|esri-world-imagery|pku-map|pku-visit|pku-photo|pku-commons","https://www.openstreetmap.org/way/272362583","https://commons.wikimedia.org/w/index.php?search=%E5%93%B2%E5%AD%A6%E6%A5%BC&title=Special:MediaSearch&type=image"
"way/272364819","pku","一院","teaching","4","13.8","stone","#b1aa98","#d6d0bf","flat","0","#555746","esri-pku","","","academic","main-entrance","","estimated","pending-field-check","osm|esri-world-imagery|pku-map|pku-visit|pku-photo|pku-commons","https://www.openstreetmap.org/way/272364819","https://commons.wikimedia.org/w/index.php?search=%E4%B8%80%E9%99%A2&title=Special:MediaSearch&type=image"
"way/272364820","pku","二院","teaching","4","13.8","stone","#b1aa98","#d6d0bf","flat","0","#5f6353","esri-pku","","","academic","main-entrance","","estimated","pending-field-check","osm|esri-world-imagery|pku-map|pku-visit|pku-photo|pku-commons","https://www.openstreetmap.org/way/272364820","https://commons.wikimedia.org/w/index.php?search=%E4%BA%8C%E9%99%A2&title=Special:MediaSearch&type=image"
"way/272364821","pku","三院","teaching","4","13.8","stone","#b1aa98","#d6d0bf","flat","0","#686655","esri-pku","","","academic","main-entrance","","estimated","pending-field-check","osm|esri-world-imagery|pku-map|pku-visit|pku-photo|pku-commons","https://www.openstreetmap.org/way/272364821","https://commons.wikimedia.org/w/index.php?search=%E4%B8%89%E9%99%A2&title=Special:MediaSearch&type=image"
"way/272364822","pku","四院","teaching","4","13.8","stone","#b1aa98","#d6d0bf","flat","0","#5f6251","esri-pku","","","academic","main-entrance","","estimated","pending-field-check","osm|esri-world-imagery|pku-map|pku-visit|pku-photo|pku-commons","https://www.openstreetmap.org/way/272364822","https://commons.wikimedia.org/w/index.php?search=%E5%9B%9B%E9%99%A2&title=Special:MediaSearch&type=image"
"way/272364823","pku","五院","teaching","4","13.8","stone","#b1aa98","#d6d0bf","flat","0","#61604d","esri-pku","","","academic","main-entrance","","estimated","pending-field-check","osm|esri-world-imagery|pku-map|pku-visit|pku-photo|pku-commons","https://www.openstreetmap.org/way/272364823","https://commons.wikimedia.org/w/index.php?search=%E4%BA%94%E9%99%A2&title=Special:MediaSearch&type=image"
"way/272364824","pku","六院","teaching","4","13.8","stone","#b1aa98","#d6d0bf","flat","0","#555945","esri-pku","","","academic","main-entrance","","estimated","pending-field-check","osm|esri-world-imagery|pku-map|pku-visit|pku-photo|pku-commons","https://www.openstreetmap.org/way/272364824","https://commons.wikimedia.org/w/index.php?search=%E5%85%AD%E9%99%A2&title=Special:MediaSearch&type=image"
"way/298030519","thu","西北16","teaching","4","13.8","red-brick","#8b5a49","#d2c5ab","flat","0","#48554c","esri-thu","","","academic","main-entrance","","estimated","pending-field-check","osm|esri-world-imagery|thu-map|thu-landscape|thu-planning|thu-gallery|thu-commons","https://www.openstreetmap.org/way/298030519","https://commons.wikimedia.org/w/index.php?search=%E8%A5%BF%E5%8C%9716&title=Special:MediaSearch&type=image"
"way/298030520","thu","西北14","teaching","4","13.8","red-brick","#8b5a49","#d2c5ab","flat","0","#8a8f7b","esri-thu","","","academic","main-entrance","","estimated","pending-field-check","osm|esri-world-imagery|thu-map|thu-landscape|thu-planning|thu-gallery|thu-commons","https://www.openstreetmap.org/way/298030520","https://commons.wikimedia.org/w/index.php?search=%E8%A5%BF%E5%8C%9714&title=Special:MediaSearch&type=image"
"way/298030521","thu","西北10","teaching","4","13.8","red-brick","#8b5a49","#d2c5ab","flat","0","#939683","esri-thu","","","academic","main-entrance","","estimated","pending-field-check","osm|esri-world-imagery|thu-map|thu-landscape|thu-planning|thu-gallery|thu-commons","https://www.openstreetmap.org/way/298030521","https://commons.wikimedia.org/w/index.php?search=%E8%A5%BF%E5%8C%9710&title=Special:MediaSearch&type=image"
"way/298030522","thu","西北7","teaching","4","13.8","red-brick","#8b5a49","#d2c5ab","flat","0","#969580","esri-thu","","","academic","main-entrance","","estimated","pending-field-check","osm|esri-world-imagery|thu-map|thu-landscape|thu-planning|thu-gallery|thu-commons","https://www.openstreetmap.org/way/298030522","https://commons.wikimedia.org/w/index.php?search=%E8%A5%BF%E5%8C%977&title=Special:MediaSearch&type=image"
"way/298030523","thu","西北4","teaching","4","13.8","red-brick","#8b5a49","#d2c5ab","flat","0","#919282","esri-thu","","","academic","main-entrance","","estimated","pending-field-check","osm|esri-world-imagery|thu-map|thu-landscape|thu-planning|thu-gallery|thu-commons","https://www.openstreetmap.org/way/298030523","https://commons.wikimedia.org/w/index.php?search=%E8%A5%BF%E5%8C%974&title=Special:MediaSearch&type=image"
"way/298030524","thu","西北3","teaching","4","13.8","red-brick","#8b5a49","#d2c5ab","flat","0","#9f9e8a","esri-thu","","","academic","main-entrance","","estimated","pending-field-check","osm|esri-world-imagery|thu-map|thu-landscape|thu-planning|thu-gallery|thu-commons","https://www.openstreetmap.org/way/298030524","https://commons.wikimedia.org/w/index.php?search=%E8%A5%BF%E5%8C%973&title=Special:MediaSearch&type=image"
"way/298030528","thu","西北13","teaching","4","13.8","red-brick","#8b5a49","#d2c5ab","flat","0","#939582","esri-thu","","","academic","main-entrance","","estimated","pending-field-check","osm|esri-world-imagery|thu-map|thu-landscape|thu-planning|thu-gallery|thu-commons","https://www.openstreetmap.org/way/298030528","https://commons.wikimedia.org/w/index.php?search=%E8%A5%BF%E5%8C%9713&title=Special:MediaSearch&type=image"
"way/298030529","thu","西北15","teaching","4","13.8","red-brick","#8b5a49","#d2c5ab","flat","0","#435349","esri-thu","","","academic","main-entrance","","estimated","pending-field-check","osm|esri-world-imagery|thu-map|thu-landscape|thu-planning|thu-gallery|thu-commons","https://www.openstreetmap.org/way/298030529","https://commons.wikimedia.org/w/index.php?search=%E8%A5%BF%E5%8C%9715&title=Special:MediaSearch&type=image"
"way/298030530","thu","西北2","teaching","4","13.8","red-brick","#8b5a49","#d2c5ab","flat","0","#9a9d86","esri-thu","","","academic","main-entrance","","estimated","pending-field-check","osm|esri-world-imagery|thu-map|thu-landscape|thu-planning|thu-gallery|thu-commons","https://www.openstreetmap.org/way/298030530","https://commons.wikimedia.org/w/index.php?search=%E8%A5%BF%E5%8C%972&title=Special:MediaSearch&type=image"
"way/298030531","thu","西北1","teaching","4","13.8","red-brick","#8b5a49","#d2c5ab","flat","0","#a0a08b","esri-thu","","","academic","main-entrance","","estimated","pending-field-check","osm|esri-world-imagery|thu-map|thu-landscape|thu-planning|thu-gallery|thu-commons","https://www.openstreetmap.org/way/298030531","https://commons.wikimedia.org/w/index.php?search=%E8%A5%BF%E5%8C%971&title=Special:MediaSearch&type=image"
"way/298030533","thu","西北6","teaching","4","13.8","red-brick","#8b5a49","#d2c5ab","flat","0","#979783","esri-thu","","","academic","main-entrance","","estimated","pending-field-check","osm|esri-world-imagery|thu-map|thu-landscape|thu-planning|thu-gallery|thu-commons","https://www.openstreetmap.org/way/298030533","https://commons.wikimedia.org/w/index.php?search=%E8%A5%BF%E5%8C%976&title=Special:MediaSearch&type=image"
"way/298030535","thu","西北8","teaching","4","13.8","red-brick","#8b5a49","#d2c5ab","flat","0","#65604d","esri-thu","","","academic","main-entrance","","estimated","pending-field-check","osm|esri-world-imagery|thu-map|thu-landscape|thu-planning|thu-gallery|thu-commons","https://www.openstreetmap.org/way/298030535","https://commons.wikimedia.org/w/index.php?search=%E8%A5%BF%E5%8C%978&title=Special:MediaSearch&type=image"
"way/298030539","thu","西北9","teaching","4","13.8","red-brick","#8b5a49","#d2c5ab","flat","0","#4c5b51","esri-thu","","","academic","main-entrance","","estimated","pending-field-check","osm|esri-world-imagery|thu-map|thu-landscape|thu-planning|thu-gallery|thu-commons","https://www.openstreetmap.org/way/298030539","https://commons.wikimedia.org/w/index.php?search=%E8%A5%BF%E5%8C%979&title=Special:MediaSearch&type=image"
"way/298030540","thu","西北12","teaching","4","13.8","red-brick","#8b5a49","#d2c5ab","flat","0","#858975","esri-thu","","","academic","main-entrance","","estimated","pending-field-check","osm|esri-world-imagery|thu-map|thu-landscape|thu-planning|thu-gallery|thu-commons","https://www.openstreetmap.org/way/298030540","https://commons.wikimedia.org/w/index.php?search=%E8%A5%BF%E5%8C%9712&title=Special:MediaSearch&type=image"
"way/33432033","thu","清华观畴园餐厅","dining","3","12.6","gray-brick","#8b8880","#d6d0bf","flat","0","#6b6d5a","esri-thu","","","dining-hall","entrance-canopy","64","estimated","pending-field-check","osm|esri-world-imagery|thu-map|thu-landscape|thu-planning|thu-gallery|thu-commons","https://www.openstreetmap.org/way/33432033","https://commons.wikimedia.org/w/index.php?search=%E6%B8%85%E5%8D%8E%E8%A7%82%E7%95%B4%E5%9B%AD%E9%A4%90%E5%8E%85&title=Special:MediaSearch&type=image"
"way/33457546","pku","邱德拔体育馆","sports","2","9.6","red-brick","#8b5a49","#d2c5ab","flat","0","#959a8e","esri-pku","","","academic","main-entrance","","estimated","pending-field-check","osm|esri-world-imagery|pku-map|pku-visit|pku-photo|pku-commons","https://www.openstreetmap.org/way/33457546","https://commons.wikimedia.org/w/index.php?search=%E9%82%B1%E5%BE%B7%E6%8B%94%E4%BD%93%E8%82%B2%E9%A6%86&title=Special:MediaSearch&type=image"
"way/33457842","thu","大礼堂","teaching","3","30","red-brick","#873f34","#ded8c8","flat","0","#506b55","esri-thu","180","","domed-auditorium","green-dome|white-colonnade|three-arches|grand-stairs","42","official","verified-official","osm|esri-world-imagery|thu-map|thu-landscape|thu-planning|thu-gallery|thu-commons|thu-auditorium","https://www.openstreetmap.org/way/33457842","https://commons.wikimedia.org/w/index.php?search=%E5%A4%A7%E7%A4%BC%E5%A0%82&title=Special:MediaSearch&type=image"
"way/354312341","thu","学生区快递服务站","teaching","4","13.8","red-brick","#8b5a49","#d2c5ab","flat","0","#23464c","esri-thu","","","academic","main-entrance","","estimated","pending-field-check","osm|esri-world-imagery|thu-map|thu-landscape|thu-planning|thu-gallery|thu-commons","https://www.openstreetmap.org/way/354312341","https://commons.wikimedia.org/w/index.php?search=%E5%AD%A6%E7%94%9F%E5%8C%BA%E5%BF%AB%E9%80%92%E6%9C%8D%E5%8A%A1%E7%AB%99&title=Special:MediaSearch&type=image"
"way/372944573","pku","文史楼","teaching","1","3.5","stone","#b1aa98","#d6d0bf","flat","0","#868673","esri-pku","","","academic","main-entrance","","osm","verified-osm","osm|esri-world-imagery|pku-map|pku-visit|pku-photo|pku-commons","https://www.openstreetmap.org/way/372944573","https://commons.wikimedia.org/w/index.php?search=%E6%96%87%E5%8F%B2%E6%A5%BC&title=Special:MediaSearch&type=image"
"way/372945805","pku","北大学一食堂","dining","3","12.6","gray-brick","#8b8880","#d6d0bf","flat","0","#616759","esri-pku","","","dining-hall","entrance-canopy","35","estimated","pending-field-check","osm|esri-world-imagery|pku-map|pku-visit|pku-photo|pku-commons","https://www.openstreetmap.org/way/372945805","https://commons.wikimedia.org/w/index.php?search=%E5%8C%97%E5%A4%A7%E5%AD%A6%E4%B8%80%E9%A3%9F%E5%A0%82&title=Special:MediaSearch&type=image"
"way/408816988","thu","资产管理处","teaching","4","13.8","red-brick","#8b5a49","#d2c5ab","flat","0","#494c3f","esri-thu","","","academic","main-entrance","","estimated","pending-field-check","osm|esri-world-imagery|thu-map|thu-landscape|thu-planning|thu-gallery|thu-commons","https://www.openstreetmap.org/way/408816988","https://commons.wikimedia.org/w/index.php?search=%E8%B5%84%E4%BA%A7%E7%AE%A1%E7%90%86%E5%A4%84&title=Special:MediaSearch&type=image"
"way/408817713","thu","清华大学电话局","teaching","4","13.8","red-brick","#8b5a49","#d2c5ab","flat","0","#4d4e3e","esri-thu","","","academic","main-entrance","","estimated","pending-field-check","osm|esri-world-imagery|thu-map|thu-landscape|thu-planning|thu-gallery|thu-commons","https://www.openstreetmap.org/way/408817713","https://commons.wikimedia.org/w/index.php?search=%E6%B8%85%E5%8D%8E%E5%A4%A7%E5%AD%A6%E7%94%B5%E8%AF%9D%E5%B1%80&title=Special:MediaSearch&type=image"
"way/409376796","thu","西南2","teaching","4","13.8","red-brick","#8b5a49","#d2c5ab","flat","0","#5e6354","esri-thu","","","academic","main-entrance","","estimated","pending-field-check","osm|esri-world-imagery|thu-map|thu-landscape|thu-planning|thu-gallery|thu-commons","https://www.openstreetmap.org/way/409376796","https://commons.wikimedia.org/w/index.php?search=%E8%A5%BF%E5%8D%972&title=Special:MediaSearch&type=image"
"way/409376797","thu","西南1","teaching","4","13.8","red-brick","#8b5a49","#d2c5ab","flat","0","#666857","esri-thu","","","academic","main-entrance","","estimated","pending-field-check","osm|esri-world-imagery|thu-map|thu-landscape|thu-planning|thu-gallery|thu-commons","https://www.openstreetmap.org/way/409376797","https://commons.wikimedia.org/w/index.php?search=%E8%A5%BF%E5%8D%971&title=Special:MediaSearch&type=image"
"way/409380285","thu","9公寓","dorm","6","20.7","red-brick","#8b5a49","#d2c5ab","flat","0","#4a5347","esri-thu","","","dormitory","repeated-bays","","estimated","pending-field-check","osm|esri-world-imagery|thu-map|thu-landscape|thu-planning|thu-gallery|thu-commons","https://www.openstreetmap.org/way/409380285","https://commons.wikimedia.org/w/index.php?search=9%E5%85%AC%E5%AF%93&title=Special:MediaSearch&type=image"
"way/409381512","thu","教工活动中心","teaching","6","20.7","glass","#7896a2","#a7babd","flat","0","#545947","esri-thu","","","academic","main-entrance","","estimated","pending-field-check","osm|esri-world-imagery|thu-map|thu-landscape|thu-planning|thu-gallery|thu-commons","https://www.openstreetmap.org/way/409381512","https://commons.wikimedia.org/w/index.php?search=%E6%95%99%E5%B7%A5%E6%B4%BB%E5%8A%A8%E4%B8%AD%E5%BF%83&title=Special:MediaSearch&type=image"
"way/409381513","thu","2公寓","dorm","6","20.7","red-brick","#8b5a49","#d2c5ab","flat","0","#444c3c","esri-thu","","","dormitory","repeated-bays","","estimated","pending-field-check","osm|esri-world-imagery|thu-map|thu-landscape|thu-planning|thu-gallery|thu-commons","https://www.openstreetmap.org/way/409381513","https://commons.wikimedia.org/w/index.php?search=2%E5%85%AC%E5%AF%93&title=Special:MediaSearch&type=image"
"way/409381514","thu","1公寓","dorm","6","20.7","red-brick","#8b5a49","#d2c5ab","flat","0","#424c3d","esri-thu","","","dormitory","repeated-bays","","estimated","pending-field-check","osm|esri-world-imagery|thu-map|thu-landscape|thu-planning|thu-gallery|thu-commons","https://www.openstreetmap.org/way/409381514","https://commons.wikimedia.org/w/index.php?search=1%E5%85%AC%E5%AF%93&title=Special:MediaSearch&type=image"
"way/444894328","pku","松林餐厅","dining","3","12.6","gray-brick","#8b8880","#d6d0bf","flat","0","#7b7e6c","esri-pku","","","dining-hall","entrance-canopy","","estimated","pending-field-check","osm|esri-world-imagery|pku-map|pku-visit|pku-photo|pku-commons","https://www.openstreetmap.org/way/444894328","https://commons.wikimedia.org/w/index.php?search=%E6%9D%BE%E6%9E%97%E9%A4%90%E5%8E%85&title=Special:MediaSearch&type=image"
"way/444894329","pku","北大家园食堂","dining","3","12.6","gray-brick","#8b8880","#d6d0bf","flat","0","#818374","esri-pku","","","dining-hall","entrance-canopy","36","estimated","pending-field-check","osm|esri-world-imagery|pku-map|pku-visit|pku-photo|pku-commons","https://www.openstreetmap.org/way/444894329","https://commons.wikimedia.org/w/index.php?search=%E5%8C%97%E5%A4%A7%E5%AE%B6%E5%9B%AD%E9%A3%9F%E5%A0%82&title=Special:MediaSearch&type=image"
"way/444894330","pku","燕园43楼","dorm","5","17.3","gray-brick","#8b8880","#d6d0bf","flat","0","#b3ad97","esri-pku","","","dormitory","repeated-bays","68","estimated","pending-field-check","osm|esri-world-imagery|pku-map|pku-visit|pku-photo|pku-commons","https://www.openstreetmap.org/way/444894330","https://commons.wikimedia.org/w/index.php?search=%E7%87%95%E5%9B%AD43%E6%A5%BC&title=Special:MediaSearch&type=image"
"way/444991872","pku","理科教学楼（黄廷方楼）","teaching","4","13.8","stone","#b1aa98","#d6d0bf","flat","0","#8e8975","esri-pku","","","academic","main-entrance","","estimated","pending-field-check","osm|esri-world-imagery|pku-map|pku-visit|pku-photo|pku-commons","https://www.openstreetmap.org/way/444991872","https://commons.wikimedia.org/w/index.php?search=%E7%90%86%E7%A7%91%E6%95%99%E5%AD%A6%E6%A5%BC%EF%BC%88%E9%BB%84%E5%BB%B7%E6%96%B9%E6%A5%BC%EF%BC%89&title=Special:MediaSearch&type=image"
"way/444991873","pku","英杰交流中心","teaching","6","20.7","glass","#7896a2","#a7babd","flat","0","#958f7b","esri-pku","","","academic","main-entrance","","estimated","pending-field-check","osm|esri-world-imagery|pku-map|pku-visit|pku-photo|pku-commons","https://www.openstreetmap.org/way/444991873","https://commons.wikimedia.org/w/index.php?search=%E8%8B%B1%E6%9D%B0%E4%BA%A4%E6%B5%81%E4%B8%AD%E5%BF%83&title=Special:MediaSearch&type=image"
"way/445012603","pku","地学楼","teaching","4","13.8","stone","#b1aa98","#d6d0bf","flat","0","#484c3a","esri-pku","","","academic","main-entrance","","estimated","pending-field-check","osm|esri-world-imagery|pku-map|pku-visit|pku-photo|pku-commons","https://www.openstreetmap.org/way/445012603","https://commons.wikimedia.org/w/index.php?search=%E5%9C%B0%E5%AD%A6%E6%A5%BC&title=Special:MediaSearch&type=image"
"way/445012604","pku","老化学楼","teaching","4","13.8","stone","#b1aa98","#d6d0bf","flat","0","#5d6253","esri-pku","","","academic","main-entrance","","estimated","pending-field-check","osm|esri-world-imagery|pku-map|pku-visit|pku-photo|pku-commons","https://www.openstreetmap.org/way/445012604","https://commons.wikimedia.org/w/index.php?search=%E8%80%81%E5%8C%96%E5%AD%A6%E6%A5%BC&title=Special:MediaSearch&type=image"
"way/445012606","pku","电化教学楼（智华楼）","teaching","4","13.8","stone","#b1aa98","#d6d0bf","flat","0","#959685","esri-pku","","","academic","main-entrance","","estimated","pending-field-check","osm|esri-world-imagery|pku-map|pku-visit|pku-photo|pku-commons","https://www.openstreetmap.org/way/445012606","https://commons.wikimedia.org/w/index.php?search=%E7%94%B5%E5%8C%96%E6%95%99%E5%AD%A6%E6%A5%BC%EF%BC%88%E6%99%BA%E5%8D%8E%E6%A5%BC%EF%BC%89&title=Special:MediaSearch&type=image"
"way/445012607","pku","老生物楼","teaching","4","13.8","stone","#b1aa98","#d6d0bf","flat","0","#6d6c5a","esri-pku","","","academic","main-entrance","","estimated","pending-field-check","osm|esri-world-imagery|pku-map|pku-visit|pku-photo|pku-commons","https://www.openstreetmap.org/way/445012607","https://commons.wikimedia.org/w/index.php?search=%E8%80%81%E7%94%9F%E7%89%A9%E6%A5%BC&title=Special:MediaSearch&type=image"
"way/445014559","pku","体斋","teaching","4","13.8","red-brick","#8b5a49","#d2c5ab","flat","0","#474e3e","esri-pku","","","academic","main-entrance","","estimated","pending-field-check","osm|esri-world-imagery|pku-map|pku-visit|pku-photo|pku-commons","https://www.openstreetmap.org/way/445014559","https://commons.wikimedia.org/w/index.php?search=%E4%BD%93%E6%96%8B&title=Special:MediaSearch&type=image"
"way/445016203","pku","北大勺园食堂","dining","3","12.6","gray-brick","#8b8880","#d6d0bf","flat","0","#7a7c6e","esri-pku","","","dining-hall","entrance-canopy","38","estimated","pending-field-check","osm|esri-world-imagery|pku-map|pku-visit|pku-photo|pku-commons","https://www.openstreetmap.org/way/445016203","https://commons.wikimedia.org/w/index.php?search=%E5%8C%97%E5%A4%A7%E5%8B%BA%E5%9B%AD%E9%A3%9F%E5%A0%82&title=Special:MediaSearch&type=image"
"way/445016204","pku","佟园餐厅（清真）","dining","3","12.6","gray-brick","#8b8880","#d6d0bf","flat","0","#585a48","esri-pku","","","dining-hall","entrance-canopy","","estimated","pending-field-check","osm|esri-world-imagery|pku-map|pku-visit|pku-photo|pku-commons","https://www.openstreetmap.org/way/445016204","https://commons.wikimedia.org/w/index.php?search=%E4%BD%9F%E5%9B%AD%E9%A4%90%E5%8E%85%EF%BC%88%E6%B8%85%E7%9C%9F%EF%BC%89&title=Special:MediaSearch&type=image"
"way/445016205","pku","燕园勺园1号楼","dorm","5","17.3","gray-brick","#8b8880","#d6d0bf","flat","0","#8a9ca0","esri-pku","","","dormitory","repeated-bays","81","estimated","pending-field-check","osm|esri-world-imagery|pku-map|pku-visit|pku-photo|pku-commons","https://www.openstreetmap.org/way/445016205","https://commons.wikimedia.org/w/index.php?search=%E7%87%95%E5%9B%AD%E5%8B%BA%E5%9B%AD1%E5%8F%B7%E6%A5%BC&title=Special:MediaSearch&type=image"
"way/445016206","pku","燕园勺园3号楼","dorm","5","17.3","gray-brick","#8b8880","#d6d0bf","flat","0","#87989b","esri-pku","","","dormitory","repeated-bays","82","estimated","pending-field-check","osm|esri-world-imagery|pku-map|pku-visit|pku-photo|pku-commons","https://www.openstreetmap.org/way/445016206","https://commons.wikimedia.org/w/index.php?search=%E7%87%95%E5%9B%AD%E5%8B%BA%E5%9B%AD3%E5%8F%B7%E6%A5%BC&title=Special:MediaSearch&type=image"
"way/445016207","pku","勺园2号楼","dorm","5","17.3","gray-brick","#8b8880","#d6d0bf","flat","0","#748888","esri-pku","","","dormitory","repeated-bays","","estimated","pending-field-check","osm|esri-world-imagery|pku-map|pku-visit|pku-photo|pku-commons","https://www.openstreetmap.org/way/445016207","https://commons.wikimedia.org/w/index.php?search=%E5%8B%BA%E5%9B%AD2%E5%8F%B7%E6%A5%BC&title=Special:MediaSearch&type=image"
"way/445016209","pku","新太阳学生中心（16楼-18楼）","dorm","5","17.3","glass","#7896a2","#a7babd","flat","0","#555d51","esri-pku","","","dormitory","repeated-bays","","estimated","pending-field-check","osm|esri-world-imagery|pku-map|pku-visit|pku-photo|pku-commons","https://www.openstreetmap.org/way/445016209","https://commons.wikimedia.org/w/index.php?search=%E6%96%B0%E5%A4%AA%E9%98%B3%E5%AD%A6%E7%94%9F%E4%B8%AD%E5%BF%83%EF%BC%8816%E6%A5%BC-18%E6%A5%BC%EF%BC%89&title=Special:MediaSearch&type=image"
"way/446944417","pku","北大燕南食堂","dining","3","12.6","gray-brick","#8b8880","#d6d0bf","flat","0","#868e81","esri-pku","","","dining-hall","entrance-canopy","37","estimated","pending-field-check","osm|esri-world-imagery|pku-map|pku-visit|pku-photo|pku-commons","https://www.openstreetmap.org/way/446944417","https://commons.wikimedia.org/w/index.php?search=%E5%8C%97%E5%A4%A7%E7%87%95%E5%8D%97%E9%A3%9F%E5%A0%82&title=Special:MediaSearch&type=image"
"way/451304710","thu","北园教工食堂","dining","3","12.6","gray-brick","#8b8880","#d6d0bf","flat","0","#696551","esri-thu","","","dining-hall","entrance-canopy","","estimated","pending-field-check","osm|esri-world-imagery|thu-map|thu-landscape|thu-planning|thu-gallery|thu-commons","https://www.openstreetmap.org/way/451304710","https://commons.wikimedia.org/w/index.php?search=%E5%8C%97%E5%9B%AD%E6%95%99%E5%B7%A5%E9%A3%9F%E5%A0%82&title=Special:MediaSearch&type=image"
"way/451306291","thu","7号楼","dorm","6","20.7","red-brick","#8b5a49","#d2c5ab","flat","0","#90896c","esri-thu","","","dormitory","repeated-bays","","estimated","pending-field-check","osm|esri-world-imagery|thu-map|thu-landscape|thu-planning|thu-gallery|thu-commons","https://www.openstreetmap.org/way/451306291","https://commons.wikimedia.org/w/index.php?search=7%E5%8F%B7%E6%A5%BC&title=Special:MediaSearch&type=image"
"way/451306292","thu","2号楼","dorm","6","20.7","red-brick","#8b5a49","#d2c5ab","flat","0","#606253","esri-thu","","","dormitory","repeated-bays","","estimated","pending-field-check","osm|esri-world-imagery|thu-map|thu-landscape|thu-planning|thu-gallery|thu-commons","https://www.openstreetmap.org/way/451306292","https://commons.wikimedia.org/w/index.php?search=2%E5%8F%B7%E6%A5%BC&title=Special:MediaSearch&type=image"
"way/451306293","thu","4号楼","dorm","6","20.7","red-brick","#8b5a49","#d2c5ab","flat","0","#888771","esri-thu","","","dormitory","repeated-bays","","estimated","pending-field-check","osm|esri-world-imagery|thu-map|thu-landscape|thu-planning|thu-gallery|thu-commons","https://www.openstreetmap.org/way/451306293","https://commons.wikimedia.org/w/index.php?search=4%E5%8F%B7%E6%A5%BC&title=Special:MediaSearch&type=image"
"way/451306294","thu","5号楼","dorm","6","20.7","red-brick","#8b5a49","#d2c5ab","flat","0","#948e76","esri-thu","","","dormitory","repeated-bays","","estimated","pending-field-check","osm|esri-world-imagery|thu-map|thu-landscape|thu-planning|thu-gallery|thu-commons","https://www.openstreetmap.org/way/451306294","https://commons.wikimedia.org/w/index.php?search=5%E5%8F%B7%E6%A5%BC&title=Special:MediaSearch&type=image"
"way/451306295","thu","10号楼","dorm","6","20.7","red-brick","#8b5a49","#d2c5ab","flat","0","#96937d","esri-thu","","","dormitory","repeated-bays","","estimated","pending-field-check","osm|esri-world-imagery|thu-map|thu-landscape|thu-planning|thu-gallery|thu-commons","https://www.openstreetmap.org/way/451306295","https://commons.wikimedia.org/w/index.php?search=10%E5%8F%B7%E6%A5%BC&title=Special:MediaSearch&type=image"
"way/451306296","thu","12号楼","dorm","6","20.7","red-brick","#8b5a49","#d2c5ab","flat","0","#64644d","esri-thu","","","dormitory","repeated-bays","","estimated","pending-field-check","osm|esri-world-imagery|thu-map|thu-landscape|thu-planning|thu-gallery|thu-commons","https://www.openstreetmap.org/way/451306296","https://commons.wikimedia.org/w/index.php?search=12%E5%8F%B7%E6%A5%BC&title=Special:MediaSearch&type=image"
"way/451306297","thu","11号楼","dorm","6","20.7","red-brick","#8b5a49","#d2c5ab","flat","0","#52523e","esri-thu","","","dormitory","repeated-bays","","estimated","pending-field-check","osm|esri-world-imagery|thu-map|thu-landscape|thu-planning|thu-gallery|thu-commons","https://www.openstreetmap.org/way/451306297","https://commons.wikimedia.org/w/index.php?search=11%E5%8F%B7%E6%A5%BC&title=Special:MediaSearch&type=image"
"way/451306298","thu","14号楼","dorm","6","20.7","red-brick","#8b5a49","#d2c5ab","flat","0","#878570","esri-thu","","","dormitory","repeated-bays","","estimated","pending-field-check","osm|esri-world-imagery|thu-map|thu-landscape|thu-planning|thu-gallery|thu-commons","https://www.openstreetmap.org/way/451306298","https://commons.wikimedia.org/w/index.php?search=14%E5%8F%B7%E6%A5%BC&title=Special:MediaSearch&type=image"
"way/451306299","thu","1号楼","dorm","6","20.7","red-brick","#8b5a49","#d2c5ab","flat","0","#4e5647","esri-thu","","","dormitory","repeated-bays","","estimated","pending-field-check","osm|esri-world-imagery|thu-map|thu-landscape|thu-planning|thu-gallery|thu-commons","https://www.openstreetmap.org/way/451306299","https://commons.wikimedia.org/w/index.php?search=1%E5%8F%B7%E6%A5%BC&title=Special:MediaSearch&type=image"
"way/451306300","thu","3号楼","dorm","6","20.7","red-brick","#8b5a49","#d2c5ab","flat","0","#72735f","esri-thu","","","dormitory","repeated-bays","","estimated","pending-field-check","osm|esri-world-imagery|thu-map|thu-landscape|thu-planning|thu-gallery|thu-commons","https://www.openstreetmap.org/way/451306300","https://commons.wikimedia.org/w/index.php?search=3%E5%8F%B7%E6%A5%BC&title=Special:MediaSearch&type=image"
"way/451306302","thu","13号楼","dorm","6","20.7","red-brick","#8b5a49","#d2c5ab","flat","0","#85816b","esri-thu","","","dormitory","repeated-bays","","estimated","pending-field-check","osm|esri-world-imagery|thu-map|thu-landscape|thu-planning|thu-gallery|thu-commons","https://www.openstreetmap.org/way/451306302","https://commons.wikimedia.org/w/index.php?search=13%E5%8F%B7%E6%A5%BC&title=Special:MediaSearch&type=image"
"way/451306307","thu","9号楼","dorm","6","20.7","red-brick","#8b5a49","#d2c5ab","flat","0","#74745e","esri-thu","","","dormitory","repeated-bays","","estimated","pending-field-check","osm|esri-world-imagery|thu-map|thu-landscape|thu-planning|thu-gallery|thu-commons","https://www.openstreetmap.org/way/451306307","https://commons.wikimedia.org/w/index.php?search=9%E5%8F%B7%E6%A5%BC&title=Special:MediaSearch&type=image"
"way/451306308","thu","6号楼","dorm","6","20.7","red-brick","#8b5a49","#d2c5ab","flat","0","#72725d","esri-thu","","","dormitory","repeated-bays","","estimated","pending-field-check","osm|esri-world-imagery|thu-map|thu-landscape|thu-planning|thu-gallery|thu-commons","https://www.openstreetmap.org/way/451306308","https://commons.wikimedia.org/w/index.php?search=6%E5%8F%B7%E6%A5%BC&title=Special:MediaSearch&type=image"
"way/451306309","thu","8号楼","dorm","6","20.7","red-brick","#8b5a49","#d2c5ab","flat","0","#7e7b66","esri-thu","","","dormitory","repeated-bays","","estimated","pending-field-check","osm|esri-world-imagery|thu-map|thu-landscape|thu-planning|thu-gallery|thu-commons","https://www.openstreetmap.org/way/451306309","https://commons.wikimedia.org/w/index.php?search=8%E5%8F%B7%E6%A5%BC&title=Special:MediaSearch&type=image"
"way/451318334","thu","高电压及绝缘技术研究所","teaching","4","13.8","red-brick","#8b5a49","#d2c5ab","flat","0","#525744","esri-thu","","","academic","main-entrance","","estimated","pending-field-check","osm|esri-world-imagery|thu-map|thu-landscape|thu-planning|thu-gallery|thu-commons","https://www.openstreetmap.org/way/451318334","https://commons.wikimedia.org/w/index.php?search=%E9%AB%98%E7%94%B5%E5%8E%8B%E5%8F%8A%E7%BB%9D%E7%BC%98%E6%8A%80%E6%9C%AF%E7%A0%94%E7%A9%B6%E6%89%80&title=Special:MediaSearch&type=image"
"way/451335313","thu","艺术博物馆","teaching","4","24","stone","#a98665","#d1b898","flat","0","#584b40","esri-thu","","","museum","bronze-screen|sunken-entry|courtyard","48","official","verified-official","osm|esri-world-imagery|thu-map|thu-landscape|thu-planning|thu-gallery|thu-commons","https://www.openstreetmap.org/way/451335313","https://commons.wikimedia.org/w/index.php?search=%E8%89%BA%E6%9C%AF%E5%8D%9A%E7%89%A9%E9%A6%86&title=Special:MediaSearch&type=image"
"way/451335314","thu","蒙民伟科技大楼（综合科研1号楼）","dorm","6","20.7","glass","#7896a2","#a7babd","flat","0","#565441","esri-thu","","","dormitory","repeated-bays","","estimated","pending-field-check","osm|esri-world-imagery|thu-map|thu-landscape|thu-planning|thu-gallery|thu-commons","https://www.openstreetmap.org/way/451335314","https://commons.wikimedia.org/w/index.php?search=%E8%92%99%E6%B0%91%E4%BC%9F%E7%A7%91%E6%8A%80%E5%A4%A7%E6%A5%BC%EF%BC%88%E7%BB%BC%E5%90%88%E7%A7%91%E7%A0%941%E5%8F%B7%E6%A5%BC%EF%BC%89&title=Special:MediaSearch&type=image"
"way/451335315","thu","印刷厂","teaching","4","13.8","red-brick","#8b5a49","#d2c5ab","flat","0","#6d7462","esri-thu","","","academic","main-entrance","","estimated","pending-field-check","osm|esri-world-imagery|thu-map|thu-landscape|thu-planning|thu-gallery|thu-commons","https://www.openstreetmap.org/way/451335315","https://commons.wikimedia.org/w/index.php?search=%E5%8D%B0%E5%88%B7%E5%8E%82&title=Special:MediaSearch&type=image"
"way/451335316","thu","人环楼（生物医学馆B座）","teaching","4","13.8","red-brick","#8b5a49","#d2c5ab","flat","0","#867056","esri-thu","","","academic","main-entrance","","estimated","pending-field-check","osm|esri-world-imagery|thu-map|thu-landscape|thu-planning|thu-gallery|thu-commons","https://www.openstreetmap.org/way/451335316","https://commons.wikimedia.org/w/index.php?search=%E4%BA%BA%E7%8E%AF%E6%A5%BC%EF%BC%88%E7%94%9F%E7%89%A9%E5%8C%BB%E5%AD%A6%E9%A6%86B%E5%BA%A7%EF%BC%89&title=Special:MediaSearch&type=image"
"way/451335317","thu","大五金库","teaching","4","13.8","red-brick","#8b5a49","#d2c5ab","flat","0","#344c41","esri-thu","","","academic","main-entrance","","estimated","pending-field-check","osm|esri-world-imagery|thu-map|thu-landscape|thu-planning|thu-gallery|thu-commons","https://www.openstreetmap.org/way/451335317","https://commons.wikimedia.org/w/index.php?search=%E5%A4%A7%E4%BA%94%E9%87%91%E5%BA%93&title=Special:MediaSearch&type=image"
"way/451335318","thu","编教中心","teaching","6","20.7","glass","#7896a2","#a7babd","flat","0","#404c41","esri-thu","","","academic","main-entrance","","estimated","pending-field-check","osm|esri-world-imagery|thu-map|thu-landscape|thu-planning|thu-gallery|thu-commons","https://www.openstreetmap.org/way/451335318","https://commons.wikimedia.org/w/index.php?search=%E7%BC%96%E6%95%99%E4%B8%AD%E5%BF%83&title=Special:MediaSearch&type=image"
"way/451338305","thu","未命名校园建筑 way/451338305","teaching","4","13.8","gray-brick","#8b8880","#d6d0bf","flat","0","#958870","esri-thu","","","academic","main-entrance","","estimated","pending-field-check","osm|esri-world-imagery|thu-map|thu-landscape|thu-planning|thu-gallery|thu-commons","https://www.openstreetmap.org/way/451338305","https://commons.wikimedia.org/w/index.php?search=%E6%9C%AA%E5%91%BD%E5%90%8D%E6%A0%A1%E5%9B%AD%E5%BB%BA%E7%AD%91%20way%2F451338305&title=Special:MediaSearch&type=image"
"way/453690523","thu","A座(高中楼/华辰楼)","teaching","4","13.8","red-brick","#8b5a49","#d2c5ab","flat","0","#585d50","esri-thu","","","academic","main-entrance","","estimated","pending-field-check","osm|esri-world-imagery|thu-map|thu-landscape|thu-planning|thu-gallery|thu-commons","https://www.openstreetmap.org/way/453690523","https://commons.wikimedia.org/w/index.php?search=A%E5%BA%A7(%E9%AB%98%E4%B8%AD%E6%A5%BC%2F%E5%8D%8E%E8%BE%B0%E6%A5%BC)&title=Special:MediaSearch&type=image"
"way/453690524","thu","D座(实验楼/华实楼)","teaching","4","13.8","red-brick","#8b5a49","#d2c5ab","flat","0","#636d5f","esri-thu","","","academic","main-entrance","","estimated","pending-field-check","osm|esri-world-imagery|thu-map|thu-landscape|thu-planning|thu-gallery|thu-commons","https://www.openstreetmap.org/way/453690524","https://commons.wikimedia.org/w/index.php?search=D%E5%BA%A7(%E5%AE%9E%E9%AA%8C%E6%A5%BC%2F%E5%8D%8E%E5%AE%9E%E6%A5%BC)&title=Special:MediaSearch&type=image"
"way/453690525","thu","C座(初中楼/华远楼)","teaching","6","20.7","red-brick","#8b5a49","#d2c5ab","flat","0","#7f806e","esri-thu","","","academic","main-entrance","","osm","verified-osm","osm|esri-world-imagery|thu-map|thu-landscape|thu-planning|thu-gallery|thu-commons","https://www.openstreetmap.org/way/453690525","https://commons.wikimedia.org/w/index.php?search=C%E5%BA%A7(%E5%88%9D%E4%B8%AD%E6%A5%BC%2F%E5%8D%8E%E8%BF%9C%E6%A5%BC)&title=Special:MediaSearch&type=image"
"way/453690527","thu","未命名校园建筑 way/453690527","teaching","4","13.8","gray-brick","#8b8880","#d6d0bf","flat","0","#70705c","esri-thu","","","academic","main-entrance","","estimated","pending-field-check","osm|esri-world-imagery|thu-map|thu-landscape|thu-planning|thu-gallery|thu-commons","https://www.openstreetmap.org/way/453690527","https://commons.wikimedia.org/w/index.php?search=%E6%9C%AA%E5%91%BD%E5%90%8D%E6%A0%A1%E5%9B%AD%E5%BB%BA%E7%AD%91%20way%2F453690527&title=Special:MediaSearch&type=image"
"way/453690528","thu","未命名校园建筑 way/453690528","teaching","4","13.8","gray-brick","#8b8880","#d6d0bf","flat","0","#6b6a56","esri-thu","","","academic","main-entrance","","estimated","pending-field-check","osm|esri-world-imagery|thu-map|thu-landscape|thu-planning|thu-gallery|thu-commons","https://www.openstreetmap.org/way/453690528","https://commons.wikimedia.org/w/index.php?search=%E6%9C%AA%E5%91%BD%E5%90%8D%E6%A0%A1%E5%9B%AD%E5%BB%BA%E7%AD%91%20way%2F453690528&title=Special:MediaSearch&type=image"
"way/453690529","thu","实验电厂","teaching","4","13.8","red-brick","#8b5a49","#d2c5ab","flat","0","#887f63","esri-thu","","","academic","main-entrance","","estimated","pending-field-check","osm|esri-world-imagery|thu-map|thu-landscape|thu-planning|thu-gallery|thu-commons","https://www.openstreetmap.org/way/453690529","https://commons.wikimedia.org/w/index.php?search=%E5%AE%9E%E9%AA%8C%E7%94%B5%E5%8E%82&title=Special:MediaSearch&type=image"
"way/453690530","thu","未命名校园建筑 way/453690530","teaching","4","13.8","gray-brick","#8b8880","#d6d0bf","flat","0","#989e95","esri-thu","","","academic","main-entrance","","estimated","pending-field-check","osm|esri-world-imagery|thu-map|thu-landscape|thu-planning|thu-gallery|thu-commons","https://www.openstreetmap.org/way/453690530","https://commons.wikimedia.org/w/index.php?search=%E6%9C%AA%E5%91%BD%E5%90%8D%E6%A0%A1%E5%9B%AD%E5%BB%BA%E7%AD%91%20way%2F453690530&title=Special:MediaSearch&type=image"
"way/453690531","thu","清华北区便民果蔬超市","teaching","4","13.8","red-brick","#8b5a49","#d2c5ab","flat","0","#6c6e5f","esri-thu","","","academic","main-entrance","","estimated","pending-field-check","osm|esri-world-imagery|thu-map|thu-landscape|thu-planning|thu-gallery|thu-commons","https://www.openstreetmap.org/way/453690531","https://commons.wikimedia.org/w/index.php?search=%E6%B8%85%E5%8D%8E%E5%8C%97%E5%8C%BA%E4%BE%BF%E6%B0%91%E6%9E%9C%E8%94%AC%E8%B6%85%E5%B8%82&title=Special:MediaSearch&type=image"
"way/453690532","thu","篮球馆","teaching","4","13.8","red-brick","#8b5a49","#d2c5ab","flat","0","#c2c1b6","esri-thu","","","academic","main-entrance","","estimated","pending-field-check","osm|esri-world-imagery|thu-map|thu-landscape|thu-planning|thu-gallery|thu-commons","https://www.openstreetmap.org/way/453690532","https://commons.wikimedia.org/w/index.php?search=%E7%AF%AE%E7%90%83%E9%A6%86&title=Special:MediaSearch&type=image"
"way/453690533","thu","未命名校园建筑 way/453690533","teaching","4","13.8","gray-brick","#8b8880","#d6d0bf","flat","0","#666b58","esri-thu","","","academic","main-entrance","","estimated","pending-field-check","osm|esri-world-imagery|thu-map|thu-landscape|thu-planning|thu-gallery|thu-commons","https://www.openstreetmap.org/way/453690533","https://commons.wikimedia.org/w/index.php?search=%E6%9C%AA%E5%91%BD%E5%90%8D%E6%A0%A1%E5%9B%AD%E5%BB%BA%E7%AD%91%20way%2F453690533&title=Special:MediaSearch&type=image"
"way/453690534","thu","未命名校园建筑 way/453690534","teaching","4","13.8","gray-brick","#8b8880","#d6d0bf","flat","0","#aa9787","esri-thu","","","academic","main-entrance","","estimated","pending-field-check","osm|esri-world-imagery|thu-map|thu-landscape|thu-planning|thu-gallery|thu-commons","https://www.openstreetmap.org/way/453690534","https://commons.wikimedia.org/w/index.php?search=%E6%9C%AA%E5%91%BD%E5%90%8D%E6%A0%A1%E5%9B%AD%E5%BB%BA%E7%AD%91%20way%2F453690534&title=Special:MediaSearch&type=image"
"way/453690535","thu","未命名校园建筑 way/453690535","teaching","4","13.8","gray-brick","#8b8880","#d6d0bf","flat","0","#a7a695","esri-thu","","","academic","main-entrance","","estimated","pending-field-check","osm|esri-world-imagery|thu-map|thu-landscape|thu-planning|thu-gallery|thu-commons","https://www.openstreetmap.org/way/453690535","https://commons.wikimedia.org/w/index.php?search=%E6%9C%AA%E5%91%BD%E5%90%8D%E6%A0%A1%E5%9B%AD%E5%BB%BA%E7%AD%91%20way%2F453690535&title=Special:MediaSearch&type=image"
"way/453690536","thu","未命名校园建筑 way/453690536","teaching","4","13.8","gray-brick","#8b8880","#d6d0bf","flat","0","#777b78","","","","academic","main-entrance","","estimated","pending-field-check","osm|esri-world-imagery|thu-map|thu-landscape|thu-planning|thu-gallery|thu-commons","https://www.openstreetmap.org/way/453690536","https://commons.wikimedia.org/w/index.php?search=%E6%9C%AA%E5%91%BD%E5%90%8D%E6%A0%A1%E5%9B%AD%E5%BB%BA%E7%AD%91%20way%2F453690536&title=Special:MediaSearch&type=image"
"way/453690537","thu","未命名校园建筑 way/453690537","teaching","4","13.8","gray-brick","#8b8880","#d6d0bf","flat","0","#757f7b","esri-thu","","","academic","main-entrance","","estimated","pending-field-check","osm|esri-world-imagery|thu-map|thu-landscape|thu-planning|thu-gallery|thu-commons","https://www.openstreetmap.org/way/453690537","https://commons.wikimedia.org/w/index.php?search=%E6%9C%AA%E5%91%BD%E5%90%8D%E6%A0%A1%E5%9B%AD%E5%BB%BA%E7%AD%91%20way%2F453690537&title=Special:MediaSearch&type=image"
"way/453690538","thu","未命名校园建筑 way/453690538","teaching","4","13.8","gray-brick","#8b8880","#d6d0bf","flat","0","#818480","esri-thu","","","academic","main-entrance","","estimated","pending-field-check","osm|esri-world-imagery|thu-map|thu-landscape|thu-planning|thu-gallery|thu-commons","https://www.openstreetmap.org/way/453690538","https://commons.wikimedia.org/w/index.php?search=%E6%9C%AA%E5%91%BD%E5%90%8D%E6%A0%A1%E5%9B%AD%E5%BB%BA%E7%AD%91%20way%2F453690538&title=Special:MediaSearch&type=image"
"way/453690539","thu","西北小区底商","teaching","4","13.8","red-brick","#8b5a49","#d2c5ab","flat","0","#6b6b55","esri-thu","","","academic","main-entrance","","estimated","pending-field-check","osm|esri-world-imagery|thu-map|thu-landscape|thu-planning|thu-gallery|thu-commons","https://www.openstreetmap.org/way/453690539","https://commons.wikimedia.org/w/index.php?search=%E8%A5%BF%E5%8C%97%E5%B0%8F%E5%8C%BA%E5%BA%95%E5%95%86&title=Special:MediaSearch&type=image"
"way/453690540","thu","未命名校园建筑 way/453690540","teaching","4","13.8","gray-brick","#8b8880","#d6d0bf","flat","0","#4e5142","esri-thu","","","academic","main-entrance","","estimated","pending-field-check","osm|esri-world-imagery|thu-map|thu-landscape|thu-planning|thu-gallery|thu-commons","https://www.openstreetmap.org/way/453690540","https://commons.wikimedia.org/w/index.php?search=%E6%9C%AA%E5%91%BD%E5%90%8D%E6%A0%A1%E5%9B%AD%E5%BB%BA%E7%AD%91%20way%2F453690540&title=Special:MediaSearch&type=image"
"way/453690543","thu","23宿舍","dorm","6","20.7","red-brick","#8b5a49","#d2c5ab","flat","0","#696b58","esri-thu","","","dormitory","repeated-bays","","estimated","pending-field-check","osm|esri-world-imagery|thu-map|thu-landscape|thu-planning|thu-gallery|thu-commons","https://www.openstreetmap.org/way/453690543","https://commons.wikimedia.org/w/index.php?search=23%E5%AE%BF%E8%88%8D&title=Special:MediaSearch&type=image"
"way/453690544","thu","未命名校园建筑 way/453690544","teaching","4","13.8","gray-brick","#8b8880","#d6d0bf","flat","0","#7e7c66","esri-thu","","","academic","main-entrance","","estimated","pending-field-check","osm|esri-world-imagery|thu-map|thu-landscape|thu-planning|thu-gallery|thu-commons","https://www.openstreetmap.org/way/453690544","https://commons.wikimedia.org/w/index.php?search=%E6%9C%AA%E5%91%BD%E5%90%8D%E6%A0%A1%E5%9B%AD%E5%BB%BA%E7%AD%91%20way%2F453690544&title=Special:MediaSearch&type=image"
"way/544328791","thu","清华清芬园餐厅","dining","3","12.6","gray-brick","#8b8880","#d6d0bf","flat","0","#6a6d5f","esri-thu","","","dining-hall","entrance-canopy","63","estimated","pending-field-check","osm|esri-world-imagery|thu-map|thu-landscape|thu-planning|thu-gallery|thu-commons","https://www.openstreetmap.org/way/544328791","https://commons.wikimedia.org/w/index.php?search=%E6%B8%85%E5%8D%8E%E6%B8%85%E8%8A%AC%E5%9B%AD%E9%A4%90%E5%8E%85&title=Special:MediaSearch&type=image"
"way/568727714","pku","伟利楼","teaching","4","13.8","stone","#b1aa98","#d6d0bf","flat","0","#797c69","esri-pku","","","academic","main-entrance","","estimated","pending-field-check","osm|esri-world-imagery|pku-map|pku-visit|pku-photo|pku-commons","https://www.openstreetmap.org/way/568727714","https://commons.wikimedia.org/w/index.php?search=%E4%BC%9F%E5%88%A9%E6%A5%BC&title=Special:MediaSearch&type=image"
"way/568832327","pku","健斋","teaching","4","13.8","red-brick","#8b5a49","#d2c5ab","flat","0","#b4b3a1","esri-pku","","","academic","main-entrance","","estimated","pending-field-check","osm|esri-world-imagery|pku-map|pku-visit|pku-photo|pku-commons","https://www.openstreetmap.org/way/568832327","https://commons.wikimedia.org/w/index.php?search=%E5%81%A5%E6%96%8B&title=Special:MediaSearch&type=image"
"way/628032100","pku","未命名校园建筑 way/628032100","teaching","4","13.8","gray-brick","#8b8880","#d6d0bf","flat","0","#5e624d","esri-pku","","","academic","main-entrance","","estimated","pending-field-check","osm|esri-world-imagery|pku-map|pku-visit|pku-photo|pku-commons","https://www.openstreetmap.org/way/628032100","https://commons.wikimedia.org/w/index.php?search=%E6%9C%AA%E5%91%BD%E5%90%8D%E6%A0%A1%E5%9B%AD%E5%BB%BA%E7%AD%91%20way%2F628032100&title=Special:MediaSearch&type=image"
"way/628032101","pku","阿卜杜勒·阿齐兹国王公共图书馆北京大学分馆（古籍图书馆）","library","6","26.4","stone","#b1aa98","#d6d0bf","flat","0","#8a8a79","esri-pku","","","academic","library-wings","","estimated","pending-field-check","osm|esri-world-imagery|pku-map|pku-visit|pku-photo|pku-commons","https://www.openstreetmap.org/way/628032101","https://commons.wikimedia.org/w/index.php?search=%E9%98%BF%E5%8D%9C%E6%9D%9C%E5%8B%92%C2%B7%E9%98%BF%E9%BD%90%E5%85%B9%E5%9B%BD%E7%8E%8B%E5%85%AC%E5%85%B1%E5%9B%BE%E4%B9%A6%E9%A6%86%E5%8C%97%E4%BA%AC%E5%A4%A7%E5%AD%A6%E5%88%86%E9%A6%86%EF%BC%88%E5%8F%A4%E7%B1%8D%E5%9B%BE%E4%B9%A6%E9%A6%86%EF%BC%89&title=Special:MediaSearch&type=image"
"way/628032103","pku","生物标本馆","teaching","4","13.8","stone","#b1aa98","#d6d0bf","flat","0","#6c7261","esri-pku","","","academic","main-entrance","","estimated","pending-field-check","osm|esri-world-imagery|pku-map|pku-visit|pku-photo|pku-commons","https://www.openstreetmap.org/way/628032103","https://commons.wikimedia.org/w/index.php?search=%E7%94%9F%E7%89%A9%E6%A0%87%E6%9C%AC%E9%A6%86&title=Special:MediaSearch&type=image"
"way/656386276","pku","方楼","teaching","4","10","stone","#b1aa98","#d6d0bf","flat","0","#65695a","esri-pku","","","academic","main-entrance","","osm","verified-osm","osm|esri-world-imagery|pku-map|pku-visit|pku-photo|pku-commons","https://www.openstreetmap.org/way/656386276","https://commons.wikimedia.org/w/index.php?search=%E6%96%B9%E6%A5%BC&title=Special:MediaSearch&type=image"
"way/659826161","thu","工字厅","teaching","1","3.5","red-brick","#8b5a49","#d2c5ab","flat","0","#73725e","esri-thu","","","academic","main-entrance","","osm","verified-osm","osm|esri-world-imagery|thu-map|thu-landscape|thu-planning|thu-gallery|thu-commons","https://www.openstreetmap.org/way/659826161","https://commons.wikimedia.org/w/index.php?search=%E5%B7%A5%E5%AD%97%E5%8E%85&title=Special:MediaSearch&type=image"
"way/662609741","thu","刘卿楼（工物系新馆）","teaching","11","38","red-brick","#8b5a49","#d2c5ab","flat","0","#5f6150","esri-thu","","","academic","main-entrance","","osm","verified-osm","osm|esri-world-imagery|thu-map|thu-landscape|thu-planning|thu-gallery|thu-commons","https://www.openstreetmap.org/way/662609741","https://commons.wikimedia.org/w/index.php?search=%E5%88%98%E5%8D%BF%E6%A5%BC%EF%BC%88%E5%B7%A5%E7%89%A9%E7%B3%BB%E6%96%B0%E9%A6%86%EF%BC%89&title=Special:MediaSearch&type=image"
"way/679485570","pku","保护生物学楼","teaching","2","6.9","stone","#b1aa98","#d6d0bf","flat","0","#505343","esri-pku","","","academic","main-entrance","","osm","verified-osm","osm|esri-world-imagery|pku-map|pku-visit|pku-photo|pku-commons","https://www.openstreetmap.org/way/679485570","https://commons.wikimedia.org/w/index.php?search=%E4%BF%9D%E6%8A%A4%E7%94%9F%E7%89%A9%E5%AD%A6%E6%A5%BC&title=Special:MediaSearch&type=image"
"way/679485572","pku","保护生物学新楼","teaching","3","10.4","stone","#b1aa98","#d6d0bf","flat","0","#696c57","esri-pku","","","academic","main-entrance","","osm","verified-osm","osm|esri-world-imagery|pku-map|pku-visit|pku-photo|pku-commons","https://www.openstreetmap.org/way/679485572","https://commons.wikimedia.org/w/index.php?search=%E4%BF%9D%E6%8A%A4%E7%94%9F%E7%89%A9%E5%AD%A6%E6%96%B0%E6%A5%BC&title=Special:MediaSearch&type=image"
"way/679485574","pku","生物技术楼","teaching","2","6.9","stone","#b1aa98","#d6d0bf","flat","0","#5d5e4f","esri-pku","","","academic","main-entrance","11","osm","verified-osm","osm|esri-world-imagery|pku-map|pku-visit|pku-photo|pku-commons","https://www.openstreetmap.org/way/679485574","https://commons.wikimedia.org/w/index.php?search=%E7%94%9F%E7%89%A9%E6%8A%80%E6%9C%AF%E6%A5%BC&title=Special:MediaSearch&type=image"
"way/680594294","pku","燕园大厦","teaching","6","20.7","gray-brick","#8b8880","#d6d0bf","flat","0","#52574a","esri-pku","","","academic","main-entrance","","estimated","pending-field-check","osm|esri-world-imagery|pku-map|pku-visit|pku-photo|pku-commons","https://www.openstreetmap.org/way/680594294","https://commons.wikimedia.org/w/index.php?search=%E7%87%95%E5%9B%AD%E5%A4%A7%E5%8E%A6&title=Special:MediaSearch&type=image"
"way/743191144","thu","未命名校园建筑 way/743191144","teaching","4","13.8","gray-brick","#8b8880","#d6d0bf","flat","0","#535236","esri-thu","","","academic","main-entrance","","estimated","pending-field-check","osm|esri-world-imagery|thu-map|thu-landscape|thu-planning|thu-gallery|thu-commons","https://www.openstreetmap.org/way/743191144","https://commons.wikimedia.org/w/index.php?search=%E6%9C%AA%E5%91%BD%E5%90%8D%E6%A0%A1%E5%9B%AD%E5%BB%BA%E7%AD%91%20way%2F743191144&title=Special:MediaSearch&type=image"
"way/743595592","thu","未命名校园建筑 way/743595592","teaching","4","13.8","gray-brick","#8b8880","#d6d0bf","flat","0","#545a4c","esri-thu","","","academic","main-entrance","","estimated","pending-field-check","osm|esri-world-imagery|thu-map|thu-landscape|thu-planning|thu-gallery|thu-commons","https://www.openstreetmap.org/way/743595592","https://commons.wikimedia.org/w/index.php?search=%E6%9C%AA%E5%91%BD%E5%90%8D%E6%A0%A1%E5%9B%AD%E5%BB%BA%E7%AD%91%20way%2F743595592&title=Special:MediaSearch&type=image"
"way/743595593","thu","西配楼","teaching","4","13.8","red-brick","#8b5a49","#d2c5ab","flat","0","#717465","esri-thu","","","academic","main-entrance","","estimated","pending-field-check","osm|esri-world-imagery|thu-map|thu-landscape|thu-planning|thu-gallery|thu-commons","https://www.openstreetmap.org/way/743595593","https://commons.wikimedia.org/w/index.php?search=%E8%A5%BF%E9%85%8D%E6%A5%BC&title=Special:MediaSearch&type=image"
"way/743595594","thu","建筑馆新馆","teaching","4","13.8","red-brick","#8b5a49","#d2c5ab","flat","0","#757d6e","esri-thu","","","academic","main-entrance","","estimated","pending-field-check","osm|esri-world-imagery|thu-map|thu-landscape|thu-planning|thu-gallery|thu-commons","https://www.openstreetmap.org/way/743595594","https://commons.wikimedia.org/w/index.php?search=%E5%BB%BA%E7%AD%91%E9%A6%86%E6%96%B0%E9%A6%86&title=Special:MediaSearch&type=image"
"way/757329007","thu","生物医学馆","teaching","4","13.8","red-brick","#8b5a49","#d2c5ab","flat","0","#8e8e7b","esri-thu","","","academic","main-entrance","","estimated","pending-field-check","osm|esri-world-imagery|thu-map|thu-landscape|thu-planning|thu-gallery|thu-commons","https://www.openstreetmap.org/way/757329007","https://commons.wikimedia.org/w/index.php?search=%E7%94%9F%E7%89%A9%E5%8C%BB%E5%AD%A6%E9%A6%86&title=Special:MediaSearch&type=image"
"way/757329008","thu","郑裕彤医学楼","teaching","4","13.8","red-brick","#8b5a49","#d2c5ab","flat","0","#636351","esri-thu","","","academic","main-entrance","","estimated","pending-field-check","osm|esri-world-imagery|thu-map|thu-landscape|thu-planning|thu-gallery|thu-commons","https://www.openstreetmap.org/way/757329008","https://commons.wikimedia.org/w/index.php?search=%E9%83%91%E8%A3%95%E5%BD%A4%E5%8C%BB%E5%AD%A6%E6%A5%BC&title=Special:MediaSearch&type=image"
"way/757329010","thu","英士楼","teaching","4","13.8","red-brick","#8b5a49","#d2c5ab","flat","0","#716f5b","esri-thu","","","academic","main-entrance","","estimated","pending-field-check","osm|esri-world-imagery|thu-map|thu-landscape|thu-planning|thu-gallery|thu-commons","https://www.openstreetmap.org/way/757329010","https://commons.wikimedia.org/w/index.php?search=%E8%8B%B1%E5%A3%AB%E6%A5%BC&title=Special:MediaSearch&type=image"
"way/757329011","thu","伟清楼","teaching","4","13.8","red-brick","#8b5a49","#d2c5ab","flat","0","#747463","esri-thu","","","academic","main-entrance","","estimated","pending-field-check","osm|esri-world-imagery|thu-map|thu-landscape|thu-planning|thu-gallery|thu-commons","https://www.openstreetmap.org/way/757329011","https://commons.wikimedia.org/w/index.php?search=%E4%BC%9F%E6%B8%85%E6%A5%BC&title=Special:MediaSearch&type=image"
"way/757477174","thu","修缮校园管理中心（供热中心）","teaching","6","20.7","gray-brick","#8b8880","#d6d0bf","flat","0","#787968","esri-thu","","","academic","main-entrance","","estimated","pending-field-check","osm|esri-world-imagery|thu-map|thu-landscape|thu-planning|thu-gallery|thu-commons","https://www.openstreetmap.org/way/757477174","https://commons.wikimedia.org/w/index.php?search=%E4%BF%AE%E7%BC%AE%E6%A0%A1%E5%9B%AD%E7%AE%A1%E7%90%86%E4%B8%AD%E5%BF%83%EF%BC%88%E4%BE%9B%E7%83%AD%E4%B8%AD%E5%BF%83%EF%BC%89&title=Special:MediaSearch&type=image"
"way/783033431","pku","经济学院","teaching","6","20.7","stone","#b1aa98","#d6d0bf","flat","0","#808676","esri-pku","","","academic","main-entrance","13","estimated","pending-field-check","osm|esri-world-imagery|pku-map|pku-visit|pku-photo|pku-commons","https://www.openstreetmap.org/way/783033431","https://commons.wikimedia.org/w/index.php?search=%E7%BB%8F%E6%B5%8E%E5%AD%A6%E9%99%A2&title=Special:MediaSearch&type=image"
"way/79696955","thu","紫荆9号楼","dorm","7","24.2","red-brick","#8b5a49","#d2c5ab","flat","0","#898f85","esri-thu","","","dormitory","repeated-bays","55","osm","verified-osm","osm|esri-world-imagery|thu-map|thu-landscape|thu-planning|thu-gallery|thu-commons","https://www.openstreetmap.org/way/79696955","https://commons.wikimedia.org/w/index.php?search=%E7%B4%AB%E8%8D%869%E5%8F%B7%E6%A5%BC&title=Special:MediaSearch&type=image"
"way/79696956","thu","紫荆学生公寓10号楼","dorm","7","24.2","red-brick","#8b5a49","#d2c5ab","flat","0","#96a090","esri-thu","","","dormitory","repeated-bays","","osm","verified-osm","osm|esri-world-imagery|thu-map|thu-landscape|thu-planning|thu-gallery|thu-commons","https://www.openstreetmap.org/way/79696956","https://commons.wikimedia.org/w/index.php?search=%E7%B4%AB%E8%8D%86%E5%AD%A6%E7%94%9F%E5%85%AC%E5%AF%9310%E5%8F%B7%E6%A5%BC&title=Special:MediaSearch&type=image"
"way/79696957","thu","紫荆学生公寓11号楼","dorm","7","24.2","red-brick","#8b5a49","#d2c5ab","flat","0","#a6a795","esri-thu","","","dormitory","repeated-bays","94","osm","verified-osm","osm|esri-world-imagery|thu-map|thu-landscape|thu-planning|thu-gallery|thu-commons","https://www.openstreetmap.org/way/79696957","https://commons.wikimedia.org/w/index.php?search=%E7%B4%AB%E8%8D%86%E5%AD%A6%E7%94%9F%E5%85%AC%E5%AF%9311%E5%8F%B7%E6%A5%BC&title=Special:MediaSearch&type=image"
"way/79696958","thu","紫荆学生公寓12号楼","dorm","7","24.2","red-brick","#8b5a49","#d2c5ab","flat","0","#a3a79a","esri-thu","","","dormitory","repeated-bays","95","osm","verified-osm","osm|esri-world-imagery|thu-map|thu-landscape|thu-planning|thu-gallery|thu-commons","https://www.openstreetmap.org/way/79696958","https://commons.wikimedia.org/w/index.php?search=%E7%B4%AB%E8%8D%86%E5%AD%A6%E7%94%9F%E5%85%AC%E5%AF%9312%E5%8F%B7%E6%A5%BC&title=Special:MediaSearch&type=image"
"way/79696959","thu","紫荆学生公寓13号楼","dorm","7","24.2","red-brick","#8b5a49","#d2c5ab","flat","0","#939485","esri-thu","","","dormitory","repeated-bays","96","osm","verified-osm","osm|esri-world-imagery|thu-map|thu-landscape|thu-planning|thu-gallery|thu-commons","https://www.openstreetmap.org/way/79696959","https://commons.wikimedia.org/w/index.php?search=%E7%B4%AB%E8%8D%86%E5%AD%A6%E7%94%9F%E5%85%AC%E5%AF%9313%E5%8F%B7%E6%A5%BC&title=Special:MediaSearch&type=image"
"way/79696964","thu","紫荆学生公寓4号楼","dorm","7","24.2","red-brick","#8b5a49","#d2c5ab","flat","0","#66473c","esri-thu","","","dormitory","repeated-bays","97","osm","verified-osm","osm|esri-world-imagery|thu-map|thu-landscape|thu-planning|thu-gallery|thu-commons","https://www.openstreetmap.org/way/79696964","https://commons.wikimedia.org/w/index.php?search=%E7%B4%AB%E8%8D%86%E5%AD%A6%E7%94%9F%E5%85%AC%E5%AF%934%E5%8F%B7%E6%A5%BC&title=Special:MediaSearch&type=image"
"way/79696965","thu","紫荆学生公寓5号楼","dorm","7","24.2","red-brick","#8b5a49","#d2c5ab","flat","0","#6a4a3f","esri-thu","","","dormitory","repeated-bays","98","osm","verified-osm","osm|esri-world-imagery|thu-map|thu-landscape|thu-planning|thu-gallery|thu-commons","https://www.openstreetmap.org/way/79696965","https://commons.wikimedia.org/w/index.php?search=%E7%B4%AB%E8%8D%86%E5%AD%A6%E7%94%9F%E5%85%AC%E5%AF%935%E5%8F%B7%E6%A5%BC&title=Special:MediaSearch&type=image"
"way/79696966","thu","紫荆6号楼","dorm","7","24.2","red-brick","#8b5a49","#d2c5ab","flat","0","#6d4739","esri-thu","","","dormitory","repeated-bays","54","osm","verified-osm","osm|esri-world-imagery|thu-map|thu-landscape|thu-planning|thu-gallery|thu-commons","https://www.openstreetmap.org/way/79696966","https://commons.wikimedia.org/w/index.php?search=%E7%B4%AB%E8%8D%866%E5%8F%B7%E6%A5%BC&title=Special:MediaSearch&type=image"
"way/79696968","thu","紫荆学生公寓7号楼","dorm","7","24.2","red-brick","#8b5a49","#d2c5ab","flat","0","#673a32","esri-thu","","","dormitory","repeated-bays","99","osm","verified-osm","osm|esri-world-imagery|thu-map|thu-landscape|thu-planning|thu-gallery|thu-commons","https://www.openstreetmap.org/way/79696968","https://commons.wikimedia.org/w/index.php?search=%E7%B4%AB%E8%8D%86%E5%AD%A6%E7%94%9F%E5%85%AC%E5%AF%937%E5%8F%B7%E6%A5%BC&title=Special:MediaSearch&type=image"
"way/79696969","thu","紫荆学生公寓8号楼","dorm","7","24.2","red-brick","#8b5a49","#d2c5ab","flat","0","#828c81","esri-thu","","","dormitory","repeated-bays","100","osm","verified-osm","osm|esri-world-imagery|thu-map|thu-landscape|thu-planning|thu-gallery|thu-commons","https://www.openstreetmap.org/way/79696969","https://commons.wikimedia.org/w/index.php?search=%E7%B4%AB%E8%8D%86%E5%AD%A6%E7%94%9F%E5%85%AC%E5%AF%938%E5%8F%B7%E6%A5%BC&title=Special:MediaSearch&type=image"
"way/79696970","thu","清华紫荆园餐厅","dining","3","12.6","gray-brick","#8b8880","#d6d0bf","flat","0","#74796c","esri-thu","","","dining-hall","entrance-canopy","61","estimated","pending-field-check","osm|esri-world-imagery|thu-map|thu-landscape|thu-planning|thu-gallery|thu-commons","https://www.openstreetmap.org/way/79696970","https://commons.wikimedia.org/w/index.php?search=%E6%B8%85%E5%8D%8E%E7%B4%AB%E8%8D%86%E5%9B%AD%E9%A4%90%E5%8E%85&title=Special:MediaSearch&type=image"
"way/79696971","thu","清华桃李园餐厅","dining","3","12.6","gray-brick","#8b8880","#d6d0bf","flat","0","#81826e","esri-thu","","","dining-hall","entrance-canopy","62","estimated","pending-field-check","osm|esri-world-imagery|thu-map|thu-landscape|thu-planning|thu-gallery|thu-commons","https://www.openstreetmap.org/way/79696971","https://commons.wikimedia.org/w/index.php?search=%E6%B8%85%E5%8D%8E%E6%A1%83%E6%9D%8E%E5%9B%AD%E9%A4%90%E5%8E%85&title=Special:MediaSearch&type=image"
"way/79696972","thu","紫荆1号楼","dorm","7","24.2","red-brick","#8b5a49","#d2c5ab","flat","0","#606961","esri-thu","","","dormitory","repeated-bays","51","osm","verified-osm","osm|esri-world-imagery|thu-map|thu-landscape|thu-planning|thu-gallery|thu-commons","https://www.openstreetmap.org/way/79696972","https://commons.wikimedia.org/w/index.php?search=%E7%B4%AB%E8%8D%861%E5%8F%B7%E6%A5%BC&title=Special:MediaSearch&type=image"
"way/79696973","thu","紫荆2号楼","dorm","7","24.2","red-brick","#8b5a49","#d2c5ab","flat","0","#4a5751","esri-thu","","","dormitory","repeated-bays","52","osm","verified-osm","osm|esri-world-imagery|thu-map|thu-landscape|thu-planning|thu-gallery|thu-commons","https://www.openstreetmap.org/way/79696973","https://commons.wikimedia.org/w/index.php?search=%E7%B4%AB%E8%8D%862%E5%8F%B7%E6%A5%BC&title=Special:MediaSearch&type=image"
"way/79696974","thu","紫荆3号楼","dorm","7","24.2","red-brick","#8b5a49","#d2c5ab","flat","0","#525a52","esri-thu","","","dormitory","repeated-bays","53","osm","verified-osm","osm|esri-world-imagery|thu-map|thu-landscape|thu-planning|thu-gallery|thu-commons","https://www.openstreetmap.org/way/79696974","https://commons.wikimedia.org/w/index.php?search=%E7%B4%AB%E8%8D%863%E5%8F%B7%E6%A5%BC&title=Special:MediaSearch&type=image"
"way/79697037","thu","C楼 - 学生服务中心","teaching","4","13.8","glass","#7896a2","#a7babd","flat","0","#676c59","esri-thu","","","academic","main-entrance","","osm","verified-osm","osm|esri-world-imagery|thu-map|thu-landscape|thu-planning|thu-gallery|thu-commons","https://www.openstreetmap.org/way/79697037","https://commons.wikimedia.org/w/index.php?search=C%E6%A5%BC%20-%20%E5%AD%A6%E7%94%9F%E6%9C%8D%E5%8A%A1%E4%B8%AD%E5%BF%83&title=Special:MediaSearch&type=image"
"way/79698948","thu","紫荆学生公寓19号楼","dorm","11","38","red-brick","#8b5a49","#d2c5ab","flat","0","#77745e","esri-thu","","","dormitory","repeated-bays","101","osm","verified-osm","osm|esri-world-imagery|thu-map|thu-landscape|thu-planning|thu-gallery|thu-commons","https://www.openstreetmap.org/way/79698948","https://commons.wikimedia.org/w/index.php?search=%E7%B4%AB%E8%8D%86%E5%AD%A6%E7%94%9F%E5%85%AC%E5%AF%9319%E5%8F%B7%E6%A5%BC&title=Special:MediaSearch&type=image"
"way/79698950","thu","紫荆学生公寓20号楼","dorm","11","38","red-brick","#8b5a49","#d2c5ab","flat","0","#929889","esri-thu","","","dormitory","repeated-bays","102","osm","verified-osm","osm|esri-world-imagery|thu-map|thu-landscape|thu-planning|thu-gallery|thu-commons","https://www.openstreetmap.org/way/79698950","https://commons.wikimedia.org/w/index.php?search=%E7%B4%AB%E8%8D%86%E5%AD%A6%E7%94%9F%E5%85%AC%E5%AF%9320%E5%8F%B7%E6%A5%BC&title=Special:MediaSearch&type=image"
"way/79698952","thu","紫荆学生公寓21号楼","dorm","11","38","red-brick","#8b5a49","#d2c5ab","flat","0","#58604c","esri-thu","","","dormitory","repeated-bays","103","osm","verified-osm","osm|esri-world-imagery|thu-map|thu-landscape|thu-planning|thu-gallery|thu-commons","https://www.openstreetmap.org/way/79698952","https://commons.wikimedia.org/w/index.php?search=%E7%B4%AB%E8%8D%86%E5%AD%A6%E7%94%9F%E5%85%AC%E5%AF%9321%E5%8F%B7%E6%A5%BC&title=Special:MediaSearch&type=image"
"way/79698956","thu","紫荆学生公寓22号楼","dorm","11","38","red-brick","#8b5a49","#d2c5ab","flat","0","#676955","esri-thu","","","dormitory","repeated-bays","104","osm","verified-osm","osm|esri-world-imagery|thu-map|thu-landscape|thu-planning|thu-gallery|thu-commons","https://www.openstreetmap.org/way/79698956","https://commons.wikimedia.org/w/index.php?search=%E7%B4%AB%E8%8D%86%E5%AD%A6%E7%94%9F%E5%85%AC%E5%AF%9322%E5%8F%B7%E6%A5%BC&title=Special:MediaSearch&type=image"
"way/79698958","thu","紫荆学生公寓23号楼","dorm","11","38","red-brick","#8b5a49","#d2c5ab","flat","0","#706f59","esri-thu","","","dormitory","repeated-bays","105","osm","verified-osm","osm|esri-world-imagery|thu-map|thu-landscape|thu-planning|thu-gallery|thu-commons","https://www.openstreetmap.org/way/79698958","https://commons.wikimedia.org/w/index.php?search=%E7%B4%AB%E8%8D%86%E5%AD%A6%E7%94%9F%E5%85%AC%E5%AF%9323%E5%8F%B7%E6%A5%BC&title=Special:MediaSearch&type=image"
"way/79698971","thu","紫荆学生公寓15号楼","dorm","11","38","red-brick","#8b5a49","#d2c5ab","flat","0","#858775","esri-thu","","","dormitory","repeated-bays","106","estimated","pending-field-check","osm|esri-world-imagery|thu-map|thu-landscape|thu-planning|thu-gallery|thu-commons","https://www.openstreetmap.org/way/79698971","https://commons.wikimedia.org/w/index.php?search=%E7%B4%AB%E8%8D%86%E5%AD%A6%E7%94%9F%E5%85%AC%E5%AF%9315%E5%8F%B7%E6%A5%BC&title=Special:MediaSearch&type=image"
"way/79698988","thu","紫荆学生公寓18号楼","dorm","11","38","red-brick","#8b5a49","#d2c5ab","flat","0","#6c705e","esri-thu","","","dormitory","repeated-bays","107","estimated","pending-field-check","osm|esri-world-imagery|thu-map|thu-landscape|thu-planning|thu-gallery|thu-commons","https://www.openstreetmap.org/way/79698988","https://commons.wikimedia.org/w/index.php?search=%E7%B4%AB%E8%8D%86%E5%AD%A6%E7%94%9F%E5%85%AC%E5%AF%9318%E5%8F%B7%E6%A5%BC&title=Special:MediaSearch&type=image"
"way/79699801","thu","陈明游泳馆","sports","2","9.6","red-brick","#8b5a49","#d2c5ab","flat","0","#989880","esri-thu","","","academic","main-entrance","","estimated","pending-field-check","osm|esri-world-imagery|thu-map|thu-landscape|thu-planning|thu-gallery|thu-commons","https://www.openstreetmap.org/way/79699801","https://commons.wikimedia.org/w/index.php?search=%E9%99%88%E6%98%8E%E6%B8%B8%E6%B3%B3%E9%A6%86&title=Special:MediaSearch&type=image"
"way/79699802","thu","工物馆","teaching","4","13.8","red-brick","#8b5a49","#d2c5ab","flat","0","#6e705c","esri-thu","","","academic","main-entrance","","estimated","pending-field-check","osm|esri-world-imagery|thu-map|thu-landscape|thu-planning|thu-gallery|thu-commons","https://www.openstreetmap.org/way/79699802","https://commons.wikimedia.org/w/index.php?search=%E5%B7%A5%E7%89%A9%E9%A6%86&title=Special:MediaSearch&type=image"
"way/79699845","thu","主楼","teaching","10","40","stone","#b8ae99","#ddd4bf","flat","0","#66584b","esri-thu","270","","central-main","central-tower|four-skybridges|classical-portal","45","official","verified-official","osm|esri-world-imagery|thu-map|thu-landscape|thu-planning|thu-gallery|thu-commons|thu-main","https://www.openstreetmap.org/way/79699845","https://commons.wikimedia.org/w/index.php?search=%E4%B8%BB%E6%A5%BC&title=Special:MediaSearch&type=image"
"way/79699846","thu","西主楼","teaching","10","34.5","red-brick","#8b5a49","#d2c5ab","flat","0","#6a6d5c","esri-thu","","","academic","main-entrance","","estimated","pending-field-check","osm|esri-world-imagery|thu-map|thu-landscape|thu-planning|thu-gallery|thu-commons","https://www.openstreetmap.org/way/79699846","https://commons.wikimedia.org/w/index.php?search=%E8%A5%BF%E4%B8%BB%E6%A5%BC&title=Special:MediaSearch&type=image"
"way/79699857","thu","未命名校园建筑 way/79699857","teaching","4","13.8","gray-brick","#8b8880","#d6d0bf","flat","0","#4c5241","esri-thu","","","academic","main-entrance","","estimated","pending-field-check","osm|esri-world-imagery|thu-map|thu-landscape|thu-planning|thu-gallery|thu-commons","https://www.openstreetmap.org/way/79699857","https://commons.wikimedia.org/w/index.php?search=%E6%9C%AA%E5%91%BD%E5%90%8D%E6%A0%A1%E5%9B%AD%E5%BB%BA%E7%AD%91%20way%2F79699857&title=Special:MediaSearch&type=image"
"way/79699858","thu","未命名校园建筑 way/79699858","teaching","4","13.8","gray-brick","#8b8880","#d6d0bf","flat","0","#586556","esri-thu","","","academic","main-entrance","","estimated","pending-field-check","osm|esri-world-imagery|thu-map|thu-landscape|thu-planning|thu-gallery|thu-commons","https://www.openstreetmap.org/way/79699858","https://commons.wikimedia.org/w/index.php?search=%E6%9C%AA%E5%91%BD%E5%90%8D%E6%A0%A1%E5%9B%AD%E5%BB%BA%E7%AD%91%20way%2F79699858&title=Special:MediaSearch&type=image"
"way/79699868","thu","未命名校园建筑 way/79699868","teaching","4","13.8","gray-brick","#8b8880","#d6d0bf","flat","0","#4b4f40","esri-thu","","","academic","main-entrance","","estimated","pending-field-check","osm|esri-world-imagery|thu-map|thu-landscape|thu-planning|thu-gallery|thu-commons","https://www.openstreetmap.org/way/79699868","https://commons.wikimedia.org/w/index.php?search=%E6%9C%AA%E5%91%BD%E5%90%8D%E6%A0%A1%E5%9B%AD%E5%BB%BA%E7%AD%91%20way%2F79699868&title=Special:MediaSearch&type=image"
"way/79700258","thu","文南楼","teaching","4","13.8","red-brick","#8b5a49","#d2c5ab","flat","0","#606453","esri-thu","","","academic","main-entrance","","estimated","pending-field-check","osm|esri-world-imagery|thu-map|thu-landscape|thu-planning|thu-gallery|thu-commons","https://www.openstreetmap.org/way/79700258","https://commons.wikimedia.org/w/index.php?search=%E6%96%87%E5%8D%97%E6%A5%BC&title=Special:MediaSearch&type=image"
"way/79700261","thu","第四教学楼","teaching","4","13.8","red-brick","#8b5a49","#d2c5ab","flat","0","#6b6e5e","esri-thu","","","academic","main-entrance","108","estimated","pending-field-check","osm|esri-world-imagery|thu-map|thu-landscape|thu-planning|thu-gallery|thu-commons","https://www.openstreetmap.org/way/79700261","https://commons.wikimedia.org/w/index.php?search=%E7%AC%AC%E5%9B%9B%E6%95%99%E5%AD%A6%E6%A5%BC&title=Special:MediaSearch&type=image"
"way/79701097","thu","第三教学楼三段","teaching","3","10.4","red-brick","#8b5a49","#d2c5ab","flat","0","#ada994","esri-thu","","","academic","main-entrance","109","osm","verified-osm","osm|esri-world-imagery|thu-map|thu-landscape|thu-planning|thu-gallery|thu-commons","https://www.openstreetmap.org/way/79701097","https://commons.wikimedia.org/w/index.php?search=%E7%AC%AC%E4%B8%89%E6%95%99%E5%AD%A6%E6%A5%BC%E4%B8%89%E6%AE%B5&title=Special:MediaSearch&type=image"
"way/79701105","thu","第五教学楼","teaching","4","13.8","red-brick","#8b5a49","#d2c5ab","flat","0","#bbb6a2","esri-thu","","","academic","main-entrance","110","estimated","pending-field-check","osm|esri-world-imagery|thu-map|thu-landscape|thu-planning|thu-gallery|thu-commons","https://www.openstreetmap.org/way/79701105","https://commons.wikimedia.org/w/index.php?search=%E7%AC%AC%E4%BA%94%E6%95%99%E5%AD%A6%E6%A5%BC&title=Special:MediaSearch&type=image"
"way/79701106","thu","六教","teaching","4","13.8","red-brick","#8b5a49","#d2c5ab","flat","0","#727867","esri-thu","","","academic","main-entrance","46","estimated","pending-field-check","osm|esri-world-imagery|thu-map|thu-landscape|thu-planning|thu-gallery|thu-commons","https://www.openstreetmap.org/way/79701106","https://commons.wikimedia.org/w/index.php?search=%E5%85%AD%E6%95%99&title=Special:MediaSearch&type=image"
"way/79701107","thu","第六教学楼C区","teaching","4","13.8","red-brick","#8b5a49","#d2c5ab","flat","0","#bcb39c","esri-thu","","","academic","main-entrance","","estimated","pending-field-check","osm|esri-world-imagery|thu-map|thu-landscape|thu-planning|thu-gallery|thu-commons","https://www.openstreetmap.org/way/79701107","https://commons.wikimedia.org/w/index.php?search=%E7%AC%AC%E5%85%AD%E6%95%99%E5%AD%A6%E6%A5%BCC%E5%8C%BA&title=Special:MediaSearch&type=image"
"way/79701125","thu","第三教学楼一、二段","teaching","4","13.8","red-brick","#8b5a49","#d2c5ab","flat","0","#a29f89","esri-thu","","","academic","main-entrance","111","estimated","pending-field-check","osm|esri-world-imagery|thu-map|thu-landscape|thu-planning|thu-gallery|thu-commons","https://www.openstreetmap.org/way/79701125","https://commons.wikimedia.org/w/index.php?search=%E7%AC%AC%E4%B8%89%E6%95%99%E5%AD%A6%E6%A5%BC%E4%B8%80%E3%80%81%E4%BA%8C%E6%AE%B5&title=Special:MediaSearch&type=image"
"way/79701306","thu","第一教学楼","teaching","3","10.4","red-brick","#8b5a49","#d2c5ab","flat","0","#949079","esri-thu","","","academic","main-entrance","","osm","verified-osm","osm|esri-world-imagery|thu-map|thu-landscape|thu-planning|thu-gallery|thu-commons","https://www.openstreetmap.org/way/79701306","https://commons.wikimedia.org/w/index.php?search=%E7%AC%AC%E4%B8%80%E6%95%99%E5%AD%A6%E6%A5%BC&title=Special:MediaSearch&type=image"
"way/79701309","thu","第二教学楼","teaching","4","13.8","red-brick","#8b5a49","#d2c5ab","flat","0","#707261","esri-thu","","","academic","main-entrance","","estimated","pending-field-check","osm|esri-world-imagery|thu-map|thu-landscape|thu-planning|thu-gallery|thu-commons","https://www.openstreetmap.org/way/79701309","https://commons.wikimedia.org/w/index.php?search=%E7%AC%AC%E4%BA%8C%E6%95%99%E5%AD%A6%E6%A5%BC&title=Special:MediaSearch&type=image"
"way/79701310","thu","科学馆","teaching","3","17","red-brick","#87483b","#ded7c7","flat","0","#5d5147","esri-thu","180","","historic-science","classical-portal|symmetrical-wings","44","official","verified-official","osm|esri-world-imagery|thu-map|thu-landscape|thu-planning|thu-gallery|thu-commons","https://www.openstreetmap.org/way/79701310","https://commons.wikimedia.org/w/index.php?search=%E7%A7%91%E5%AD%A6%E9%A6%86&title=Special:MediaSearch&type=image"
"way/79793748","thu","33-34号楼","dorm","6","20.7","red-brick","#8b5a49","#d2c5ab","flat","0","#5b6150","esri-thu","","","dormitory","repeated-bays","","estimated","pending-field-check","osm|esri-world-imagery|thu-map|thu-landscape|thu-planning|thu-gallery|thu-commons","https://www.openstreetmap.org/way/79793748","https://commons.wikimedia.org/w/index.php?search=33-34%E5%8F%B7%E6%A5%BC&title=Special:MediaSearch&type=image"
"way/79793749","thu","31-32号楼","dorm","6","20.7","red-brick","#8b5a49","#d2c5ab","flat","0","#5d6352","esri-thu","","","dormitory","repeated-bays","","estimated","pending-field-check","osm|esri-world-imagery|thu-map|thu-landscape|thu-planning|thu-gallery|thu-commons","https://www.openstreetmap.org/way/79793749","https://commons.wikimedia.org/w/index.php?search=31-32%E5%8F%B7%E6%A5%BC&title=Special:MediaSearch&type=image"
"way/79793750","thu","37号楼","dorm","6","20.7","red-brick","#8b5a49","#d2c5ab","flat","0","#666856","esri-thu","","","dormitory","repeated-bays","","estimated","pending-field-check","osm|esri-world-imagery|thu-map|thu-landscape|thu-planning|thu-gallery|thu-commons","https://www.openstreetmap.org/way/79793750","https://commons.wikimedia.org/w/index.php?search=37%E5%8F%B7%E6%A5%BC&title=Special:MediaSearch&type=image"
"way/79793751","thu","35-36号楼","dorm","6","20.7","red-brick","#8b5a49","#d2c5ab","flat","0","#6b6e5c","esri-thu","","","dormitory","repeated-bays","","estimated","pending-field-check","osm|esri-world-imagery|thu-map|thu-landscape|thu-planning|thu-gallery|thu-commons","https://www.openstreetmap.org/way/79793751","https://commons.wikimedia.org/w/index.php?search=35-36%E5%8F%B7%E6%A5%BC&title=Special:MediaSearch&type=image"
"way/80320310","thu","9003大楼","teaching","5","17.3","red-brick","#8b5a49","#d2c5ab","flat","0","#7d806f","esri-thu","","","academic","main-entrance","","osm","verified-osm","osm|esri-world-imagery|thu-map|thu-landscape|thu-planning|thu-gallery|thu-commons","https://www.openstreetmap.org/way/80320310","https://commons.wikimedia.org/w/index.php?search=9003%E5%A4%A7%E6%A5%BC&title=Special:MediaSearch&type=image"
"way/80341564","thu","清西文化购物长廊","teaching","2","6.9","red-brick","#8b5a49","#d2c5ab","flat","0","#72705c","esri-thu","","","academic","main-entrance","","osm","verified-osm","osm|esri-world-imagery|thu-map|thu-landscape|thu-planning|thu-gallery|thu-commons","https://www.openstreetmap.org/way/80341564","https://commons.wikimedia.org/w/index.php?search=%E6%B8%85%E8%A5%BF%E6%96%87%E5%8C%96%E8%B4%AD%E7%89%A9%E9%95%BF%E5%BB%8A&title=Special:MediaSearch&type=image"
"way/80341746","thu","学生文化活动中心（蒙民伟楼）","teaching","6","20.7","glass","#7896a2","#a7babd","flat","0","#5e6251","esri-thu","","","academic","main-entrance","","estimated","pending-field-check","osm|esri-world-imagery|thu-map|thu-landscape|thu-planning|thu-gallery|thu-commons","https://www.openstreetmap.org/way/80341746","https://commons.wikimedia.org/w/index.php?search=%E5%AD%A6%E7%94%9F%E6%96%87%E5%8C%96%E6%B4%BB%E5%8A%A8%E4%B8%AD%E5%BF%83%EF%BC%88%E8%92%99%E6%B0%91%E4%BC%9F%E6%A5%BC%EF%BC%89&title=Special:MediaSearch&type=image"
"way/80341870","thu","泥沙实验室","teaching","4","13.8","red-brick","#8b5a49","#d2c5ab","flat","0","#656653","esri-thu","","","academic","main-entrance","112","estimated","pending-field-check","osm|esri-world-imagery|thu-map|thu-landscape|thu-planning|thu-gallery|thu-commons","https://www.openstreetmap.org/way/80341870","https://commons.wikimedia.org/w/index.php?search=%E6%B3%A5%E6%B2%99%E5%AE%9E%E9%AA%8C%E5%AE%A4&title=Special:MediaSearch&type=image"
"way/80341905","thu","15号楼","dorm","6","20.7","red-brick","#8b5a49","#d2c5ab","flat","0","#848277","esri-thu","","","dormitory","repeated-bays","","estimated","pending-field-check","osm|esri-world-imagery|thu-map|thu-landscape|thu-planning|thu-gallery|thu-commons","https://www.openstreetmap.org/way/80341905","https://commons.wikimedia.org/w/index.php?search=15%E5%8F%B7%E6%A5%BC&title=Special:MediaSearch&type=image"
"way/80341983","thu","明理楼 （法学院）","teaching","6","20.7","red-brick","#8b5a49","#d2c5ab","flat","0","#646957","esri-thu","","","academic","main-entrance","113","estimated","pending-field-check","osm|esri-world-imagery|thu-map|thu-landscape|thu-planning|thu-gallery|thu-commons","https://www.openstreetmap.org/way/80341983","https://commons.wikimedia.org/w/index.php?search=%E6%98%8E%E7%90%86%E6%A5%BC%20%EF%BC%88%E6%B3%95%E5%AD%A6%E9%99%A2%EF%BC%89&title=Special:MediaSearch&type=image"
"way/80342017","thu","建筑馆","teaching","5","17.3","red-brick","#8b5a49","#d2c5ab","flat","0","#777967","esri-thu","","","academic","main-entrance","114","osm","verified-osm","osm|esri-world-imagery|thu-map|thu-landscape|thu-planning|thu-gallery|thu-commons","https://www.openstreetmap.org/way/80342017","https://commons.wikimedia.org/w/index.php?search=%E5%BB%BA%E7%AD%91%E9%A6%86&title=Special:MediaSearch&type=image"
"way/80342046","thu","清华听涛园餐厅","dining","3","12.6","gray-brick","#8b8880","#d6d0bf","flat","0","#6d6b58","esri-thu","","","dining-hall","entrance-canopy","65","estimated","pending-field-check","osm|esri-world-imagery|thu-map|thu-landscape|thu-planning|thu-gallery|thu-commons","https://www.openstreetmap.org/way/80342046","https://commons.wikimedia.org/w/index.php?search=%E6%B8%85%E5%8D%8E%E5%90%AC%E6%B6%9B%E5%9B%AD%E9%A4%90%E5%8E%85&title=Special:MediaSearch&type=image"
"way/80342091","thu","丁香园餐厅","dining","3","12.6","gray-brick","#8b8880","#d6d0bf","flat","0","#5e5c49","esri-thu","","","dining-hall","entrance-canopy","","estimated","pending-field-check","osm|esri-world-imagery|thu-map|thu-landscape|thu-planning|thu-gallery|thu-commons","https://www.openstreetmap.org/way/80342091","https://commons.wikimedia.org/w/index.php?search=%E4%B8%81%E9%A6%99%E5%9B%AD%E9%A4%90%E5%8E%85&title=Special:MediaSearch&type=image"
"way/80342199","thu","节水科研教育基地","teaching","4","13.8","red-brick","#8b5a49","#d2c5ab","flat","0","#bebca6","esri-thu","","","academic","main-entrance","115","estimated","pending-field-check","osm|esri-world-imagery|thu-map|thu-landscape|thu-planning|thu-gallery|thu-commons","https://www.openstreetmap.org/way/80342199","https://commons.wikimedia.org/w/index.php?search=%E8%8A%82%E6%B0%B4%E7%A7%91%E7%A0%94%E6%95%99%E8%82%B2%E5%9F%BA%E5%9C%B0&title=Special:MediaSearch&type=image"
"way/80716194","thu","射击馆","teaching","4","13.8","red-brick","#8b5a49","#d2c5ab","flat","0","#bebeb1","esri-thu","","","academic","main-entrance","","estimated","pending-field-check","osm|esri-world-imagery|thu-map|thu-landscape|thu-planning|thu-gallery|thu-commons","https://www.openstreetmap.org/way/80716194","https://commons.wikimedia.org/w/index.php?search=%E5%B0%84%E5%87%BB%E9%A6%86&title=Special:MediaSearch&type=image"
"way/80716195","thu","12号楼","dorm","6","20.7","red-brick","#8b5a49","#d2c5ab","flat","0","#8c826f","esri-thu","","","dormitory","repeated-bays","","estimated","pending-field-check","osm|esri-world-imagery|thu-map|thu-landscape|thu-planning|thu-gallery|thu-commons","https://www.openstreetmap.org/way/80716195","https://commons.wikimedia.org/w/index.php?search=12%E5%8F%B7%E6%A5%BC&title=Special:MediaSearch&type=image"
"way/80716519","thu","校医院","teaching","4","13.8","red-brick","#8b5a49","#d2c5ab","flat","0","#656a5a","esri-thu","","","academic","main-entrance","50","estimated","pending-field-check","osm|esri-world-imagery|thu-map|thu-landscape|thu-planning|thu-gallery|thu-commons","https://www.openstreetmap.org/way/80716519","https://commons.wikimedia.org/w/index.php?search=%E6%A0%A1%E5%8C%BB%E9%99%A2&title=Special:MediaSearch&type=image"
"way/80716523","thu","近春园宾馆","teaching","4","13.8","gray-brick","#8b8880","#d6d0bf","flat","0","#756d58","esri-thu","","","academic","main-entrance","","estimated","pending-field-check","osm|esri-world-imagery|thu-map|thu-landscape|thu-planning|thu-gallery|thu-commons","https://www.openstreetmap.org/way/80716523","https://commons.wikimedia.org/w/index.php?search=%E8%BF%91%E6%98%A5%E5%9B%AD%E5%AE%BE%E9%A6%86&title=Special:MediaSearch&type=image"
"way/80716732","thu","西阶梯教室","teaching","4","13.8","red-brick","#8b5a49","#d2c5ab","flat","0","#4c4a3d","esri-thu","","","academic","main-entrance","","estimated","pending-field-check","osm|esri-world-imagery|thu-map|thu-landscape|thu-planning|thu-gallery|thu-commons","https://www.openstreetmap.org/way/80716732","https://commons.wikimedia.org/w/index.php?search=%E8%A5%BF%E9%98%B6%E6%A2%AF%E6%95%99%E5%AE%A4&title=Special:MediaSearch&type=image"
"way/80716744","thu","清华-苏伊士环境 环境科学与工程实验实践教学中心","teaching","6","20.7","glass","#7896a2","#a7babd","flat","0","#6e7362","esri-thu","","","academic","main-entrance","","estimated","pending-field-check","osm|esri-world-imagery|thu-map|thu-landscape|thu-planning|thu-gallery|thu-commons","https://www.openstreetmap.org/way/80716744","https://commons.wikimedia.org/w/index.php?search=%E6%B8%85%E5%8D%8E-%E8%8B%8F%E4%BC%8A%E5%A3%AB%E7%8E%AF%E5%A2%83%20%E7%8E%AF%E5%A2%83%E7%A7%91%E5%AD%A6%E4%B8%8E%E5%B7%A5%E7%A8%8B%E5%AE%9E%E9%AA%8C%E5%AE%9E%E8%B7%B5%E6%95%99%E5%AD%A6%E4%B8%AD%E5%BF%83&title=Special:MediaSearch&type=image"
"way/80716851","thu","未命名校园建筑 way/80716851","teaching","4","13.8","gray-brick","#8b8880","#d6d0bf","flat","0","#585c47","esri-thu","","","academic","main-entrance","","estimated","pending-field-check","osm|esri-world-imagery|thu-map|thu-landscape|thu-planning|thu-gallery|thu-commons","https://www.openstreetmap.org/way/80716851","https://commons.wikimedia.org/w/index.php?search=%E6%9C%AA%E5%91%BD%E5%90%8D%E6%A0%A1%E5%9B%AD%E5%BB%BA%E7%AD%91%20way%2F80716851&title=Special:MediaSearch&type=image"
"way/80716852","thu","未命名校园建筑 way/80716852","teaching","4","13.8","gray-brick","#8b8880","#d6d0bf","flat","0","#6c7363","esri-thu","","","academic","main-entrance","","estimated","pending-field-check","osm|esri-world-imagery|thu-map|thu-landscape|thu-planning|thu-gallery|thu-commons","https://www.openstreetmap.org/way/80716852","https://commons.wikimedia.org/w/index.php?search=%E6%9C%AA%E5%91%BD%E5%90%8D%E6%A0%A1%E5%9B%AD%E5%BB%BA%E7%AD%91%20way%2F80716852&title=Special:MediaSearch&type=image"
"way/80716853","thu","未命名校园建筑 way/80716853","teaching","4","13.8","gray-brick","#8b8880","#d6d0bf","flat","0","#727563","esri-thu","","","academic","main-entrance","","estimated","pending-field-check","osm|esri-world-imagery|thu-map|thu-landscape|thu-planning|thu-gallery|thu-commons","https://www.openstreetmap.org/way/80716853","https://commons.wikimedia.org/w/index.php?search=%E6%9C%AA%E5%91%BD%E5%90%8D%E6%A0%A1%E5%9B%AD%E5%BB%BA%E7%AD%91%20way%2F80716853&title=Special:MediaSearch&type=image"
"way/80717723","thu","蒙民伟人文楼","teaching","4","13.8","red-brick","#8b5a49","#d2c5ab","flat","0","#7e8475","esri-thu","","","academic","main-entrance","116","estimated","pending-field-check","osm|esri-world-imagery|thu-map|thu-landscape|thu-planning|thu-gallery|thu-commons","https://www.openstreetmap.org/way/80717723","https://commons.wikimedia.org/w/index.php?search=%E8%92%99%E6%B0%91%E4%BC%9F%E4%BA%BA%E6%96%87%E6%A5%BC&title=Special:MediaSearch&type=image"
"way/80813584","thu","机北楼（老环境楼）","teaching","4","13.8","red-brick","#8b5a49","#d2c5ab","flat","0","#595b4b","esri-thu","","","academic","main-entrance","117","estimated","pending-field-check","osm|esri-world-imagery|thu-map|thu-landscape|thu-planning|thu-gallery|thu-commons","https://www.openstreetmap.org/way/80813584","https://commons.wikimedia.org/w/index.php?search=%E6%9C%BA%E5%8C%97%E6%A5%BC%EF%BC%88%E8%80%81%E7%8E%AF%E5%A2%83%E6%A5%BC%EF%BC%89&title=Special:MediaSearch&type=image"
"way/80916524","thu","纳米科技楼","teaching","6","20.7","glass","#7896a2","#a7babd","flat","0","#888774","esri-thu","","","academic","main-entrance","118","estimated","pending-field-check","osm|esri-world-imagery|thu-map|thu-landscape|thu-planning|thu-gallery|thu-commons","https://www.openstreetmap.org/way/80916524","https://commons.wikimedia.org/w/index.php?search=%E7%BA%B3%E7%B1%B3%E7%A7%91%E6%8A%80%E6%A5%BC&title=Special:MediaSearch&type=image"
"way/80916617","thu","服务楼","teaching","4","13.8","red-brick","#8b5a49","#d2c5ab","flat","0","#696b56","esri-thu","","","academic","main-entrance","","estimated","pending-field-check","osm|esri-world-imagery|thu-map|thu-landscape|thu-planning|thu-gallery|thu-commons","https://www.openstreetmap.org/way/80916617","https://commons.wikimedia.org/w/index.php?search=%E6%9C%8D%E5%8A%A1%E6%A5%BC&title=Special:MediaSearch&type=image"
"way/80917040","thu","档案馆","teaching","4","13.8","red-brick","#8b5a49","#d2c5ab","flat","0","#6c725f","esri-thu","","","academic","main-entrance","","estimated","pending-field-check","osm|esri-world-imagery|thu-map|thu-landscape|thu-planning|thu-gallery|thu-commons","https://www.openstreetmap.org/way/80917040","https://commons.wikimedia.org/w/index.php?search=%E6%A1%A3%E6%A1%88%E9%A6%86&title=Special:MediaSearch&type=image"
"way/81140527","thu","6号楼","dorm","6","20.7","red-brick","#8b5a49","#d2c5ab","flat","0","#4f554c","esri-thu","","","dormitory","repeated-bays","","estimated","pending-field-check","osm|esri-world-imagery|thu-map|thu-landscape|thu-planning|thu-gallery|thu-commons","https://www.openstreetmap.org/way/81140527","https://commons.wikimedia.org/w/index.php?search=6%E5%8F%B7%E6%A5%BC&title=Special:MediaSearch&type=image"
"way/81140528","thu","7号楼","dorm","6","20.7","red-brick","#8b5a49","#d2c5ab","flat","0","#495148","esri-thu","","","dormitory","repeated-bays","","estimated","pending-field-check","osm|esri-world-imagery|thu-map|thu-landscape|thu-planning|thu-gallery|thu-commons","https://www.openstreetmap.org/way/81140528","https://commons.wikimedia.org/w/index.php?search=7%E5%8F%B7%E6%A5%BC&title=Special:MediaSearch&type=image"
"way/81151484","thu","技术科学楼","teaching","4","13.8","red-brick","#8b5a49","#d2c5ab","flat","0","#707260","esri-thu","","","academic","main-entrance","","estimated","pending-field-check","osm|esri-world-imagery|thu-map|thu-landscape|thu-planning|thu-gallery|thu-commons","https://www.openstreetmap.org/way/81151484","https://commons.wikimedia.org/w/index.php?search=%E6%8A%80%E6%9C%AF%E7%A7%91%E5%AD%A6%E6%A5%BC&title=Special:MediaSearch&type=image"
"way/817157928","thu","法律图书馆","library","6","26.4","red-brick","#8b5a49","#d2c5ab","flat","0","#999a88","esri-thu","","","academic","library-wings","","estimated","pending-field-check","osm|esri-world-imagery|thu-map|thu-landscape|thu-planning|thu-gallery|thu-commons","https://www.openstreetmap.org/way/817157928","https://commons.wikimedia.org/w/index.php?search=%E6%B3%95%E5%BE%8B%E5%9B%BE%E4%B9%A6%E9%A6%86&title=Special:MediaSearch&type=image"
"way/817157929","thu","东阶梯教室","teaching","4","13.8","red-brick","#8b5a49","#d2c5ab","flat","0","#706e5b","esri-thu","","","academic","main-entrance","","estimated","pending-field-check","osm|esri-world-imagery|thu-map|thu-landscape|thu-planning|thu-gallery|thu-commons","https://www.openstreetmap.org/way/817157929","https://commons.wikimedia.org/w/index.php?search=%E4%B8%9C%E9%98%B6%E6%A2%AF%E6%95%99%E5%AE%A4&title=Special:MediaSearch&type=image"
"way/82714382","thu","11号楼","dorm","6","20.7","red-brick","#8b5a49","#d2c5ab","flat","0","#7e816e","esri-thu","","","dormitory","repeated-bays","","estimated","pending-field-check","osm|esri-world-imagery|thu-map|thu-landscape|thu-planning|thu-gallery|thu-commons","https://www.openstreetmap.org/way/82714382","https://commons.wikimedia.org/w/index.php?search=11%E5%8F%B7%E6%A5%BC&title=Special:MediaSearch&type=image"
"way/82714383","thu","30号楼","dorm","6","20.7","red-brick","#8b5a49","#d2c5ab","flat","0","#6d776d","esri-thu","","","dormitory","repeated-bays","","estimated","pending-field-check","osm|esri-world-imagery|thu-map|thu-landscape|thu-planning|thu-gallery|thu-commons","https://www.openstreetmap.org/way/82714383","https://commons.wikimedia.org/w/index.php?search=30%E5%8F%B7%E6%A5%BC&title=Special:MediaSearch&type=image"
"way/82714858","thu","10号楼北楼","dorm","6","20.7","red-brick","#8b5a49","#d2c5ab","flat","0","#7f7e6d","esri-thu","","","dormitory","repeated-bays","","osm","verified-osm","osm|esri-world-imagery|thu-map|thu-landscape|thu-planning|thu-gallery|thu-commons","https://www.openstreetmap.org/way/82714858","https://commons.wikimedia.org/w/index.php?search=10%E5%8F%B7%E6%A5%BC%E5%8C%97%E6%A5%BC&title=Special:MediaSearch&type=image"
"way/83689879","thu","未命名校园建筑 way/83689879","teaching","4","13.8","gray-brick","#8b8880","#d6d0bf","flat","0","#595a48","esri-thu","","","academic","main-entrance","","estimated","pending-field-check","osm|esri-world-imagery|thu-map|thu-landscape|thu-planning|thu-gallery|thu-commons","https://www.openstreetmap.org/way/83689879","https://commons.wikimedia.org/w/index.php?search=%E6%9C%AA%E5%91%BD%E5%90%8D%E6%A0%A1%E5%9B%AD%E5%BB%BA%E7%AD%91%20way%2F83689879&title=Special:MediaSearch&type=image"
"way/83689880","thu","未命名校园建筑 way/83689880","teaching","4","13.8","gray-brick","#8b8880","#d6d0bf","flat","0","#777b78","","","","academic","main-entrance","","estimated","pending-field-check","osm|esri-world-imagery|thu-map|thu-landscape|thu-planning|thu-gallery|thu-commons","https://www.openstreetmap.org/way/83689880","https://commons.wikimedia.org/w/index.php?search=%E6%9C%AA%E5%91%BD%E5%90%8D%E6%A0%A1%E5%9B%AD%E5%BB%BA%E7%AD%91%20way%2F83689880&title=Special:MediaSearch&type=image"
"way/83689881","thu","未命名校园建筑 way/83689881","teaching","4","13.8","gray-brick","#8b8880","#d6d0bf","flat","0","#777b78","","","","academic","main-entrance","","estimated","pending-field-check","osm|esri-world-imagery|thu-map|thu-landscape|thu-planning|thu-gallery|thu-commons","https://www.openstreetmap.org/way/83689881","https://commons.wikimedia.org/w/index.php?search=%E6%9C%AA%E5%91%BD%E5%90%8D%E6%A0%A1%E5%9B%AD%E5%BB%BA%E7%AD%91%20way%2F83689881&title=Special:MediaSearch&type=image"
"way/83690464","thu","第六教学楼B区","teaching","4","13.8","red-brick","#8b5a49","#d2c5ab","flat","0","#635f4e","esri-thu","","","academic","main-entrance","","estimated","pending-field-check","osm|esri-world-imagery|thu-map|thu-landscape|thu-planning|thu-gallery|thu-commons","https://www.openstreetmap.org/way/83690464","https://commons.wikimedia.org/w/index.php?search=%E7%AC%AC%E5%85%AD%E6%95%99%E5%AD%A6%E6%A5%BCB%E5%8C%BA&title=Special:MediaSearch&type=image"
"way/83785990","thu","能科楼BC","teaching","4","13.8","red-brick","#8b5a49","#d2c5ab","flat","0","#929281","esri-thu","","","academic","main-entrance","","estimated","pending-field-check","osm|esri-world-imagery|thu-map|thu-landscape|thu-planning|thu-gallery|thu-commons","https://www.openstreetmap.org/way/83785990","https://commons.wikimedia.org/w/index.php?search=%E8%83%BD%E7%A7%91%E6%A5%BCBC&title=Special:MediaSearch&type=image"
"way/83799497","thu","何善衡馆 （土木馆）","teaching","4","13.8","red-brick","#8b5a49","#d2c5ab","flat","0","#696b58","esri-thu","","","academic","main-entrance","119","estimated","pending-field-check","osm|esri-world-imagery|thu-map|thu-landscape|thu-planning|thu-gallery|thu-commons","https://www.openstreetmap.org/way/83799497","https://commons.wikimedia.org/w/index.php?search=%E4%BD%95%E5%96%84%E8%A1%A1%E9%A6%86%20%EF%BC%88%E5%9C%9F%E6%9C%A8%E9%A6%86%EF%BC%89&title=Special:MediaSearch&type=image"
"way/83799756","thu","综合体育馆","teaching","4","13.8","red-brick","#8b5a49","#d2c5ab","flat","0","#91917d","esri-thu","","","academic","main-entrance","49","estimated","pending-field-check","osm|esri-world-imagery|thu-map|thu-landscape|thu-planning|thu-gallery|thu-commons","https://www.openstreetmap.org/way/83799756","https://commons.wikimedia.org/w/index.php?search=%E7%BB%BC%E5%90%88%E4%BD%93%E8%82%B2%E9%A6%86&title=Special:MediaSearch&type=image"
"way/83801034","thu","化学馆","teaching","4","13.8","red-brick","#8b5a49","#d2c5ab","flat","0","#595a4a","esri-thu","","","academic","main-entrance","120","estimated","pending-field-check","osm|esri-world-imagery|thu-map|thu-landscape|thu-planning|thu-gallery|thu-commons","https://www.openstreetmap.org/way/83801034","https://commons.wikimedia.org/w/index.php?search=%E5%8C%96%E5%AD%A6%E9%A6%86&title=Special:MediaSearch&type=image"
"way/83805067","thu","清华学堂","teaching","2","13","gray-brick","#a6a59d","#e4e0d5","flat","0","#713f32","esri-thu","180","","xuetang","inscribed-entrance|arched-windows|classical-portal","41","official","verified-official","osm|esri-world-imagery|thu-map|thu-landscape|thu-planning|thu-gallery|thu-commons","https://www.openstreetmap.org/way/83805067","https://commons.wikimedia.org/w/index.php?search=%E6%B8%85%E5%8D%8E%E5%AD%A6%E5%A0%82&title=Special:MediaSearch&type=image"
"way/83805169","thu","焊接馆","teaching","4","13.8","red-brick","#8b5a49","#d2c5ab","flat","0","#616452","esri-thu","","","academic","main-entrance","","estimated","pending-field-check","osm|esri-world-imagery|thu-map|thu-landscape|thu-planning|thu-gallery|thu-commons","https://www.openstreetmap.org/way/83805169","https://commons.wikimedia.org/w/index.php?search=%E7%84%8A%E6%8E%A5%E9%A6%86&title=Special:MediaSearch&type=image"
"way/83805170","thu","8号楼","dorm","6","20.7","red-brick","#8b5a49","#d2c5ab","flat","0","#4c5146","esri-thu","","","dormitory","repeated-bays","","estimated","pending-field-check","osm|esri-world-imagery|thu-map|thu-landscape|thu-planning|thu-gallery|thu-commons","https://www.openstreetmap.org/way/83805170","https://commons.wikimedia.org/w/index.php?search=8%E5%8F%B7%E6%A5%BC&title=Special:MediaSearch&type=image"
"way/83805171","thu","9号楼","dorm","6","20.7","red-brick","#8b5a49","#d2c5ab","flat","0","#484c3f","esri-thu","","","dormitory","repeated-bays","","osm","verified-osm","osm|esri-world-imagery|thu-map|thu-landscape|thu-planning|thu-gallery|thu-commons","https://www.openstreetmap.org/way/83805171","https://commons.wikimedia.org/w/index.php?search=9%E5%8F%B7%E6%A5%BC&title=Special:MediaSearch&type=image"
"way/83805172","thu","10号楼","dorm","6","20.7","red-brick","#8b5a49","#d2c5ab","flat","0","#494c43","esri-thu","","","dormitory","repeated-bays","","osm","verified-osm","osm|esri-world-imagery|thu-map|thu-landscape|thu-planning|thu-gallery|thu-commons","https://www.openstreetmap.org/way/83805172","https://commons.wikimedia.org/w/index.php?search=10%E5%8F%B7%E6%A5%BC&title=Special:MediaSearch&type=image"
"way/83805221","thu","5号楼","dorm","6","20.7","red-brick","#8b5a49","#d2c5ab","flat","0","#5c5644","esri-thu","","","dormitory","repeated-bays","","estimated","pending-field-check","osm|esri-world-imagery|thu-map|thu-landscape|thu-planning|thu-gallery|thu-commons","https://www.openstreetmap.org/way/83805221","https://commons.wikimedia.org/w/index.php?search=5%E5%8F%B7%E6%A5%BC&title=Special:MediaSearch&type=image"
"way/83810378","thu","机械工程馆","teaching","4","13.8","red-brick","#8b5a49","#d2c5ab","flat","0","#bbbaaa","esri-thu","","","academic","main-entrance","121","estimated","pending-field-check","osm|esri-world-imagery|thu-map|thu-landscape|thu-planning|thu-gallery|thu-commons","https://www.openstreetmap.org/way/83810378","https://commons.wikimedia.org/w/index.php?search=%E6%9C%BA%E6%A2%B0%E5%B7%A5%E7%A8%8B%E9%A6%86&title=Special:MediaSearch&type=image"
"way/83810434","thu","善斋","teaching","2","6.9","red-brick","#8b5a49","#d2c5ab","flat","0","#444c40","esri-thu","","","academic","main-entrance","","osm","verified-osm","osm|esri-world-imagery|thu-map|thu-landscape|thu-planning|thu-gallery|thu-commons","https://www.openstreetmap.org/way/83810434","https://commons.wikimedia.org/w/index.php?search=%E5%96%84%E6%96%8B&title=Special:MediaSearch&type=image"
"way/83810503","thu","明斋","teaching","4","13.8","red-brick","#8b5a49","#d2c5ab","flat","0","#706c53","esri-thu","","","academic","main-entrance","","estimated","pending-field-check","osm|esri-world-imagery|thu-map|thu-landscape|thu-planning|thu-gallery|thu-commons","https://www.openstreetmap.org/way/83810503","https://commons.wikimedia.org/w/index.php?search=%E6%98%8E%E6%96%8B&title=Special:MediaSearch&type=image"
"way/83810686","thu","新斋","teaching","4","13.8","red-brick","#8b5a49","#d2c5ab","flat","0","#6b6952","esri-thu","","","academic","main-entrance","","estimated","pending-field-check","osm|esri-world-imagery|thu-map|thu-landscape|thu-planning|thu-gallery|thu-commons","https://www.openstreetmap.org/way/83810686","https://commons.wikimedia.org/w/index.php?search=%E6%96%B0%E6%96%8B&title=Special:MediaSearch&type=image"
"way/83811670","thu","未命名校园建筑 way/83811670","teaching","4","13.8","gray-brick","#8b8880","#d6d0bf","flat","0","#494c3c","esri-thu","","","academic","main-entrance","","estimated","pending-field-check","osm|esri-world-imagery|thu-map|thu-landscape|thu-planning|thu-gallery|thu-commons","https://www.openstreetmap.org/way/83811670","https://commons.wikimedia.org/w/index.php?search=%E6%9C%AA%E5%91%BD%E5%90%8D%E6%A0%A1%E5%9B%AD%E5%BB%BA%E7%AD%91%20way%2F83811670&title=Special:MediaSearch&type=image"
"way/83811713","thu","26号楼","dorm","6","20.7","red-brick","#8b5a49","#d2c5ab","flat","0","#8e988e","esri-thu","","","dormitory","repeated-bays","","estimated","pending-field-check","osm|esri-world-imagery|thu-map|thu-landscape|thu-planning|thu-gallery|thu-commons","https://www.openstreetmap.org/way/83811713","https://commons.wikimedia.org/w/index.php?search=26%E5%8F%B7%E6%A5%BC&title=Special:MediaSearch&type=image"
"way/83811714","thu","27号楼","dorm","6","20.7","red-brick","#8b5a49","#d2c5ab","flat","0","#9b9c8d","esri-thu","","","dormitory","repeated-bays","","estimated","pending-field-check","osm|esri-world-imagery|thu-map|thu-landscape|thu-planning|thu-gallery|thu-commons","https://www.openstreetmap.org/way/83811714","https://commons.wikimedia.org/w/index.php?search=27%E5%8F%B7%E6%A5%BC&title=Special:MediaSearch&type=image"
"way/83892406","thu","建筑管理中心","teaching","6","20.7","glass","#7896a2","#a7babd","flat","0","#626654","esri-thu","","","academic","main-entrance","","estimated","pending-field-check","osm|esri-world-imagery|thu-map|thu-landscape|thu-planning|thu-gallery|thu-commons","https://www.openstreetmap.org/way/83892406","https://commons.wikimedia.org/w/index.php?search=%E5%BB%BA%E7%AD%91%E7%AE%A1%E7%90%86%E4%B8%AD%E5%BF%83&title=Special:MediaSearch&type=image"
"way/83892621","thu","14号楼西","dorm","6","20.7","red-brick","#8b5a49","#d2c5ab","flat","0","#9c9c89","esri-thu","","","dormitory","repeated-bays","","estimated","pending-field-check","osm|esri-world-imagery|thu-map|thu-landscape|thu-planning|thu-gallery|thu-commons","https://www.openstreetmap.org/way/83892621","https://commons.wikimedia.org/w/index.php?search=14%E5%8F%B7%E6%A5%BC%E8%A5%BF&title=Special:MediaSearch&type=image"
"way/83892622","thu","14号楼东","dorm","6","20.7","red-brick","#8b5a49","#d2c5ab","flat","0","#969483","esri-thu","","","dormitory","repeated-bays","","estimated","pending-field-check","osm|esri-world-imagery|thu-map|thu-landscape|thu-planning|thu-gallery|thu-commons","https://www.openstreetmap.org/way/83892622","https://commons.wikimedia.org/w/index.php?search=14%E5%8F%B7%E6%A5%BC%E4%B8%9C&title=Special:MediaSearch&type=image"
"way/83892638","thu","食品加工中心","teaching","6","20.7","glass","#7896a2","#a7babd","flat","0","#615f4b","esri-thu","","","academic","main-entrance","","estimated","pending-field-check","osm|esri-world-imagery|thu-map|thu-landscape|thu-planning|thu-gallery|thu-commons","https://www.openstreetmap.org/way/83892638","https://commons.wikimedia.org/w/index.php?search=%E9%A3%9F%E5%93%81%E5%8A%A0%E5%B7%A5%E4%B8%AD%E5%BF%83&title=Special:MediaSearch&type=image"
"way/83892658","thu","气膜体育馆","sports","2","9.6","red-brick","#8b5a49","#d2c5ab","flat","0","#97a3a5","esri-thu","","","academic","main-entrance","","estimated","pending-field-check","osm|esri-world-imagery|thu-map|thu-landscape|thu-planning|thu-gallery|thu-commons","https://www.openstreetmap.org/way/83892658","https://commons.wikimedia.org/w/index.php?search=%E6%B0%94%E8%86%9C%E4%BD%93%E8%82%B2%E9%A6%86&title=Special:MediaSearch&type=image"
"way/83892807","thu","汽车研究所","teaching","4","13.8","red-brick","#8b5a49","#d2c5ab","flat","0","#696d5b","esri-thu","","","academic","main-entrance","122","estimated","pending-field-check","osm|esri-world-imagery|thu-map|thu-landscape|thu-planning|thu-gallery|thu-commons","https://www.openstreetmap.org/way/83892807","https://commons.wikimedia.org/w/index.php?search=%E6%B1%BD%E8%BD%A6%E7%A0%94%E7%A9%B6%E6%89%80&title=Special:MediaSearch&type=image"
"way/83990425","thu","旧水利馆","teaching","4","13.8","red-brick","#8b5a49","#d2c5ab","flat","0","#535a4b","esri-thu","","","academic","main-entrance","123","estimated","pending-field-check","osm|esri-world-imagery|thu-map|thu-landscape|thu-planning|thu-gallery|thu-commons","https://www.openstreetmap.org/way/83990425","https://commons.wikimedia.org/w/index.php?search=%E6%97%A7%E6%B0%B4%E5%88%A9%E9%A6%86&title=Special:MediaSearch&type=image"
"way/83990426","thu","旧土木馆","teaching","4","13.8","red-brick","#8b5a49","#d2c5ab","flat","0","#666957","esri-thu","","","academic","main-entrance","","estimated","pending-field-check","osm|esri-world-imagery|thu-map|thu-landscape|thu-planning|thu-gallery|thu-commons","https://www.openstreetmap.org/way/83990426","https://commons.wikimedia.org/w/index.php?search=%E6%97%A7%E5%9C%9F%E6%9C%A8%E9%A6%86&title=Special:MediaSearch&type=image"
"way/84100756","thu","16号楼","dorm","6","20.7","red-brick","#8b5a49","#d2c5ab","flat","0","#898c83","esri-thu","","","dormitory","repeated-bays","","estimated","pending-field-check","osm|esri-world-imagery|thu-map|thu-landscape|thu-planning|thu-gallery|thu-commons","https://www.openstreetmap.org/way/84100756","https://commons.wikimedia.org/w/index.php?search=16%E5%8F%B7%E6%A5%BC&title=Special:MediaSearch&type=image"
"way/84100851","thu","未来新媒体实验室","teaching","4","13.8","red-brick","#8b5a49","#d2c5ab","flat","0","#454c3b","esri-thu","","","academic","main-entrance","124","estimated","pending-field-check","osm|esri-world-imagery|thu-map|thu-landscape|thu-planning|thu-gallery|thu-commons","https://www.openstreetmap.org/way/84100851","https://commons.wikimedia.org/w/index.php?search=%E6%9C%AA%E6%9D%A5%E6%96%B0%E5%AA%92%E4%BD%93%E5%AE%9E%E9%AA%8C%E5%AE%A4&title=Special:MediaSearch&type=image"
"way/84106845","thu","生物学馆","teaching","3","10.4","red-brick","#8b5a49","#d2c5ab","flat","0","#94947d","esri-thu","","","academic","main-entrance","125","osm","verified-osm","osm|esri-world-imagery|thu-map|thu-landscape|thu-planning|thu-gallery|thu-commons","https://www.openstreetmap.org/way/84106845","https://commons.wikimedia.org/w/index.php?search=%E7%94%9F%E7%89%A9%E5%AD%A6%E9%A6%86&title=Special:MediaSearch&type=image"
"way/84110336","thu","4号楼","dorm","6","20.7","red-brick","#8b5a49","#d2c5ab","flat","0","#7c7d6b","esri-thu","","","dormitory","repeated-bays","","estimated","pending-field-check","osm|esri-world-imagery|thu-map|thu-landscape|thu-planning|thu-gallery|thu-commons","https://www.openstreetmap.org/way/84110336","https://commons.wikimedia.org/w/index.php?search=4%E5%8F%B7%E6%A5%BC&title=Special:MediaSearch&type=image"
"way/84112040","thu","3号楼","dorm","6","20.7","red-brick","#8b5a49","#d2c5ab","flat","0","#808673","esri-thu","","","dormitory","repeated-bays","","estimated","pending-field-check","osm|esri-world-imagery|thu-map|thu-landscape|thu-planning|thu-gallery|thu-commons","https://www.openstreetmap.org/way/84112040","https://commons.wikimedia.org/w/index.php?search=3%E5%8F%B7%E6%A5%BC&title=Special:MediaSearch&type=image"
"way/84112055","thu","2号楼","dorm","6","20.7","red-brick","#8b5a49","#d2c5ab","flat","0","#918a70","esri-thu","","","dormitory","repeated-bays","","estimated","pending-field-check","osm|esri-world-imagery|thu-map|thu-landscape|thu-planning|thu-gallery|thu-commons","https://www.openstreetmap.org/way/84112055","https://commons.wikimedia.org/w/index.php?search=2%E5%8F%B7%E6%A5%BC&title=Special:MediaSearch&type=image"
"way/84112067","thu","1号楼","dorm","6","20.7","red-brick","#8b5a49","#d2c5ab","flat","0","#7b7c6b","esri-thu","","","dormitory","repeated-bays","","estimated","pending-field-check","osm|esri-world-imagery|thu-map|thu-landscape|thu-planning|thu-gallery|thu-commons","https://www.openstreetmap.org/way/84112067","https://commons.wikimedia.org/w/index.php?search=1%E5%8F%B7%E6%A5%BC&title=Special:MediaSearch&type=image"
"way/84273994","thu","静斋","teaching","4","13.8","red-brick","#8b5a49","#d2c5ab","flat","0","#676d5f","esri-thu","","","academic","main-entrance","","estimated","pending-field-check","osm|esri-world-imagery|thu-map|thu-landscape|thu-planning|thu-gallery|thu-commons","https://www.openstreetmap.org/way/84273994","https://commons.wikimedia.org/w/index.php?search=%E9%9D%99%E6%96%8B&title=Special:MediaSearch&type=image"
"way/84273995","thu","熙春园餐厅","dining","3","12.6","gray-brick","#8b8880","#d6d0bf","flat","0","#71755f","esri-thu","","","dining-hall","entrance-canopy","","estimated","pending-field-check","osm|esri-world-imagery|thu-map|thu-landscape|thu-planning|thu-gallery|thu-commons","https://www.openstreetmap.org/way/84273995","https://commons.wikimedia.org/w/index.php?search=%E7%86%99%E6%98%A5%E5%9B%AD%E9%A4%90%E5%8E%85&title=Special:MediaSearch&type=image"
"way/84273996","thu","强斋","teaching","4","13.8","red-brick","#8b5a49","#d2c5ab","flat","0","#89886b","esri-thu","","","academic","main-entrance","","estimated","pending-field-check","osm|esri-world-imagery|thu-map|thu-landscape|thu-planning|thu-gallery|thu-commons","https://www.openstreetmap.org/way/84273996","https://commons.wikimedia.org/w/index.php?search=%E5%BC%BA%E6%96%8B&title=Special:MediaSearch&type=image"
"way/84273997","thu","荷园教工餐厅","dining","3","12.6","gray-brick","#8b8880","#d6d0bf","flat","0","#656b5a","esri-thu","","","dining-hall","entrance-canopy","","estimated","pending-field-check","osm|esri-world-imagery|thu-map|thu-landscape|thu-planning|thu-gallery|thu-commons","https://www.openstreetmap.org/way/84273997","https://commons.wikimedia.org/w/index.php?search=%E8%8D%B7%E5%9B%AD%E6%95%99%E5%B7%A5%E9%A4%90%E5%8E%85&title=Special:MediaSearch&type=image"
"way/84274080","thu","荷二楼","teaching","4","13.8","red-brick","#8b5a49","#d2c5ab","flat","0","#6b6c5b","esri-thu","","","academic","main-entrance","","estimated","pending-field-check","osm|esri-world-imagery|thu-map|thu-landscape|thu-planning|thu-gallery|thu-commons","https://www.openstreetmap.org/way/84274080","https://commons.wikimedia.org/w/index.php?search=%E8%8D%B7%E4%BA%8C%E6%A5%BC&title=Special:MediaSearch&type=image"
"way/84644273","thu","紫荆学生公寓17号楼","dorm","11","38","red-brick","#8b5a49","#d2c5ab","flat","0","#797e6e","esri-thu","","","dormitory","repeated-bays","126","estimated","pending-field-check","osm|esri-world-imagery|thu-map|thu-landscape|thu-planning|thu-gallery|thu-commons","https://www.openstreetmap.org/way/84644273","https://commons.wikimedia.org/w/index.php?search=%E7%B4%AB%E8%8D%86%E5%AD%A6%E7%94%9F%E5%85%AC%E5%AF%9317%E5%8F%B7%E6%A5%BC&title=Special:MediaSearch&type=image"
"way/84644276","thu","紫荆学生公寓16号楼","dorm","11","38","red-brick","#8b5a49","#d2c5ab","flat","0","#7c8575","esri-thu","","","dormitory","repeated-bays","127","estimated","pending-field-check","osm|esri-world-imagery|thu-map|thu-landscape|thu-planning|thu-gallery|thu-commons","https://www.openstreetmap.org/way/84644276","https://commons.wikimedia.org/w/index.php?search=%E7%B4%AB%E8%8D%86%E5%AD%A6%E7%94%9F%E5%85%AC%E5%AF%9316%E5%8F%B7%E6%A5%BC&title=Special:MediaSearch&type=image"
"way/84644281","thu","紫荆学生公寓14号楼","dorm","11","38","red-brick","#8b5a49","#d2c5ab","flat","0","#656655","esri-thu","","","dormitory","repeated-bays","128","estimated","pending-field-check","osm|esri-world-imagery|thu-map|thu-landscape|thu-planning|thu-gallery|thu-commons","https://www.openstreetmap.org/way/84644281","https://commons.wikimedia.org/w/index.php?search=%E7%B4%AB%E8%8D%86%E5%AD%A6%E7%94%9F%E5%85%AC%E5%AF%9314%E5%8F%B7%E6%A5%BC&title=Special:MediaSearch&type=image"
"way/84652038","thu","17号楼","dorm","6","20.7","red-brick","#8b5a49","#d2c5ab","flat","0","#808c83","esri-thu","","","dormitory","repeated-bays","","estimated","pending-field-check","osm|esri-world-imagery|thu-map|thu-landscape|thu-planning|thu-gallery|thu-commons","https://www.openstreetmap.org/way/84652038","https://commons.wikimedia.org/w/index.php?search=17%E5%8F%B7%E6%A5%BC&title=Special:MediaSearch&type=image"
"way/84652150","thu","闻馨园餐厅","dining","3","12.6","gray-brick","#8b8880","#d6d0bf","flat","0","#424c42","esri-thu","","","dining-hall","entrance-canopy","","estimated","pending-field-check","osm|esri-world-imagery|thu-map|thu-landscape|thu-planning|thu-gallery|thu-commons","https://www.openstreetmap.org/way/84652150","https://commons.wikimedia.org/w/index.php?search=%E9%97%BB%E9%A6%A8%E5%9B%AD%E9%A4%90%E5%8E%85&title=Special:MediaSearch&type=image"
"way/84653292","thu","东配楼","teaching","4","13.8","red-brick","#8b5a49","#d2c5ab","flat","0","#98957f","esri-thu","","","academic","main-entrance","","estimated","pending-field-check","osm|esri-world-imagery|thu-map|thu-landscape|thu-planning|thu-gallery|thu-commons","https://www.openstreetmap.org/way/84653292","https://commons.wikimedia.org/w/index.php?search=%E4%B8%9C%E9%85%8D%E6%A5%BC&title=Special:MediaSearch&type=image"
"way/84653293","thu","经济管理学院","teaching","6","20.7","red-brick","#8b5a49","#d2c5ab","flat","0","#7d806d","esri-thu","","","academic","main-entrance","129","osm","verified-osm","osm|esri-world-imagery|thu-map|thu-landscape|thu-planning|thu-gallery|thu-commons","https://www.openstreetmap.org/way/84653293","https://commons.wikimedia.org/w/index.php?search=%E7%BB%8F%E6%B5%8E%E7%AE%A1%E7%90%86%E5%AD%A6%E9%99%A2&title=Special:MediaSearch&type=image"
"way/84653294","thu","东主楼","teaching","10","34.5","red-brick","#8b5a49","#d2c5ab","flat","0","#6d715f","esri-thu","","","academic","main-entrance","","estimated","pending-field-check","osm|esri-world-imagery|thu-map|thu-landscape|thu-planning|thu-gallery|thu-commons","https://www.openstreetmap.org/way/84653294","https://commons.wikimedia.org/w/index.php?search=%E4%B8%9C%E4%B8%BB%E6%A5%BC&title=Special:MediaSearch&type=image"
"way/84720750","thu","未命名校园建筑 way/84720750","teaching","4","13.8","gray-brick","#8b8880","#d6d0bf","flat","0","#474c3a","esri-thu","","","academic","main-entrance","","estimated","pending-field-check","osm|esri-world-imagery|thu-map|thu-landscape|thu-planning|thu-gallery|thu-commons","https://www.openstreetmap.org/way/84720750","https://commons.wikimedia.org/w/index.php?search=%E6%9C%AA%E5%91%BD%E5%90%8D%E6%A0%A1%E5%9B%AD%E5%BB%BA%E7%AD%91%20way%2F84720750&title=Special:MediaSearch&type=image"
"way/84720894","thu","能科楼A","teaching","4","13.8","red-brick","#8b5a49","#d2c5ab","flat","0","#868773","esri-thu","","","academic","main-entrance","","estimated","pending-field-check","osm|esri-world-imagery|thu-map|thu-landscape|thu-planning|thu-gallery|thu-commons","https://www.openstreetmap.org/way/84720894","https://commons.wikimedia.org/w/index.php?search=%E8%83%BD%E7%A7%91%E6%A5%BCA&title=Special:MediaSearch&type=image"
"way/84727245","thu","邮局","teaching","4","13.8","red-brick","#8b5a49","#d2c5ab","flat","0","#636a5a","esri-thu","","","academic","main-entrance","","estimated","pending-field-check","osm|esri-world-imagery|thu-map|thu-landscape|thu-planning|thu-gallery|thu-commons","https://www.openstreetmap.org/way/84727245","https://commons.wikimedia.org/w/index.php?search=%E9%82%AE%E5%B1%80&title=Special:MediaSearch&type=image"
"way/84727246","thu","文北楼","teaching","4","13.8","red-brick","#8b5a49","#d2c5ab","flat","0","#4a4c3e","esri-thu","","","academic","main-entrance","","estimated","pending-field-check","osm|esri-world-imagery|thu-map|thu-landscape|thu-planning|thu-gallery|thu-commons","https://www.openstreetmap.org/way/84727246","https://commons.wikimedia.org/w/index.php?search=%E6%96%87%E5%8C%97%E6%A5%BC&title=Special:MediaSearch&type=image"
"way/84832395","thu","东区体育馆","sports","2","9.6","red-brick","#8b5a49","#d2c5ab","flat","0","#9e997c","esri-thu","","","academic","main-entrance","","estimated","pending-field-check","osm|esri-world-imagery|thu-map|thu-landscape|thu-planning|thu-gallery|thu-commons","https://www.openstreetmap.org/way/84832395","https://commons.wikimedia.org/w/index.php?search=%E4%B8%9C%E5%8C%BA%E4%BD%93%E8%82%B2%E9%A6%86&title=Special:MediaSearch&type=image"
"way/852646108","thu","李文正馆","teaching","4","13.8","red-brick","#8b5a49","#d2c5ab","flat","0","#5d6254","esri-thu","","","academic","main-entrance","","estimated","pending-field-check","osm|esri-world-imagery|thu-map|thu-landscape|thu-planning|thu-gallery|thu-commons","https://www.openstreetmap.org/way/852646108","https://commons.wikimedia.org/w/index.php?search=%E6%9D%8E%E6%96%87%E6%AD%A3%E9%A6%86&title=Special:MediaSearch&type=image"
"way/85379553","thu","文西楼（新闻与传播学院）","teaching","6","20.7","red-brick","#8b5a49","#d2c5ab","flat","0","#9e9e8c","esri-thu","","","academic","main-entrance","130","estimated","pending-field-check","osm|esri-world-imagery|thu-map|thu-landscape|thu-planning|thu-gallery|thu-commons","https://www.openstreetmap.org/way/85379553","https://commons.wikimedia.org/w/index.php?search=%E6%96%87%E8%A5%BF%E6%A5%BC%EF%BC%88%E6%96%B0%E9%97%BB%E4%B8%8E%E4%BC%A0%E6%92%AD%E5%AD%A6%E9%99%A2%EF%BC%89&title=Special:MediaSearch&type=image"
"way/85379557","thu","新水利馆","teaching","4","13.8","red-brick","#8b5a49","#d2c5ab","flat","0","#7e7e67","esri-thu","","","academic","main-entrance","131","estimated","pending-field-check","osm|esri-world-imagery|thu-map|thu-landscape|thu-planning|thu-gallery|thu-commons","https://www.openstreetmap.org/way/85379557","https://commons.wikimedia.org/w/index.php?search=%E6%96%B0%E6%B0%B4%E5%88%A9%E9%A6%86&title=Special:MediaSearch&type=image"
"way/85480382","thu","未命名校园建筑 way/85480382","teaching","4","13.8","gray-brick","#8b8880","#d6d0bf","flat","0","#69694f","esri-thu","","","academic","main-entrance","","estimated","pending-field-check","osm|esri-world-imagery|thu-map|thu-landscape|thu-planning|thu-gallery|thu-commons","https://www.openstreetmap.org/way/85480382","https://commons.wikimedia.org/w/index.php?search=%E6%9C%AA%E5%91%BD%E5%90%8D%E6%A0%A1%E5%9B%AD%E5%BB%BA%E7%AD%91%20way%2F85480382&title=Special:MediaSearch&type=image"
"way/85480383","thu","化学馆新馆（何添楼）","teaching","4","13.8","red-brick","#8b5a49","#d2c5ab","flat","0","#717462","esri-thu","","","academic","main-entrance","132","estimated","pending-field-check","osm|esri-world-imagery|thu-map|thu-landscape|thu-planning|thu-gallery|thu-commons","https://www.openstreetmap.org/way/85480383","https://commons.wikimedia.org/w/index.php?search=%E5%8C%96%E5%AD%A6%E9%A6%86%E6%96%B0%E9%A6%86%EF%BC%88%E4%BD%95%E6%B7%BB%E6%A5%BC%EF%BC%89&title=Special:MediaSearch&type=image"
"way/85553379","thu","微电子所（集成电路学院）","teaching","6","20.7","red-brick","#8b5a49","#d2c5ab","flat","0","#696d5d","esri-thu","","","academic","main-entrance","133","estimated","pending-field-check","osm|esri-world-imagery|thu-map|thu-landscape|thu-planning|thu-gallery|thu-commons","https://www.openstreetmap.org/way/85553379","https://commons.wikimedia.org/w/index.php?search=%E5%BE%AE%E7%94%B5%E5%AD%90%E6%89%80%EF%BC%88%E9%9B%86%E6%88%90%E7%94%B5%E8%B7%AF%E5%AD%A6%E9%99%A2%EF%BC%89&title=Special:MediaSearch&type=image"
"way/85553747","thu","未命名校园建筑 way/85553747","teaching","4","13.8","gray-brick","#8b8880","#d6d0bf","flat","0","#6c6d5d","esri-thu","","","academic","main-entrance","","estimated","pending-field-check","osm|esri-world-imagery|thu-map|thu-landscape|thu-planning|thu-gallery|thu-commons","https://www.openstreetmap.org/way/85553747","https://commons.wikimedia.org/w/index.php?search=%E6%9C%AA%E5%91%BD%E5%90%8D%E6%A0%A1%E5%9B%AD%E5%BB%BA%E7%AD%91%20way%2F85553747&title=Special:MediaSearch&type=image"
"way/85632228","thu","19号楼","dorm","6","20.7","red-brick","#8b5a49","#d2c5ab","flat","0","#3d4c41","esri-thu","","","dormitory","repeated-bays","","estimated","pending-field-check","osm|esri-world-imagery|thu-map|thu-landscape|thu-planning|thu-gallery|thu-commons","https://www.openstreetmap.org/way/85632228","https://commons.wikimedia.org/w/index.php?search=19%E5%8F%B7%E6%A5%BC&title=Special:MediaSearch&type=image"
"way/85632230","thu","29号楼","dorm","6","20.7","red-brick","#8b5a49","#d2c5ab","flat","0","#5e634f","esri-thu","","","dormitory","repeated-bays","","estimated","pending-field-check","osm|esri-world-imagery|thu-map|thu-landscape|thu-planning|thu-gallery|thu-commons","https://www.openstreetmap.org/way/85632230","https://commons.wikimedia.org/w/index.php?search=29%E5%8F%B7%E6%A5%BC&title=Special:MediaSearch&type=image"
"way/85632231","thu","20号楼","dorm","6","20.7","red-brick","#8b5a49","#d2c5ab","flat","0","#3d4c4c","esri-thu","","","dormitory","repeated-bays","","estimated","pending-field-check","osm|esri-world-imagery|thu-map|thu-landscape|thu-planning|thu-gallery|thu-commons","https://www.openstreetmap.org/way/85632231","https://commons.wikimedia.org/w/index.php?search=20%E5%8F%B7%E6%A5%BC&title=Special:MediaSearch&type=image"
"way/85632232","thu","22号楼","dorm","6","20.7","red-brick","#8b5a49","#d2c5ab","flat","0","#4e5b51","esri-thu","","","dormitory","repeated-bays","","estimated","pending-field-check","osm|esri-world-imagery|thu-map|thu-landscape|thu-planning|thu-gallery|thu-commons","https://www.openstreetmap.org/way/85632232","https://commons.wikimedia.org/w/index.php?search=22%E5%8F%B7%E6%A5%BC&title=Special:MediaSearch&type=image"
"way/85632233","thu","21号楼","dorm","6","20.7","red-brick","#8b5a49","#d2c5ab","flat","0","#44514b","esri-thu","","","dormitory","repeated-bays","","estimated","pending-field-check","osm|esri-world-imagery|thu-map|thu-landscape|thu-planning|thu-gallery|thu-commons","https://www.openstreetmap.org/way/85632233","https://commons.wikimedia.org/w/index.php?search=21%E5%8F%B7%E6%A5%BC&title=Special:MediaSearch&type=image"
"way/856849934","thu","古月堂","teaching","4","13.8","gray-brick","#8b8880","#d6d0bf","hipped","0","#424c30","esri-thu","","","academic","main-entrance","","estimated","pending-field-check","osm|esri-world-imagery|thu-map|thu-landscape|thu-planning|thu-gallery|thu-commons","https://www.openstreetmap.org/way/856849934","https://commons.wikimedia.org/w/index.php?search=%E5%8F%A4%E6%9C%88%E5%A0%82&title=Special:MediaSearch&type=image"
"way/866277585","pku","综合科研2号楼","dorm","5","17.3","glass","#7896a2","#a7babd","flat","0","#9f9a88","esri-pku","","","dormitory","repeated-bays","","estimated","pending-field-check","osm|esri-world-imagery|pku-map|pku-visit|pku-photo|pku-commons","https://www.openstreetmap.org/way/866277585","https://commons.wikimedia.org/w/index.php?search=%E7%BB%BC%E5%90%88%E7%A7%91%E7%A0%942%E5%8F%B7%E6%A5%BC&title=Special:MediaSearch&type=image"
"way/866277589","pku","核磁中心","teaching","6","20.7","glass","#7896a2","#a7babd","flat","0","#8d8873","esri-pku","","","academic","main-entrance","","estimated","pending-field-check","osm|esri-world-imagery|pku-map|pku-visit|pku-photo|pku-commons","https://www.openstreetmap.org/way/866277589","https://commons.wikimedia.org/w/index.php?search=%E6%A0%B8%E7%A3%81%E4%B8%AD%E5%BF%83&title=Special:MediaSearch&type=image"
"way/866277593","pku","51号楼","dorm","5","17.3","gray-brick","#8b8880","#d6d0bf","flat","0","#4c4c36","esri-pku","","","dormitory","repeated-bays","","estimated","pending-field-check","osm|esri-world-imagery|pku-map|pku-visit|pku-photo|pku-commons","https://www.openstreetmap.org/way/866277593","https://commons.wikimedia.org/w/index.php?search=51%E5%8F%B7%E6%A5%BC&title=Special:MediaSearch&type=image"
"way/866277594","pku","52号楼","dorm","5","17.3","gray-brick","#8b8880","#d6d0bf","flat","0","#4c4a37","esri-pku","","","dormitory","repeated-bays","","estimated","pending-field-check","osm|esri-world-imagery|pku-map|pku-visit|pku-photo|pku-commons","https://www.openstreetmap.org/way/866277594","https://commons.wikimedia.org/w/index.php?search=52%E5%8F%B7%E6%A5%BC&title=Special:MediaSearch&type=image"
"way/866277595","pku","60号楼","dorm","5","17.3","gray-brick","#8b8880","#d6d0bf","flat","0","#58533f","esri-pku","","","dormitory","repeated-bays","","estimated","pending-field-check","osm|esri-world-imagery|pku-map|pku-visit|pku-photo|pku-commons","https://www.openstreetmap.org/way/866277595","https://commons.wikimedia.org/w/index.php?search=60%E5%8F%B7%E6%A5%BC&title=Special:MediaSearch&type=image"
"way/866277596","pku","未命名校园建筑 way/866277596","teaching","4","13.8","gray-brick","#8b8880","#d6d0bf","flat","0","#68604b","esri-pku","","","academic","main-entrance","","estimated","pending-field-check","osm|esri-world-imagery|pku-map|pku-visit|pku-photo|pku-commons","https://www.openstreetmap.org/way/866277596","https://commons.wikimedia.org/w/index.php?search=%E6%9C%AA%E5%91%BD%E5%90%8D%E6%A0%A1%E5%9B%AD%E5%BB%BA%E7%AD%91%20way%2F866277596&title=Special:MediaSearch&type=image"
"way/866277597","pku","59号楼","dorm","5","17.3","gray-brick","#8b8880","#d6d0bf","flat","0","#494c38","esri-pku","","","dormitory","repeated-bays","","estimated","pending-field-check","osm|esri-world-imagery|pku-map|pku-visit|pku-photo|pku-commons","https://www.openstreetmap.org/way/866277597","https://commons.wikimedia.org/w/index.php?search=59%E5%8F%B7%E6%A5%BC&title=Special:MediaSearch&type=image"
"way/866277598","pku","53号楼","dorm","5","17.3","gray-brick","#8b8880","#d6d0bf","flat","0","#a7a194","esri-pku","","","dormitory","repeated-bays","","estimated","pending-field-check","osm|esri-world-imagery|pku-map|pku-visit|pku-photo|pku-commons","https://www.openstreetmap.org/way/866277598","https://commons.wikimedia.org/w/index.php?search=53%E5%8F%B7%E6%A5%BC&title=Special:MediaSearch&type=image"
"way/866277599","pku","54号楼","dorm","5","17.3","gray-brick","#8b8880","#d6d0bf","flat","0","#594633","esri-pku","","","dormitory","repeated-bays","","estimated","pending-field-check","osm|esri-world-imagery|pku-map|pku-visit|pku-photo|pku-commons","https://www.openstreetmap.org/way/866277599","https://commons.wikimedia.org/w/index.php?search=54%E5%8F%B7%E6%A5%BC&title=Special:MediaSearch&type=image"
"way/866277600","pku","56号楼","dorm","5","17.3","gray-brick","#8b8880","#d6d0bf","flat","0","#464c41","esri-pku","","","dormitory","repeated-bays","","estimated","pending-field-check","osm|esri-world-imagery|pku-map|pku-visit|pku-photo|pku-commons","https://www.openstreetmap.org/way/866277600","https://commons.wikimedia.org/w/index.php?search=56%E5%8F%B7%E6%A5%BC&title=Special:MediaSearch&type=image"
"way/866277604","pku","62号楼","dorm","5","17.3","gray-brick","#8b8880","#d6d0bf","flat","0","#5f5841","esri-pku","","","dormitory","repeated-bays","","estimated","pending-field-check","osm|esri-world-imagery|pku-map|pku-visit|pku-photo|pku-commons","https://www.openstreetmap.org/way/866277604","https://commons.wikimedia.org/w/index.php?search=62%E5%8F%B7%E6%A5%BC&title=Special:MediaSearch&type=image"
"way/866277605","pku","61号楼","dorm","5","17.3","gray-brick","#8b8880","#d6d0bf","flat","0","#494c3c","esri-pku","","","dormitory","repeated-bays","","estimated","pending-field-check","osm|esri-world-imagery|pku-map|pku-visit|pku-photo|pku-commons","https://www.openstreetmap.org/way/866277605","https://commons.wikimedia.org/w/index.php?search=61%E5%8F%B7%E6%A5%BC&title=Special:MediaSearch&type=image"
"way/866277606","pku","未命名校园建筑 way/866277606","teaching","4","13.8","gray-brick","#8b8880","#d6d0bf","flat","0","#454d39","esri-pku","","","academic","main-entrance","","estimated","pending-field-check","osm|esri-world-imagery|pku-map|pku-visit|pku-photo|pku-commons","https://www.openstreetmap.org/way/866277606","https://commons.wikimedia.org/w/index.php?search=%E6%9C%AA%E5%91%BD%E5%90%8D%E6%A0%A1%E5%9B%AD%E5%BB%BA%E7%AD%91%20way%2F866277606&title=Special:MediaSearch&type=image"
"way/866277607","pku","50号楼","dorm","5","17.3","gray-brick","#8b8880","#d6d0bf","flat","0","#565b4d","esri-pku","","","dormitory","repeated-bays","","estimated","pending-field-check","osm|esri-world-imagery|pku-map|pku-visit|pku-photo|pku-commons","https://www.openstreetmap.org/way/866277607","https://commons.wikimedia.org/w/index.php?search=50%E5%8F%B7%E6%A5%BC&title=Special:MediaSearch&type=image"
"way/873446760","pku","朗润园12号楼","dorm","5","17.3","gray-brick","#8b8880","#d6d0bf","flat","0","#999a88","esri-pku","","","dormitory","repeated-bays","","estimated","pending-field-check","osm|esri-world-imagery|pku-map|pku-visit|pku-photo|pku-commons","https://www.openstreetmap.org/way/873446760","https://commons.wikimedia.org/w/index.php?search=%E6%9C%97%E6%B6%A6%E5%9B%AD12%E5%8F%B7%E6%A5%BC&title=Special:MediaSearch&type=image"
"way/873446761","pku","朗润园11号楼","dorm","5","17.3","gray-brick","#8b8880","#d6d0bf","flat","0","#c2bba5","esri-pku","","","dormitory","repeated-bays","","estimated","pending-field-check","osm|esri-world-imagery|pku-map|pku-visit|pku-photo|pku-commons","https://www.openstreetmap.org/way/873446761","https://commons.wikimedia.org/w/index.php?search=%E6%9C%97%E6%B6%A6%E5%9B%AD11%E5%8F%B7%E6%A5%BC&title=Special:MediaSearch&type=image"
"way/873446762","pku","朗润园10号楼","dorm","5","17.3","gray-brick","#8b8880","#d6d0bf","flat","0","#bfb8a1","esri-pku","","","dormitory","repeated-bays","","estimated","pending-field-check","osm|esri-world-imagery|pku-map|pku-visit|pku-photo|pku-commons","https://www.openstreetmap.org/way/873446762","https://commons.wikimedia.org/w/index.php?search=%E6%9C%97%E6%B6%A6%E5%9B%AD10%E5%8F%B7%E6%A5%BC&title=Special:MediaSearch&type=image"
"way/873446763","pku","朗润园9号楼","dorm","5","17.3","gray-brick","#8b8880","#d6d0bf","flat","0","#c2baa4","esri-pku","","","dormitory","repeated-bays","","estimated","pending-field-check","osm|esri-world-imagery|pku-map|pku-visit|pku-photo|pku-commons","https://www.openstreetmap.org/way/873446763","https://commons.wikimedia.org/w/index.php?search=%E6%9C%97%E6%B6%A6%E5%9B%AD9%E5%8F%B7%E6%A5%BC&title=Special:MediaSearch&type=image"
"way/873446764","pku","朗润园8号楼","dorm","5","17.3","gray-brick","#8b8880","#d6d0bf","flat","0","#9b9a83","esri-pku","","","dormitory","repeated-bays","","estimated","pending-field-check","osm|esri-world-imagery|pku-map|pku-visit|pku-photo|pku-commons","https://www.openstreetmap.org/way/873446764","https://commons.wikimedia.org/w/index.php?search=%E6%9C%97%E6%B6%A6%E5%9B%AD8%E5%8F%B7%E6%A5%BC&title=Special:MediaSearch&type=image"
"way/873446769","pku","朗润园13号楼","dorm","5","17.3","gray-brick","#8b8880","#d6d0bf","flat","0","#7a7765","esri-pku","","","dormitory","repeated-bays","","estimated","pending-field-check","osm|esri-world-imagery|pku-map|pku-visit|pku-photo|pku-commons","https://www.openstreetmap.org/way/873446769","https://commons.wikimedia.org/w/index.php?search=%E6%9C%97%E6%B6%A6%E5%9B%AD13%E5%8F%B7%E6%A5%BC&title=Special:MediaSearch&type=image"
"way/876428136","pku","科维理天文与天体物理研究所","teaching","3","10.4","stone","#b1aa98","#d6d0bf","flat","0","#656955","esri-pku","","","academic","main-entrance","","osm","verified-osm","osm|esri-world-imagery|pku-map|pku-visit|pku-photo|pku-commons","https://www.openstreetmap.org/way/876428136","https://commons.wikimedia.org/w/index.php?search=%E7%A7%91%E7%BB%B4%E7%90%86%E5%A4%A9%E6%96%87%E4%B8%8E%E5%A4%A9%E4%BD%93%E7%89%A9%E7%90%86%E7%A0%94%E7%A9%B6%E6%89%80&title=Special:MediaSearch&type=image"
"way/880624095","pku","未命名校园建筑 way/880624095","teaching","4","13.8","gray-brick","#8b8880","#d6d0bf","flat","0","#878576","esri-pku","","","academic","main-entrance","","estimated","pending-field-check","osm|esri-world-imagery|pku-map|pku-visit|pku-photo|pku-commons","https://www.openstreetmap.org/way/880624095","https://commons.wikimedia.org/w/index.php?search=%E6%9C%AA%E5%91%BD%E5%90%8D%E6%A0%A1%E5%9B%AD%E5%BB%BA%E7%AD%91%20way%2F880624095&title=Special:MediaSearch&type=image"
"way/880624096","pku","未命名校园建筑 way/880624096","teaching","4","13.8","gray-brick","#8b8880","#d6d0bf","flat","0","#6b674f","esri-pku","","","academic","main-entrance","","estimated","pending-field-check","osm|esri-world-imagery|pku-map|pku-visit|pku-photo|pku-commons","https://www.openstreetmap.org/way/880624096","https://commons.wikimedia.org/w/index.php?search=%E6%9C%AA%E5%91%BD%E5%90%8D%E6%A0%A1%E5%9B%AD%E5%BB%BA%E7%AD%91%20way%2F880624096&title=Special:MediaSearch&type=image"
"way/880624097","pku","未命名校园建筑 way/880624097","teaching","4","13.8","gray-brick","#8b8880","#d6d0bf","flat","0","#606455","esri-pku","","","academic","main-entrance","","estimated","pending-field-check","osm|esri-world-imagery|pku-map|pku-visit|pku-photo|pku-commons","https://www.openstreetmap.org/way/880624097","https://commons.wikimedia.org/w/index.php?search=%E6%9C%AA%E5%91%BD%E5%90%8D%E6%A0%A1%E5%9B%AD%E5%BB%BA%E7%AD%91%20way%2F880624097&title=Special:MediaSearch&type=image"
"way/915703010","thu","汽车碰撞实验室","teaching","4","13.8","red-brick","#8b5a49","#d2c5ab","flat","0","#5d624f","esri-thu","","","academic","main-entrance","","estimated","pending-field-check","osm|esri-world-imagery|thu-map|thu-landscape|thu-planning|thu-gallery|thu-commons","https://www.openstreetmap.org/way/915703010","https://commons.wikimedia.org/w/index.php?search=%E6%B1%BD%E8%BD%A6%E7%A2%B0%E6%92%9E%E5%AE%9E%E9%AA%8C%E5%AE%A4&title=Special:MediaSearch&type=image"
"way/915703011","thu","未命名校园建筑 way/915703011","teaching","4","13.8","gray-brick","#8b8880","#d6d0bf","flat","0","#6d7463","esri-thu","","","academic","main-entrance","","estimated","pending-field-check","osm|esri-world-imagery|thu-map|thu-landscape|thu-planning|thu-gallery|thu-commons","https://www.openstreetmap.org/way/915703011","https://commons.wikimedia.org/w/index.php?search=%E6%9C%AA%E5%91%BD%E5%90%8D%E6%A0%A1%E5%9B%AD%E5%BB%BA%E7%AD%91%20way%2F915703011&title=Special:MediaSearch&type=image"
"way/915703012","thu","化学工程实验楼","teaching","4","13.8","red-brick","#8b5a49","#d2c5ab","flat","0","#5b5f52","esri-thu","","","academic","main-entrance","","estimated","pending-field-check","osm|esri-world-imagery|thu-map|thu-landscape|thu-planning|thu-gallery|thu-commons","https://www.openstreetmap.org/way/915703012","https://commons.wikimedia.org/w/index.php?search=%E5%8C%96%E5%AD%A6%E5%B7%A5%E7%A8%8B%E5%AE%9E%E9%AA%8C%E6%A5%BC&title=Special:MediaSearch&type=image"
"way/915703013","thu","工程力学系","teaching","4","13.8","red-brick","#8b5a49","#d2c5ab","flat","0","#70745e","esri-thu","","","academic","main-entrance","","estimated","pending-field-check","osm|esri-world-imagery|thu-map|thu-landscape|thu-planning|thu-gallery|thu-commons","https://www.openstreetmap.org/way/915703013","https://commons.wikimedia.org/w/index.php?search=%E5%B7%A5%E7%A8%8B%E5%8A%9B%E5%AD%A6%E7%B3%BB&title=Special:MediaSearch&type=image"
"way/915703014","thu","流体力学实验室","teaching","4","13.8","red-brick","#8b5a49","#d2c5ab","flat","0","#4d5040","esri-thu","","","academic","main-entrance","","estimated","pending-field-check","osm|esri-world-imagery|thu-map|thu-landscape|thu-planning|thu-gallery|thu-commons","https://www.openstreetmap.org/way/915703014","https://commons.wikimedia.org/w/index.php?search=%E6%B5%81%E4%BD%93%E5%8A%9B%E5%AD%A6%E5%AE%9E%E9%AA%8C%E5%AE%A4&title=Special:MediaSearch&type=image"
"way/915703015","thu","加速器实验室","teaching","4","13.8","red-brick","#8b5a49","#d2c5ab","flat","0","#797b6a","esri-thu","","","academic","main-entrance","","estimated","pending-field-check","osm|esri-world-imagery|thu-map|thu-landscape|thu-planning|thu-gallery|thu-commons","https://www.openstreetmap.org/way/915703015","https://commons.wikimedia.org/w/index.php?search=%E5%8A%A0%E9%80%9F%E5%99%A8%E5%AE%9E%E9%AA%8C%E5%AE%A4&title=Special:MediaSearch&type=image"
"way/915703016","thu","余维薇楼","teaching","4","13.8","red-brick","#8b5a49","#d2c5ab","flat","0","#535544","esri-thu","","","academic","main-entrance","","estimated","pending-field-check","osm|esri-world-imagery|thu-map|thu-landscape|thu-planning|thu-gallery|thu-commons","https://www.openstreetmap.org/way/915703016","https://commons.wikimedia.org/w/index.php?search=%E4%BD%99%E7%BB%B4%E8%96%87%E6%A5%BC&title=Special:MediaSearch&type=image"
"way/915703017","thu","未命名校园建筑 way/915703017","teaching","4","13.8","gray-brick","#8b8880","#d6d0bf","flat","0","#969178","esri-thu","","","academic","main-entrance","","estimated","pending-field-check","osm|esri-world-imagery|thu-map|thu-landscape|thu-planning|thu-gallery|thu-commons","https://www.openstreetmap.org/way/915703017","https://commons.wikimedia.org/w/index.php?search=%E6%9C%AA%E5%91%BD%E5%90%8D%E6%A0%A1%E5%9B%AD%E5%BB%BA%E7%AD%91%20way%2F915703017&title=Special:MediaSearch&type=image"
"way/915703018","thu","未命名校园建筑 way/915703018","teaching","4","13.8","gray-brick","#8b8880","#d6d0bf","flat","0","#8a8670","esri-thu","","","academic","main-entrance","","estimated","pending-field-check","osm|esri-world-imagery|thu-map|thu-landscape|thu-planning|thu-gallery|thu-commons","https://www.openstreetmap.org/way/915703018","https://commons.wikimedia.org/w/index.php?search=%E6%9C%AA%E5%91%BD%E5%90%8D%E6%A0%A1%E5%9B%AD%E5%BB%BA%E7%AD%91%20way%2F915703018&title=Special:MediaSearch&type=image"
"way/915703019","thu","面包坊","teaching","4","13.8","red-brick","#8b5a49","#d2c5ab","flat","0","#636451","esri-thu","","","academic","main-entrance","","estimated","pending-field-check","osm|esri-world-imagery|thu-map|thu-landscape|thu-planning|thu-gallery|thu-commons","https://www.openstreetmap.org/way/915703019","https://commons.wikimedia.org/w/index.php?search=%E9%9D%A2%E5%8C%85%E5%9D%8A&title=Special:MediaSearch&type=image"
"way/915703020","thu","西46楼","dorm","6","20.7","red-brick","#8b5a49","#d2c5ab","flat","0","#565a4a","esri-thu","","","dormitory","repeated-bays","","estimated","pending-field-check","osm|esri-world-imagery|thu-map|thu-landscape|thu-planning|thu-gallery|thu-commons","https://www.openstreetmap.org/way/915703020","https://commons.wikimedia.org/w/index.php?search=%E8%A5%BF46%E6%A5%BC&title=Special:MediaSearch&type=image"
"way/915703021","thu","西47楼","dorm","6","20.7","red-brick","#8b5a49","#d2c5ab","flat","0","#5b6553","esri-thu","","","dormitory","repeated-bays","","estimated","pending-field-check","osm|esri-world-imagery|thu-map|thu-landscape|thu-planning|thu-gallery|thu-commons","https://www.openstreetmap.org/way/915703021","https://commons.wikimedia.org/w/index.php?search=%E8%A5%BF47%E6%A5%BC&title=Special:MediaSearch&type=image"
"way/915707510","thu","十四宿舍","dorm","6","20.7","red-brick","#8b5a49","#d2c5ab","flat","0","#7b775b","esri-thu","","","dormitory","repeated-bays","","estimated","pending-field-check","osm|esri-world-imagery|thu-map|thu-landscape|thu-planning|thu-gallery|thu-commons","https://www.openstreetmap.org/way/915707510","https://commons.wikimedia.org/w/index.php?search=%E5%8D%81%E5%9B%9B%E5%AE%BF%E8%88%8D&title=Special:MediaSearch&type=image"
"way/915707511","thu","十八宿舍","dorm","6","20.7","red-brick","#8b5a49","#d2c5ab","flat","0","#6b6a57","esri-thu","","","dormitory","repeated-bays","","estimated","pending-field-check","osm|esri-world-imagery|thu-map|thu-landscape|thu-planning|thu-gallery|thu-commons","https://www.openstreetmap.org/way/915707511","https://commons.wikimedia.org/w/index.php?search=%E5%8D%81%E5%85%AB%E5%AE%BF%E8%88%8D&title=Special:MediaSearch&type=image"
"way/915707512","thu","清华附中国际部","teaching","4","13.8","red-brick","#8b5a49","#d2c5ab","flat","0","#bdbcad","esri-thu","","","academic","main-entrance","","estimated","pending-field-check","osm|esri-world-imagery|thu-map|thu-landscape|thu-planning|thu-gallery|thu-commons","https://www.openstreetmap.org/way/915707512","https://commons.wikimedia.org/w/index.php?search=%E6%B8%85%E5%8D%8E%E9%99%84%E4%B8%AD%E5%9B%BD%E9%99%85%E9%83%A8&title=Special:MediaSearch&type=image"
"way/915707513","thu","北区浴室","teaching","4","13.8","red-brick","#8b5a49","#d2c5ab","flat","0","#6d7060","esri-thu","","","academic","main-entrance","","estimated","pending-field-check","osm|esri-world-imagery|thu-map|thu-landscape|thu-planning|thu-gallery|thu-commons","https://www.openstreetmap.org/way/915707513","https://commons.wikimedia.org/w/index.php?search=%E5%8C%97%E5%8C%BA%E6%B5%B4%E5%AE%A4&title=Special:MediaSearch&type=image"
"way/916062407","thu","家园","teaching","4","13.8","gray-brick","#8b8880","#d6d0bf","flat","0","#7d7b6a","esri-thu","","","academic","main-entrance","","estimated","pending-field-check","osm|esri-world-imagery|thu-map|thu-landscape|thu-planning|thu-gallery|thu-commons","https://www.openstreetmap.org/way/916062407","https://commons.wikimedia.org/w/index.php?search=%E5%AE%B6%E5%9B%AD&title=Special:MediaSearch&type=image"
"way/937482182","thu","清华大学经济管理学院","teaching","6","20.7","red-brick","#8b5a49","#d2c5ab","flat","0","#b0b0a0","esri-thu","","","academic","main-entrance","","estimated","pending-field-check","osm|esri-world-imagery|thu-map|thu-landscape|thu-planning|thu-gallery|thu-commons","https://www.openstreetmap.org/way/937482182","https://commons.wikimedia.org/w/index.php?search=%E6%B8%85%E5%8D%8E%E5%A4%A7%E5%AD%A6%E7%BB%8F%E6%B5%8E%E7%AE%A1%E7%90%86%E5%AD%A6%E9%99%A2&title=Special:MediaSearch&type=image"
"way/937833947","thu","甲所餐厅","dining","3","12.6","red-brick","#8b5a49","#d2c5ab","flat","0","#566151","esri-thu","","","dining-hall","entrance-canopy","","estimated","pending-field-check","osm|esri-world-imagery|thu-map|thu-landscape|thu-planning|thu-gallery|thu-commons","https://www.openstreetmap.org/way/937833947","https://commons.wikimedia.org/w/index.php?search=%E7%94%B2%E6%89%80%E9%A4%90%E5%8E%85&title=Special:MediaSearch&type=image"
"way/937833948","thu","丙所","teaching","4","13.8","red-brick","#8b5a49","#d2c5ab","flat","0","#565646","esri-thu","","","academic","main-entrance","","estimated","pending-field-check","osm|esri-world-imagery|thu-map|thu-landscape|thu-planning|thu-gallery|thu-commons","https://www.openstreetmap.org/way/937833948","https://commons.wikimedia.org/w/index.php?search=%E4%B8%99%E6%89%80&title=Special:MediaSearch&type=image"
"way/937833949","thu","后勤综合服务平台","teaching","4","13.8","glass","#7896a2","#a7babd","flat","0","#606751","esri-thu","","","academic","main-entrance","","estimated","pending-field-check","osm|esri-world-imagery|thu-map|thu-landscape|thu-planning|thu-gallery|thu-commons","https://www.openstreetmap.org/way/937833949","https://commons.wikimedia.org/w/index.php?search=%E5%90%8E%E5%8B%A4%E7%BB%BC%E5%90%88%E6%9C%8D%E5%8A%A1%E5%B9%B3%E5%8F%B0&title=Special:MediaSearch&type=image"
"way/937833950","thu","清华大学教育工会","teaching","4","13.8","red-brick","#8b5a49","#d2c5ab","flat","0","#7b7b63","esri-thu","","","academic","main-entrance","","estimated","pending-field-check","osm|esri-world-imagery|thu-map|thu-landscape|thu-planning|thu-gallery|thu-commons","https://www.openstreetmap.org/way/937833950","https://commons.wikimedia.org/w/index.php?search=%E6%B8%85%E5%8D%8E%E5%A4%A7%E5%AD%A6%E6%95%99%E8%82%B2%E5%B7%A5%E4%BC%9A&title=Special:MediaSearch&type=image"
"way/937833951","thu","本科招生办公室","teaching","4","13.8","red-brick","#8b5a49","#d2c5ab","flat","0","#5d5b46","esri-thu","","","academic","main-entrance","","estimated","pending-field-check","osm|esri-world-imagery|thu-map|thu-landscape|thu-planning|thu-gallery|thu-commons","https://www.openstreetmap.org/way/937833951","https://commons.wikimedia.org/w/index.php?search=%E6%9C%AC%E7%A7%91%E6%8B%9B%E7%94%9F%E5%8A%9E%E5%85%AC%E5%AE%A4&title=Special:MediaSearch&type=image"
"way/937833952","thu","研究生招生办公室","teaching","4","13.8","red-brick","#8b5a49","#d2c5ab","flat","0","#4a4c3c","esri-thu","","","academic","main-entrance","","estimated","pending-field-check","osm|esri-world-imagery|thu-map|thu-landscape|thu-planning|thu-gallery|thu-commons","https://www.openstreetmap.org/way/937833952","https://commons.wikimedia.org/w/index.php?search=%E7%A0%94%E7%A9%B6%E7%94%9F%E6%8B%9B%E7%94%9F%E5%8A%9E%E5%85%AC%E5%AE%A4&title=Special:MediaSearch&type=image"
"way/937833953","thu","动力机械与工程研究所","teaching","4","13.8","red-brick","#8b5a49","#d2c5ab","flat","0","#585b49","esri-thu","","","academic","main-entrance","","estimated","pending-field-check","osm|esri-world-imagery|thu-map|thu-landscape|thu-planning|thu-gallery|thu-commons","https://www.openstreetmap.org/way/937833953","https://commons.wikimedia.org/w/index.php?search=%E5%8A%A8%E5%8A%9B%E6%9C%BA%E6%A2%B0%E4%B8%8E%E5%B7%A5%E7%A8%8B%E7%A0%94%E7%A9%B6%E6%89%80&title=Special:MediaSearch&type=image"
"way/937833954","thu","未命名校园建筑 way/937833954","teaching","4","13.8","gray-brick","#8b8880","#d6d0bf","flat","0","#948e73","esri-thu","","","academic","main-entrance","","estimated","pending-field-check","osm|esri-world-imagery|thu-map|thu-landscape|thu-planning|thu-gallery|thu-commons","https://www.openstreetmap.org/way/937833954","https://commons.wikimedia.org/w/index.php?search=%E6%9C%AA%E5%91%BD%E5%90%8D%E6%A0%A1%E5%9B%AD%E5%BB%BA%E7%AD%91%20way%2F937833954&title=Special:MediaSearch&type=image"
"way/937833955","thu","地下粮库","teaching","4","13.8","red-brick","#8b5a49","#d2c5ab","flat","0","#907f6a","esri-thu","","","academic","main-entrance","","estimated","pending-field-check","osm|esri-world-imagery|thu-map|thu-landscape|thu-planning|thu-gallery|thu-commons","https://www.openstreetmap.org/way/937833955","https://commons.wikimedia.org/w/index.php?search=%E5%9C%B0%E4%B8%8B%E7%B2%AE%E5%BA%93&title=Special:MediaSearch&type=image"
"way/937969592","thu","食品加工中心","teaching","6","20.7","glass","#7896a2","#a7babd","flat","0","#96998a","esri-thu","","","academic","main-entrance","","estimated","pending-field-check","osm|esri-world-imagery|thu-map|thu-landscape|thu-planning|thu-gallery|thu-commons","https://www.openstreetmap.org/way/937969592","https://commons.wikimedia.org/w/index.php?search=%E9%A3%9F%E5%93%81%E5%8A%A0%E5%B7%A5%E4%B8%AD%E5%BF%83&title=Special:MediaSearch&type=image"
"way/939378516","pku","未命名校园建筑 way/939378516","teaching","4","13.8","gray-brick","#8b8880","#d6d0bf","flat","0","#696b56","esri-pku","","","academic","main-entrance","","estimated","pending-field-check","osm|esri-world-imagery|pku-map|pku-visit|pku-photo|pku-commons","https://www.openstreetmap.org/way/939378516","https://commons.wikimedia.org/w/index.php?search=%E6%9C%AA%E5%91%BD%E5%90%8D%E6%A0%A1%E5%9B%AD%E5%BB%BA%E7%AD%91%20way%2F939378516&title=Special:MediaSearch&type=image"
"way/939378517","pku","哲学系（宗教学系）","teaching","4","13.8","stone","#b1aa98","#d6d0bf","flat","0","#686956","esri-pku","","","academic","main-entrance","","estimated","pending-field-check","osm|esri-world-imagery|pku-map|pku-visit|pku-photo|pku-commons","https://www.openstreetmap.org/way/939378517","https://commons.wikimedia.org/w/index.php?search=%E5%93%B2%E5%AD%A6%E7%B3%BB%EF%BC%88%E5%AE%97%E6%95%99%E5%AD%A6%E7%B3%BB%EF%BC%89&title=Special:MediaSearch&type=image"
"way/939378518","pku","未命名校园建筑 way/939378518","teaching","4","13.8","gray-brick","#8b8880","#d6d0bf","flat","0","#afab8f","esri-pku","","","academic","main-entrance","","estimated","pending-field-check","osm|esri-world-imagery|pku-map|pku-visit|pku-photo|pku-commons","https://www.openstreetmap.org/way/939378518","https://commons.wikimedia.org/w/index.php?search=%E6%9C%AA%E5%91%BD%E5%90%8D%E6%A0%A1%E5%9B%AD%E5%BB%BA%E7%AD%91%20way%2F939378518&title=Special:MediaSearch&type=image"
"way/939378519","pku","中国语言文学系","teaching","4","13.8","stone","#b1aa98","#d6d0bf","flat","0","#676a54","esri-pku","","","academic","main-entrance","","estimated","pending-field-check","osm|esri-world-imagery|pku-map|pku-visit|pku-photo|pku-commons","https://www.openstreetmap.org/way/939378519","https://commons.wikimedia.org/w/index.php?search=%E4%B8%AD%E5%9B%BD%E8%AF%AD%E8%A8%80%E6%96%87%E5%AD%A6%E7%B3%BB&title=Special:MediaSearch&type=image"
"way/945068569","thu","西南12","teaching","4","13.8","red-brick","#8b5a49","#d2c5ab","flat","0","#727560","esri-thu","","","academic","main-entrance","","estimated","pending-field-check","osm|esri-world-imagery|thu-map|thu-landscape|thu-planning|thu-gallery|thu-commons","https://www.openstreetmap.org/way/945068569","https://commons.wikimedia.org/w/index.php?search=%E8%A5%BF%E5%8D%9712&title=Special:MediaSearch&type=image"
"way/986745060","pku","未命名校园建筑 way/986745060","teaching","4","13.8","gray-brick","#8b8880","#d6d0bf","flat","0","#aea88f","esri-pku","","","academic","main-entrance","","estimated","pending-field-check","osm|esri-world-imagery|pku-map|pku-visit|pku-photo|pku-commons","https://www.openstreetmap.org/way/986745060","https://commons.wikimedia.org/w/index.php?search=%E6%9C%AA%E5%91%BD%E5%90%8D%E6%A0%A1%E5%9B%AD%E5%BB%BA%E7%AD%91%20way%2F986745060&title=Special:MediaSearch&type=image"
"way/986745061","pku","未命名校园建筑 way/986745061","teaching","4","13.8","gray-brick","#8b8880","#d6d0bf","flat","0","#a19e8e","esri-pku","","","academic","main-entrance","","estimated","pending-field-check","osm|esri-world-imagery|pku-map|pku-visit|pku-photo|pku-commons","https://www.openstreetmap.org/way/986745061","https://commons.wikimedia.org/w/index.php?search=%E6%9C%AA%E5%91%BD%E5%90%8D%E6%A0%A1%E5%9B%AD%E5%BB%BA%E7%AD%91%20way%2F986745061&title=Special:MediaSearch&type=image"
"way/986745062","pku","历史学系","teaching","4","13.8","stone","#b1aa98","#d6d0bf","flat","0","#777966","esri-pku","","","academic","main-entrance","","estimated","pending-field-check","osm|esri-world-imagery|pku-map|pku-visit|pku-photo|pku-commons","https://www.openstreetmap.org/way/986745062","https://commons.wikimedia.org/w/index.php?search=%E5%8E%86%E5%8F%B2%E5%AD%A6%E7%B3%BB&title=Special:MediaSearch&type=image"
"way/986745063","pku","未命名校园建筑 way/986745063","teaching","4","13.8","gray-brick","#8b8880","#d6d0bf","flat","0","#a8a38c","esri-pku","","","academic","main-entrance","","estimated","pending-field-check","osm|esri-world-imagery|pku-map|pku-visit|pku-photo|pku-commons","https://www.openstreetmap.org/way/986745063","https://commons.wikimedia.org/w/index.php?search=%E6%9C%AA%E5%91%BD%E5%90%8D%E6%A0%A1%E5%9B%AD%E5%BB%BA%E7%AD%91%20way%2F986745063&title=Special:MediaSearch&type=image"
"way/986745064","pku","李兆基人文学苑","teaching","4","13.8","stone","#b1aa98","#d6d0bf","flat","0","#a4a18e","esri-pku","","","academic","main-entrance","12","estimated","pending-field-check","osm|esri-world-imagery|pku-map|pku-visit|pku-photo|pku-commons","https://www.openstreetmap.org/way/986745064","https://commons.wikimedia.org/w/index.php?search=%E6%9D%8E%E5%85%86%E5%9F%BA%E4%BA%BA%E6%96%87%E5%AD%A6%E8%8B%91&title=Special:MediaSearch&type=image"
"way/986745065","pku","李兆基人文学苑","teaching","4","13.8","stone","#b1aa98","#d6d0bf","flat","0","#646755","esri-pku","","","academic","main-entrance","","estimated","pending-field-check","osm|esri-world-imagery|pku-map|pku-visit|pku-photo|pku-commons","https://www.openstreetmap.org/way/986745065","https://commons.wikimedia.org/w/index.php?search=%E6%9D%8E%E5%85%86%E5%9F%BA%E4%BA%BA%E6%96%87%E5%AD%A6%E8%8B%91&title=Special:MediaSearch&type=image"
"way/986745066","pku","李兆基人文学苑","teaching","4","13.8","stone","#b1aa98","#d6d0bf","flat","0","#a39f89","esri-pku","","","academic","main-entrance","","estimated","pending-field-check","osm|esri-world-imagery|pku-map|pku-visit|pku-photo|pku-commons","https://www.openstreetmap.org/way/986745066","https://commons.wikimedia.org/w/index.php?search=%E6%9D%8E%E5%85%86%E5%9F%BA%E4%BA%BA%E6%96%87%E5%AD%A6%E8%8B%91&title=Special:MediaSearch&type=image"
"way/986745067","pku","未命名校园建筑 way/986745067","teaching","4","13.8","gray-brick","#8b8880","#d6d0bf","flat","0","#686757","esri-pku","","","academic","main-entrance","","estimated","pending-field-check","osm|esri-world-imagery|pku-map|pku-visit|pku-photo|pku-commons","https://www.openstreetmap.org/way/986745067","https://commons.wikimedia.org/w/index.php?search=%E6%9C%AA%E5%91%BD%E5%90%8D%E6%A0%A1%E5%9B%AD%E5%BB%BA%E7%AD%91%20way%2F986745067&title=Special:MediaSearch&type=image"
"way/986745068","pku","未命名校园建筑 way/986745068","teaching","4","13.8","gray-brick","#8b8880","#d6d0bf","flat","0","#b6b095","esri-pku","","","academic","main-entrance","","estimated","pending-field-check","osm|esri-world-imagery|pku-map|pku-visit|pku-photo|pku-commons","https://www.openstreetmap.org/way/986745068","https://commons.wikimedia.org/w/index.php?search=%E6%9C%AA%E5%91%BD%E5%90%8D%E6%A0%A1%E5%9B%AD%E5%BB%BA%E7%AD%91%20way%2F986745068&title=Special:MediaSearch&type=image"
"way/986745069","pku","燕园46楼","dorm","5","17.3","gray-brick","#8b8880","#d6d0bf","flat","0","#626859","esri-pku","","","dormitory","repeated-bays","83","estimated","pending-field-check","osm|esri-world-imagery|pku-map|pku-visit|pku-photo|pku-commons","https://www.openstreetmap.org/way/986745069","https://commons.wikimedia.org/w/index.php?search=%E7%87%95%E5%9B%AD46%E6%A5%BC&title=Special:MediaSearch&type=image"
"way/986745070","pku","燕园47楼","dorm","5","17.3","gray-brick","#8b8880","#d6d0bf","flat","0","#60675a","esri-pku","","","dormitory","repeated-bays","69","estimated","pending-field-check","osm|esri-world-imagery|pku-map|pku-visit|pku-photo|pku-commons","https://www.openstreetmap.org/way/986745070","https://commons.wikimedia.org/w/index.php?search=%E7%87%95%E5%9B%AD47%E6%A5%BC&title=Special:MediaSearch&type=image"
"way/986745071","pku","燕园48楼","dorm","5","17.3","gray-brick","#8b8880","#d6d0bf","flat","0","#666c5d","esri-pku","","","dormitory","repeated-bays","70","estimated","pending-field-check","osm|esri-world-imagery|pku-map|pku-visit|pku-photo|pku-commons","https://www.openstreetmap.org/way/986745071","https://commons.wikimedia.org/w/index.php?search=%E7%87%95%E5%9B%AD48%E6%A5%BC&title=Special:MediaSearch&type=image"
"way/988601892","pku","未命名校园建筑 way/988601892","teaching","4","13.8","gray-brick","#8b8880","#d6d0bf","flat","0","#7f8680","esri-pku","","","academic","main-entrance","","estimated","pending-field-check","osm|esri-world-imagery|pku-map|pku-visit|pku-photo|pku-commons","https://www.openstreetmap.org/way/988601892","https://commons.wikimedia.org/w/index.php?search=%E6%9C%AA%E5%91%BD%E5%90%8D%E6%A0%A1%E5%9B%AD%E5%BB%BA%E7%AD%91%20way%2F988601892&title=Special:MediaSearch&type=image"
"way/988601893","pku","未命名校园建筑 way/988601893","teaching","4","13.8","gray-brick","#8b8880","#d6d0bf","flat","0","#1d484c","esri-pku","","","academic","main-entrance","","estimated","pending-field-check","osm|esri-world-imagery|pku-map|pku-visit|pku-photo|pku-commons","https://www.openstreetmap.org/way/988601893","https://commons.wikimedia.org/w/index.php?search=%E6%9C%AA%E5%91%BD%E5%90%8D%E6%A0%A1%E5%9B%AD%E5%BB%BA%E7%AD%91%20way%2F988601893&title=Special:MediaSearch&type=image"
